customer_id,segment,age,gender,state,occupation,registration_date,annual_income
C00001,retail,24,M,Hidalgo,Teacher,2024-07-18 15:37:41.417566816,533699.4237223046
C00002,SME,28,M,Colima,Business Owner,2021-03-16 15:35:18.337963004,908043.3978855272
C00003,retail,46,M,Quintana Roo,Accountant,2024-11-16 01:03:41.170917616,1044205.2530566233
C00004,retail,27,M,Puebla,Freelancer,2022-03-12 12:34:21.835015382,336918.8611854597
C00005,retail,55,F,Sonora,Government Employee,2024-11-10 04:05:54.511634800,449356.4806981679
C00006,retail,41,F,Baja California,Engineer,2024-09-20 16:13:48.729433029,609757.5076910022
C00007,retail,43,F,Durango,Freelancer,2024-10-22 03:15:15.959427405,697501.046430705
C00008,retail,38,F,Chihuahua,Accountant,2022-01-08 23:02:02.371033317,971798.5270002491
C00009,retail,51,F,Michoacán,Consultant,2021-01-06 00:04:09.106286395,900384.4984215
C00010,retail,51,F,Durango,Engineer,2023-02-10 10:21:49.148970872,599624.4511978722
C00011,retail,46,M,México,Retired,2021-10-15 03:45:52.703087370,434465.14512255724
C00012,SME,48,M,Puebla,Student,2023-09-12 12:48:35.905857186,297799.5916385203
C00013,retail,39,F,Oaxaca,Lawyer,2020-10-11 05:20:12.834029347,613269.7056467674
C00014,retail,48,F,Durango,Consultant,2024-03-06 00:57:00.722958722,1255997.433314759
C00015,retail,37,M,Guanajuato,Engineer,2024-05-02 14:34:52.774955346,968558.3576115891
C00016,retail,42,M,Puebla,Consultant,2020-08-03 04:16:37.930757300,1710081.9393217973
C00017,retail,38,F,Sinaloa,Student,2020-04-22 06:42:35.533780789,269543.64562550304
C00018,retail,36,M,Tamaulipas,Accountant,2020-06-18 13:56:08.375122752,452099.424385836
C00019,retail,33,M,Tlaxcala,Engineer,2022-07-28 06:41:45.325607208,823309.77340908
C00020,retail,47,F,Baja California,Teacher,2022-04-18 12:45:41.213987742,331499.91051372036
C00021,retail,57,F,Querétaro,Accountant,2024-01-26 22:26:48.915080999,833899.3451440562
C00022,retail,56,F,Yucatán,Retired,2020-10-06 07:18:46.941628900,284664.2741496649
C00023,retail,26,F,Tabasco,Government Employee,2020-03-28 18:19:48.402677807,333890.4139371153
C00024,retail,57,F,Sinaloa,Student,2022-07-22 03:40:48.950477256,216723.68335958087
C00025,retail,38,F,Tamaulipas,Consultant,2022-02-01 14:16:39.580612413,1908248.6837674745
C00026,retail,49,M,Durango,Government Employee,2025-04-15 09:18:46.186201622,796998.2840686659
C00027,retail,31,M,Tlaxcala,Student,2023-09-21 16:55:00.193495475,180483.12205879204
C00028,retail,43,F,Zacatecas,Retired,2025-08-15 03:30:39.536008091,378127.88629170763
C00029,retail,45,M,Puebla,Teacher,2024-01-02 03:27:38.121487799,306999.1756849314
C00030,retail,24,M,Guerrero,Business Owner,2025-03-17 01:26:09.650544017,1965537.3430691338
C00031,retail,49,M,Guanajuato,Government Employee,2024-06-30 03:49:54.146301862,779845.2087075205
C00032,retail,58,M,Querétaro,Accountant,2025-04-08 14:04:51.921264158,931845.8299551603
C00033,retail,39,M,México,Doctor,2025-06-07 15:39:22.468981834,1362876.2695247554
C00034,SME,58,F,Sonora,Government Employee,2022-01-06 08:05:49.868407456,936993.9777338508
C00035,SME,39,M,Tamaulipas,Student,2020-06-17 13:09:29.662996567,223895.55400486419
C00036,retail,52,M,Campeche,Teacher,2023-09-15 13:54:23.760477297,645039.949380052
C00037,retail,18,F,Chiapas,Student,2020-02-03 15:42:59.612327092,267320.9751631426
C00038,retail,71,F,San Luis Potosí,Retired,2021-07-13 03:18:33.651769635,491990.66969897936
C00039,retail,59,M,Tamaulipas,Accountant,2020-07-08 15:29:25.057026670,1068242.4867701195
C00040,retail,38,F,Aguascalientes,Accountant,2021-05-17 18:13:46.071688851,1063419.6007417738
C00041,retail,18,F,Aguascalientes,Student,2020-10-16 09:49:01.174347402,287713.4113167282
C00042,retail,45,F,Durango,Doctor,2022-07-15 18:53:58.631175067,941559.3276782287
C00043,retail,24,M,Campeche,Doctor,2020-06-08 12:02:16.469445800,945520.9321249306
C00044,SME,47,F,Hidalgo,Accountant,2022-02-11 09:49:55.265905736,1030702.9672097154
C00045,retail,46,F,Jalisco,Freelancer,2021-08-28 20:03:06.184624924,597913.5488139979
C00046,retail,30,F,Sonora,Government Employee,2022-03-23 09:14:29.964747511,858211.7795817241
C00047,retail,55,M,Nuevo León,Sales,2024-04-25 17:18:02.604702370,696512.0898597436
C00048,retail,51,F,Chiapas,Engineer,2020-05-21 19:05:45.820716754,1033650.5170518149
C00049,retail,53,F,Guanajuato,Consultant,2021-09-14 03:41:02.821504638,539410.7754762368
C00050,retail,42,M,Sonora,Lawyer,2020-10-23 19:42:11.359823463,1115948.970904784
C00051,SME,25,M,Colima,Government Employee,2021-09-19 20:43:36.863923396,899966.3111309245
C00052,retail,53,F,Aguascalientes,Government Employee,2022-09-12 10:42:49.376993356,642948.4408994992
C00053,SME,38,M,Chiapas,Sales,2020-07-05 06:39:33.057217832,698587.7370763051
C00054,retail,25,F,Veracruz,Teacher,2021-03-07 19:58:13.878376769,602381.5171297715
C00055,retail,58,M,Puebla,Government Employee,2021-07-02 07:51:45.950654809,384530.9871089747
C00056,SME,67,M,Nayarit,Retired,2025-05-24 05:52:22.587494177,320085.6614572082
C00057,retail,41,F,Hidalgo,Consultant,2020-01-26 19:02:03.290182281,1586831.1513151536
C00058,retail,67,M,Chiapas,Retired,2020-03-21 04:57:38.434722450,274556.8020944869
C00059,retail,43,F,San Luis Potosí,Doctor,2024-08-18 02:48:57.086822264,1039327.0649634781
C00060,retail,37,F,Sonora,Doctor,2021-08-13 06:06:24.428357070,1442659.4348998803
C00061,retail,34,F,Coahuila,Retired,2025-06-11 11:31:21.018077949,508460.70364288695
C00062,retail,61,F,Guerrero,Doctor,2024-04-02 15:49:12.672690042,1437335.896823523
C00063,retail,32,F,Baja California,Lawyer,2021-07-03 05:22:09.798851772,971300.0511858452
C00064,retail,50,M,Hidalgo,Freelancer,2023-02-24 02:42:17.992496586,836627.045763506
C00065,retail,35,F,Jalisco,Retired,2021-07-29 10:40:20.937963743,379034.53431590786
C00066,retail,36,M,Chihuahua,Lawyer,2025-02-27 16:01:55.240206661,733346.268040288
C00067,retail,54,M,Michoacán,Accountant,2025-12-25 13:25:55.327524412,1093487.710870815
C00068,retail,37,F,Durango,Teacher,2022-11-06 03:54:16.739388873,370493.03601272305
C00069,retail,37,F,Tlaxcala,Student,2024-06-07 02:21:30.636149017,202618.09506476828
C00070,corporate,55,M,Tabasco,Retired,2025-04-30 07:07:33.456436331,628864.1079299813
C00071,retail,61,M,Guanajuato,Government Employee,2025-04-27 21:53:40.730634383,861566.6919984706
C00072,retail,49,F,Aguascalientes,Lawyer,2024-05-28 07:28:07.707184425,1773396.8150857994
C00073,retail,34,M,México,Doctor,2021-03-14 08:54:40.619822267,850220.8825560254
C00074,retail,35,F,Michoacán,Lawyer,2025-10-02 00:07:38.804152807,712950.8053539697
C00075,retail,42,F,Durango,Business Owner,2025-01-10 06:06:42.721481747,2629470.627615639
C00076,retail,45,M,Durango,Engineer,2024-05-14 06:56:06.699940802,914223.7937788719
C00077,retail,30,M,Baja California Sur,Consultant,2025-04-15 02:24:42.303607448,557043.8124471449
C00078,retail,50,F,Guanajuato,Consultant,2024-09-20 08:39:30.120506321,737584.8524149922
C00079,retail,43,M,Guanajuato,Teacher,2022-01-21 11:28:58.880722790,581334.8884256368
C00080,retail,21,M,Michoacán,Student,2024-10-18 16:50:58.899621064,260225.441366343
C00081,retail,30,M,Chihuahua,Accountant,2024-12-11 15:42:33.160848297,462780.43219759664
C00082,retail,35,M,Veracruz,Retired,2021-12-16 15:49:15.963489128,669250.7150001952
C00083,retail,41,M,Ciudad de México,Sales,2024-12-22 05:06:05.898223542,415596.7280359515
C00084,retail,64,F,Aguascalientes,Doctor,2024-10-06 00:20:20.514012891,1421062.339764682
C00085,retail,44,F,Tamaulipas,Doctor,2021-12-18 02:57:59.305006615,1446092.642382613
C00086,retail,31,F,Chihuahua,Business Owner,2025-04-26 16:16:36.546347610,2807300.2455970016
C00087,retail,44,F,Nayarit,Doctor,2020-01-05 06:12:53.930284983,1088376.968085757
C00088,retail,37,M,Sinaloa,Government Employee,2020-02-29 15:46:37.572480261,494696.2155267233
C00089,retail,45,M,Hidalgo,Doctor,2023-10-04 16:01:20.166697615,1365168.2065199877
C00090,retail,48,F,Baja California,Government Employee,2023-05-09 23:47:26.403562032,437612.2012070728
C00091,retail,56,F,Tamaulipas,Freelancer,2025-02-06 03:22:01.350194236,822125.1899827424
C00092,retail,41,F,Nuevo León,Business Owner,2021-10-29 12:38:16.698015194,3138676.9750843067
C00093,retail,61,F,Tamaulipas,Retired,2020-12-01 11:44:22.268780583,362002.99332840095
C00094,retail,52,F,Baja California,Retired,2020-12-12 05:48:03.795597748,692372.2098291417
C00095,retail,33,M,Tabasco,Doctor,2020-07-30 03:34:16.156559827,1392427.7844812195
C00096,retail,68,F,Campeche,Retired,2020-12-10 22:51:07.194233646,259237.8127087683
C00097,retail,45,F,Campeche,Engineer,2023-10-02 05:31:32.994842408,795577.119003194
C00098,retail,31,F,Durango,Freelancer,2021-06-18 02:33:30.190647353,558972.2868205986
C00099,retail,61,F,Morelos,Student,2025-11-15 05:35:44.546768330,285937.9939344928
C00100,retail,66,F,San Luis Potosí,Retired,2023-11-02 00:21:38.560921021,369023.23878193577
C00101,retail,41,F,Michoacán,Teacher,2021-08-09 12:17:42.884468549,699381.2590136516
C00102,retail,35,F,Puebla,Lawyer,2024-01-20 16:10:19.421105670,840095.7123282257
C00103,retail,39,F,Tamaulipas,Business Owner,2023-12-10 08:58:53.773367578,1748703.9664653065
C00104,retail,50,F,Colima,Sales,2023-01-01 07:04:49.660593823,682953.7206587754
C00105,SME,57,F,Tlaxcala,Freelancer,2025-04-08 06:07:08.385560801,361057.03435985575
C00106,retail,48,M,Chihuahua,Retired,2025-06-27 02:31:07.318630030,649961.8812906989
C00107,retail,43,F,Veracruz,Student,2024-08-22 20:43:30.905825545,193191.60905769354
C00108,retail,59,F,Baja California,Teacher,2023-04-22 02:00:17.712098852,693327.9511208409
C00109,retail,38,F,Quintana Roo,Lawyer,2025-02-25 21:02:57.168151843,1649572.6290590905
C00110,retail,54,M,Sonora,Engineer,2024-08-22 10:51:48.821139928,1087760.3942556703
C00111,retail,38,F,México,Business Owner,2024-09-21 08:05:01.177951304,2451034.949583062
C00112,retail,47,M,Yucatán,Lawyer,2020-05-30 19:56:07.839037613,1216370.5030094013
C00113,SME,40,F,Yucatán,Student,2024-01-02 09:28:22.385847723,234763.40293428826
C00114,retail,41,M,Sinaloa,Teacher,2022-07-18 08:54:18.211522850,694971.7591086248
C00115,retail,37,F,Quintana Roo,Student,2024-01-20 02:00:33.659140658,184179.14780916244
C00116,retail,58,M,Guanajuato,Teacher,2021-12-25 19:55:41.247873209,452683.97164675395
C00117,retail,33,M,Puebla,Consultant,2023-06-02 09:41:48.264411045,1952583.4490374913
C00118,retail,33,F,Michoacán,Student,2022-05-18 08:56:40.448755890,224327.19522005453
C00119,retail,67,M,Campeche,Retired,2022-09-30 13:34:56.782421935,429272.89612010797
C00120,retail,53,F,Guanajuato,Teacher,2024-02-13 08:36:58.102270577,552520.9298676562
C00121,retail,18,F,Jalisco,Student,2021-01-09 18:33:55.959149548,288873.1639611015
C00122,retail,35,F,Colima,Engineer,2025-07-24 08:28:23.205419578,706165.8101528408
C00123,retail,20,M,Chihuahua,Student,2023-11-13 05:59:36.237178292,293713.59561196226
C00124,retail,30,F,Tlaxcala,Accountant,2024-10-03 09:10:54.884056610,597793.4643786954
C00125,retail,18,M,Zacatecas,Student,2021-05-24 05:22:51.790713352,277848.1512528913
C00126,retail,40,F,Puebla,Business Owner,2021-02-26 18:47:22.176701070,1886104.2603911727
C00127,retail,28,F,Quintana Roo,Teacher,2025-07-23 08:37:23.887639391,329193.53410124715
C00128,retail,42,M,Zacatecas,Teacher,2021-05-29 02:35:31.372445551,624921.831039728
C00129,retail,22,M,Tabasco,Student,2025-05-18 03:27:38.936775503,234009.61662633662
C00130,retail,42,M,Nuevo León,Sales,2023-01-12 02:40:06.253406468,503987.2026006683
C00131,retail,37,F,Sinaloa,Consultant,2021-05-20 00:52:03.042472606,1144824.8901027595
C00132,retail,60,M,Campeche,Government Employee,2021-10-07 12:25:27.531049788,728104.0107177983
C00133,retail,58,F,Tamaulipas,Doctor,2023-02-09 02:18:44.838760148,983885.6813678098
C00134,retail,51,F,Campeche,Student,2021-04-29 19:10:22.598386527,208473.18115707475
C00135,SME,38,F,Yucatán,Doctor,2022-04-16 05:24:27.916306416,1138407.9370040158
C00136,retail,65,F,San Luis Potosí,Government Employee,2020-11-13 17:13:28.223292474,324943.39424606186
C00137,retail,23,M,Chihuahua,Lawyer,2023-01-06 07:14:56.744350156,1371419.9142948426
C00138,retail,25,F,Veracruz,Business Owner,2024-10-21 22:13:21.871476917,4238230.359306975
C00139,retail,40,F,Guanajuato,Engineer,2023-10-16 06:54:36.819939551,1009192.4815749814
C00140,SME,69,F,Aguascalientes,Retired,2021-03-04 12:05:50.296012624,461186.58887766406
C00141,SME,39,M,Baja California,Retired,2021-12-10 20:06:44.587427768,504426.20728203875
C00142,retail,39,M,Ciudad de México,Freelancer,2023-12-17 15:17:12.508240477,226180.80808464298
C00143,retail,24,M,Michoacán,Sales,2024-08-02 10:51:50.178101194,843030.8634130361
C00144,retail,53,M,Chihuahua,Accountant,2020-07-05 23:42:43.004905102,790644.3466862912
C00145,retail,53,M,Quintana Roo,Teacher,2025-07-21 22:01:27.640411989,426563.960141198
C00146,retail,51,M,Tabasco,Teacher,2022-06-14 00:18:15.146908215,417433.22567668656
C00147,retail,34,F,Ciudad de México,Business Owner,2024-12-31 20:31:05.863926889,3536530.427565176
C00148,retail,33,M,Nuevo León,Sales,2022-03-24 01:26:52.631890464,629814.3762202587
C00149,retail,26,F,Chiapas,Freelancer,2025-08-07 00:59:55.538210539,387842.7650654173
C00150,retail,43,M,Puebla,Student,2024-01-21 19:34:10.594360487,229190.70395080914
C00151,SME,29,F,Durango,Doctor,2020-07-11 13:32:25.890382698,1273327.6318329151
C00152,retail,27,F,Veracruz,Doctor,2025-06-23 17:17:36.496154467,1008358.6112979685
C00153,retail,36,F,Coahuila,Accountant,2025-03-09 11:26:00.612313839,756494.110077374
C00154,retail,36,F,Tlaxcala,Government Employee,2020-03-16 05:29:14.734157904,478415.74467601907
C00155,corporate,35,M,Baja California,Lawyer,2023-04-09 03:22:44.892945306,686017.8816899024
C00156,retail,47,F,Oaxaca,Freelancer,2024-10-04 07:30:21.125111790,588246.1579198143
C00157,retail,42,M,Tabasco,Student,2024-04-02 20:47:25.996337083,267850.0044446305
C00158,retail,38,M,Yucatán,Sales,2022-07-07 22:34:15.252187820,389002.99465051945
C00159,retail,44,M,Campeche,Student,2023-10-12 11:09:06.836974915,270541.1641098787
C00160,retail,30,F,Tamaulipas,Business Owner,2024-02-07 15:07:04.371424483,3578817.71500753
C00161,retail,43,M,Colima,Teacher,2020-05-05 23:35:04.060549310,502948.6554122254
C00162,retail,43,F,Sonora,Retired,2023-12-04 19:55:42.451993548,687156.0251197543
C00163,retail,23,M,Zacatecas,Consultant,2020-05-20 13:02:41.238463143,1825122.70176447
C00164,retail,53,F,Baja California Sur,Sales,2023-03-20 14:29:12.022389248,616065.1060625346
C00165,retail,31,F,Baja California,Consultant,2023-03-05 15:05:32.067721802,1336670.3700258282
C00166,retail,43,M,Ciudad de México,Consultant,2022-07-12 10:16:44.109007708,916657.2295203976
C00167,retail,55,M,Tamaulipas,Sales,2022-04-01 22:25:33.981051022,848129.8915984632
C00168,retail,53,F,Guanajuato,Freelancer,2024-05-18 21:09:11.882709478,1095929.4409990828
C00169,retail,42,M,Campeche,Teacher,2020-05-17 19:36:08.458509450,596823.5110574908
C00170,retail,37,F,Ciudad de México,Retired,2022-07-15 16:42:41.746904342,307547.05712382874
C00171,retail,53,F,Chihuahua,Engineer,2021-07-07 16:15:29.046179043,992552.8714782958
C00172,retail,50,M,Aguascalientes,Sales,2021-03-03 04:03:47.472934828,414524.3232292955
C00173,retail,34,M,Veracruz,Student,2022-11-11 15:05:33.979681184,202657.3641551667
C00174,retail,32,M,Tabasco,Teacher,2023-01-30 17:02:43.380054383,603685.4354284722
C00175,retail,18,M,Baja California Sur,Student,2023-06-02 16:30:49.275099695,295168.9123225616
C00176,retail,43,M,Coahuila,Government Employee,2025-07-12 01:39:33.422549709,376234.1164015918
C00177,retail,41,M,Ciudad de México,Government Employee,2023-09-28 08:13:21.561491249,414783.40343437553
C00178,retail,55,M,Colima,Business Owner,2025-09-04 19:35:43.282049726,1642708.5194184151
C00179,SME,46,M,Tamaulipas,Consultant,2022-10-25 12:27:56.847630863,1944367.5760402784
C00180,retail,58,F,Puebla,Freelancer,2021-09-13 18:21:27.649766702,896398.9898119584
C00181,retail,33,F,Tamaulipas,Engineer,2023-08-27 15:32:57.112973012,974802.2498131744
C00182,retail,55,F,Hidalgo,Accountant,2022-02-28 17:54:57.087080050,753519.2651178585
C00183,SME,35,M,San Luis Potosí,Consultant,2023-12-31 23:18:35.615883198,1306394.2119921343
C00184,retail,51,M,Nayarit,Sales,2020-08-13 22:02:32.710830101,438612.9045838172
C00185,retail,24,F,Nuevo León,Government Employee,2023-11-27 17:24:13.234494449,408183.77959513274
C00186,retail,44,F,San Luis Potosí,Business Owner,2021-03-22 07:10:36.433344914,4055185.131246571
C00187,retail,18,M,Ciudad de México,Student,2025-04-24 16:13:51.216702258,236483.6019983872
C00188,retail,38,M,Sonora,Government Employee,2023-01-22 05:36:57.062269521,479206.3394705467
C00189,retail,47,F,San Luis Potosí,Business Owner,2022-12-13 10:19:36.277437917,3420959.278296905
C00190,retail,35,F,Oaxaca,Doctor,2024-02-22 06:45:40.820743058,946621.6705020955
C00191,retail,29,M,Tlaxcala,Business Owner,2023-10-05 06:03:22.969094394,2801738.678122007
C00192,retail,52,F,Chihuahua,Engineer,2025-09-21 07:54:53.312753362,633154.2578952927
C00193,SME,40,F,Tabasco,Consultant,2020-01-09 00:51:37.461384601,1639507.8418623132
C00194,retail,36,F,Puebla,Lawyer,2020-12-13 20:46:33.229611395,984962.5994719537
C00195,retail,42,F,Guerrero,Business Owner,2022-01-06 13:48:16.878656002,2599305.9766824506
C00196,retail,73,M,Yucatán,Retired,2024-08-13 22:28:01.246750954,589697.3106801196
C00197,retail,55,F,Campeche,Lawyer,2020-05-21 16:25:33.452157302,1391516.2931960067
C00198,retail,55,F,Ciudad de México,Engineer,2025-09-07 23:17:54.537219442,779792.651724852
C00199,retail,47,F,Durango,Student,2025-05-16 16:09:59.619104545,188523.43105678962
C00200,retail,43,F,Baja California Sur,Lawyer,2021-05-01 17:06:46.132343707,1705929.3136039306
C00201,retail,18,F,Morelos,Student,2025-04-19 14:08:48.448104130,180951.02906999603
C00202,retail,33,M,Tlaxcala,Lawyer,2020-05-16 14:57:37.898500723,1481513.7055534376
C00203,retail,36,M,Coahuila,Student,2021-06-23 18:28:07.290508989,293449.4244262176
C00204,retail,19,F,Sonora,Student,2025-09-06 07:16:48.254930826,216800.83313789577
C00205,retail,28,M,Colima,Accountant,2021-02-17 11:55:42.923868476,452809.72399095015
C00206,retail,18,M,Guanajuato,Student,2025-03-11 18:52:02.921168302,209945.65200761487
C00207,retail,41,M,Hidalgo,Business Owner,2020-11-01 17:48:44.851658381,2047698.947899319
C00208,retail,51,F,Baja California Sur,Doctor,2023-04-01 01:45:12.413599630,1115924.6489231968
C00209,retail,55,M,Nuevo León,Sales,2023-11-16 23:58:10.819933705,591405.9347684648
C00210,retail,46,F,Jalisco,Retired,2023-05-21 13:51:50.576414210,576399.3375534711
C00211,retail,30,M,Querétaro,Accountant,2023-05-08 03:40:36.015313868,1030641.5370858792
C00212,retail,18,M,Michoacán,Student,2021-08-22 18:33:44.361827627,235775.69464468435
C00213,retail,20,M,México,Student,2020-08-15 14:11:35.087217825,269560.15858756413
C00214,retail,26,M,Baja California,Retired,2020-10-02 20:04:53.398055122,307239.6458107691
C00215,retail,31,F,Chihuahua,Engineer,2024-12-07 23:36:52.040978878,730148.5676590856
C00216,retail,40,F,Puebla,Lawyer,2024-08-06 23:10:18.850694937,741695.188226473
C00217,retail,29,F,Veracruz,Consultant,2020-08-17 14:19:29.794457533,1537612.4718963057
C00218,retail,46,M,Coahuila,Engineer,2023-02-06 10:58:21.164839279,1135352.6629119227
C00219,retail,39,F,Yucatán,Freelancer,2021-05-29 00:19:25.379540156,1089059.0236549706
C00220,retail,42,M,Ciudad de México,Retired,2024-12-02 22:32:20.988220372,396902.0837061737
C00221,retail,55,M,Ciudad de México,Student,2024-10-03 17:22:13.010807565,208106.56707775936
C00222,retail,27,F,Morelos,Student,2025-06-26 01:53:56.511100545,212886.30877175106
C00223,retail,47,F,Quintana Roo,Business Owner,2023-02-10 16:43:15.780292453,1935539.159616327
C00224,retail,41,M,Baja California Sur,Retired,2020-11-25 04:45:24.653156224,287010.67282635067
C00225,retail,37,M,Campeche,Consultant,2023-01-17 02:02:40.174370748,700016.3425329752
C00226,retail,52,F,Baja California,Consultant,2024-08-10 08:27:11.643509806,821725.685903894
C00227,SME,52,M,Aguascalientes,Doctor,2025-08-22 21:18:45.340409550,805718.3100954521
C00228,retail,30,F,Durango,Business Owner,2023-12-25 15:58:46.267464490,903089.0339381974
C00229,retail,39,F,Veracruz,Sales,2023-09-06 10:59:45.102934258,704058.3784739382
C00230,retail,45,F,Zacatecas,Accountant,2024-02-27 17:42:17.757785521,833527.2460079049
C00231,retail,38,M,Baja California Sur,Retired,2023-09-29 18:17:59.354564564,675440.9569410319
C00232,retail,49,F,Durango,Lawyer,2024-02-15 00:51:06.901746057,1082108.951058793
C00233,retail,45,M,Ciudad de México,Doctor,2025-03-26 02:09:35.017542232,1111032.6189199043
C00234,retail,63,M,Morelos,Consultant,2022-06-21 10:55:55.104163963,601602.7504646899
C00235,retail,23,F,México,Doctor,2024-07-16 17:59:06.708337647,906575.6012097104
C00236,retail,40,M,Baja California Sur,Teacher,2025-07-19 19:18:30.773572016,576643.6469875718
C00237,retail,31,M,Tabasco,Engineer,2022-02-09 02:02:44.117265254,664528.0485173678
C00238,retail,49,F,Puebla,Doctor,2025-02-21 20:38:59.285665356,1341294.923669022
C00239,retail,22,F,Baja California Sur,Student,2021-01-26 00:53:27.170234927,264682.314995604
C00240,retail,46,M,Campeche,Freelancer,2021-10-23 13:07:33.164205640,947263.1552971549
C00241,SME,34,M,Campeche,Sales,2021-04-19 00:42:43.313878708,698879.3976829472
C00242,SME,33,M,Morelos,Teacher,2025-09-27 12:32:29.182278402,583065.80747533
C00243,SME,24,M,Zacatecas,Student,2024-08-09 20:50:23.733791844,245616.48952301388
C00244,retail,36,F,Chihuahua,Accountant,2024-11-22 01:58:13.206536077,874766.6142865012
C00245,retail,55,F,Guanajuato,Freelancer,2023-02-08 05:33:43.827726329,726179.8694326931
C00246,SME,41,F,Guerrero,Lawyer,2022-11-16 01:33:42.067755910,847306.4920227486
C00247,retail,49,M,Quintana Roo,Engineer,2020-01-24 13:36:14.459513244,652325.5144496699
C00248,SME,61,M,Tamaulipas,Freelancer,2021-11-12 21:48:54.667997800,605303.0976479489
C00249,SME,45,M,Coahuila,Engineer,2021-05-11 07:49:51.226100808,509742.20799910655
C00250,retail,35,M,Hidalgo,Lawyer,2022-01-20 08:55:30.690601426,1667157.105806882
C00251,retail,47,M,Chihuahua,Freelancer,2025-02-13 08:31:03.782883843,468266.4749452224
C00252,retail,35,M,Quintana Roo,Retired,2025-10-28 06:33:49.268588780,273192.1796765204
C00253,retail,35,M,Veracruz,Government Employee,2024-10-09 08:56:28.425068715,597098.350304313
C00254,retail,23,F,Baja California Sur,Government Employee,2021-11-08 12:48:07.350748309,870919.350320609
C00255,retail,53,F,Puebla,Sales,2023-06-15 18:34:26.532323440,508279.68138742744
C00256,retail,37,F,Jalisco,Engineer,2021-01-15 05:00:02.470184853,683878.4072671393
C00257,SME,44,M,Zacatecas,Freelancer,2021-07-25 22:42:54.853003751,744902.9276129922
C00258,retail,29,F,Jalisco,Student,2020-02-22 01:00:46.445624253,248926.2313646097
C00259,retail,47,F,Quintana Roo,Freelancer,2024-06-23 20:43:38.855818990,959190.4480220062
C00260,retail,32,M,Durango,Retired,2021-10-14 15:26:53.417467019,609889.9005638899
C00261,retail,40,F,Chiapas,Teacher,2023-09-28 13:57:14.051628433,582483.8053830503
C00262,corporate,52,F,Veracruz,Sales,2023-11-29 18:03:51.131065026,252950.10909133704
C00263,retail,51,F,Sonora,Business Owner,2020-11-24 15:04:54.856800380,708937.2803497787
C00264,retail,41,M,Baja California,Consultant,2020-09-16 14:59:23.374948590,1966175.9568147634
C00265,retail,20,M,Zacatecas,Student,2020-12-14 17:15:35.008057944,211704.87674760935
C00266,retail,77,F,Chihuahua,Retired,2025-02-19 08:19:49.510581779,377057.96052559244
C00267,retail,62,M,Quintana Roo,Accountant,2022-06-11 07:19:12.031406678,912569.5056023116
C00268,retail,50,F,Guanajuato,Consultant,2023-05-21 03:58:21.214586317,1372379.1429734756
C00269,retail,32,F,Nayarit,Consultant,2022-12-29 09:58:17.771951603,1195347.1164273885
C00270,retail,40,M,Sonora,Accountant,2024-07-06 13:41:31.772353969,481507.9052162532
C00271,retail,35,F,San Luis Potosí,Doctor,2020-10-05 19:24:58.007679934,857041.4478865619
C00272,retail,57,F,Puebla,Teacher,2025-10-29 23:26:59.042335501,581449.9775856417
C00273,retail,45,M,Guanajuato,Engineer,2024-04-08 19:46:01.832591154,587223.2637780601
C00274,SME,32,M,San Luis Potosí,Sales,2020-06-13 01:54:47.255899802,533277.1015622255
C00275,retail,36,F,México,Business Owner,2023-06-17 13:57:09.128365123,3865342.850821159
C00276,retail,55,F,Baja California Sur,Teacher,2025-03-21 13:42:50.288250807,669280.5001802867
C00277,retail,61,M,Baja California,Teacher,2024-05-15 15:09:26.740615914,649435.2978643569
C00278,retail,60,M,Coahuila,Accountant,2020-09-24 15:01:33.656503950,1004824.4273070504
C00279,retail,51,F,Chiapas,Accountant,2021-09-09 13:49:40.075646481,650948.830454452
C00280,retail,38,F,Puebla,Doctor,2022-12-12 09:41:51.813406140,1449020.490563957
C00281,retail,18,M,Hidalgo,Student,2021-11-28 18:26:15.067749156,262040.1623614112
C00282,retail,45,F,Colima,Engineer,2021-06-27 07:09:08.399795920,1120542.266183131
C00283,retail,41,M,Tlaxcala,Doctor,2025-03-08 20:55:23.287413140,862247.2859948123
C00284,retail,43,M,Ciudad de México,Retired,2024-01-31 23:34:26.232391378,267801.2111825848
C00285,retail,42,F,Yucatán,Teacher,2023-08-26 13:21:39.999371910,471858.98374273384
C00286,retail,26,M,Zacatecas,Engineer,2025-01-24 10:28:56.722449867,1079611.4031534144
C00287,retail,48,F,Veracruz,Retired,2021-07-30 13:33:53.185109030,433840.13816762954
C00288,retail,49,M,Colima,Accountant,2022-11-02 11:55:44.573039456,1019253.8787031916
C00289,retail,50,F,Zacatecas,Student,2020-12-21 11:16:52.561109734,208173.04329961713
C00290,retail,53,M,Durango,Consultant,2021-07-25 23:17:22.721459966,559016.2418550106
C00291,retail,49,M,Baja California,Lawyer,2024-05-31 08:56:32.430469775,1513544.3063267563
C00292,retail,37,F,Durango,Student,2024-12-10 06:40:29.946007438,255140.83281123103
C00293,retail,41,M,Guanajuato,Freelancer,2021-01-24 10:48:44.038852558,640090.9977078747
C00294,retail,43,F,Quintana Roo,Accountant,2024-08-22 13:32:36.182191716,991681.2285681166
C00295,retail,43,F,Guanajuato,Sales,2025-08-01 09:08:55.076197603,785715.0332143541
C00296,retail,53,F,Chiapas,Sales,2021-05-07 19:11:19.501441813,460947.56739787455
C00297,retail,49,F,Jalisco,Sales,2025-06-23 11:12:40.507078330,794683.872834372
C00298,retail,66,F,Quintana Roo,Retired,2024-07-17 09:23:07.681769617,405321.63079260255
C00299,retail,68,F,Baja California Sur,Retired,2021-02-23 12:27:37.879814407,529856.8901169
C00300,retail,42,F,Oaxaca,Government Employee,2022-05-05 15:32:29.193805514,434748.513421815
C00301,retail,18,F,Quintana Roo,Student,2022-11-11 12:02:05.596715672,211703.3262480011
C00302,retail,56,M,Baja California,Business Owner,2021-12-13 16:27:07.136430972,2625876.3482742435
C00303,retail,35,F,Nayarit,Doctor,2023-04-06 17:03:15.129418802,1020217.5454043889
C00304,retail,32,M,Aguascalientes,Teacher,2024-11-12 18:21:20.540602784,351657.10641076346
C00305,retail,37,M,Aguascalientes,Lawyer,2023-09-27 13:46:55.083897575,1178787.9044874082
C00306,SME,36,M,Tamaulipas,Student,2025-08-06 01:35:00.127376365,241363.40063626601
C00307,retail,49,F,Morelos,Retired,2021-06-14 13:23:44.354780986,321417.82858937
C00308,retail,23,F,Chihuahua,Government Employee,2025-07-15 17:49:59.085620263,422019.4880764924
C00309,retail,29,F,Hidalgo,Teacher,2025-01-11 19:04:12.001687492,311738.8598926951
C00310,retail,46,M,Puebla,Sales,2020-04-02 16:22:47.492454311,269727.9345833797
C00311,retail,49,M,Yucatán,Student,2022-07-17 23:52:03.622364898,223036.10350875315
C00312,retail,49,F,Sonora,Doctor,2023-10-09 07:18:00.390435832,902656.7836856904
C00313,retail,32,M,San Luis Potosí,Consultant,2023-02-11 21:33:03.230778176,1878638.3871405015
C00314,SME,30,M,Puebla,Retired,2021-12-30 21:22:59.381202980,339736.57713943336
C00315,retail,35,M,Aguascalientes,Lawyer,2025-05-28 22:25:58.953861829,679153.9711470917
C00316,retail,44,F,Tamaulipas,Accountant,2022-12-25 18:37:51.251919350,682919.3211448804
C00317,retail,59,M,San Luis Potosí,Freelancer,2020-10-16 01:24:31.099707483,392466.1332332144
C00318,retail,18,M,Chihuahua,Student,2024-07-22 17:55:40.306025424,187412.3823982628
C00319,retail,39,F,Colima,Consultant,2025-01-24 01:32:24.744885702,1629091.956994837
C00320,retail,26,M,Hidalgo,Consultant,2021-05-19 05:36:11.659997036,1335648.302243485
C00321,retail,22,F,Baja California,Student,2024-08-24 18:30:51.887247307,186841.35278341867
C00322,retail,53,M,Sonora,Lawyer,2020-03-19 08:08:28.270977528,1161623.2057610797
C00323,retail,48,M,Colima,Lawyer,2024-06-14 17:21:12.033455782,646599.527791651
C00324,retail,47,F,Querétaro,Accountant,2023-07-14 04:22:04.496247573,648020.2968440272
C00325,SME,53,F,Aguascalientes,Doctor,2020-10-26 11:38:56.616585685,1054301.0708634509
C00326,retail,36,F,Hidalgo,Retired,2023-03-30 15:05:13.224702829,620343.1734017984
C00327,retail,36,F,Aguascalientes,Freelancer,2025-09-12 07:01:39.341220516,935285.7332320405
C00328,retail,68,M,Durango,Retired,2023-07-10 20:45:25.233649052,653625.5844324252
C00329,retail,39,M,Tamaulipas,Freelancer,2025-11-23 20:07:53.933789636,340517.67010765
C00330,retail,50,M,Chiapas,Business Owner,2025-09-08 05:35:48.288721996,2995187.2665521256
C00331,retail,42,F,Quintana Roo,Lawyer,2020-04-26 13:13:53.993639597,624228.5813983328
C00332,retail,19,F,Oaxaca,Student,2023-04-14 01:23:24.684763672,279063.4658196159
C00333,retail,18,F,Veracruz,Student,2023-08-31 06:27:28.730300566,223990.00129322355
C00334,retail,35,M,Hidalgo,Student,2023-07-14 14:06:53.690006006,188316.86689610477
C00335,retail,54,F,Sonora,Lawyer,2022-04-06 02:18:09.753188866,989589.0058967462
C00336,retail,51,F,Chiapas,Consultant,2022-09-30 13:12:24.048712256,930368.906234927
C00337,retail,52,F,Durango,Teacher,2020-12-25 13:53:44.588440860,606401.2462906977
C00338,retail,30,F,Baja California Sur,Business Owner,2020-10-03 09:15:03.414374077,1244429.240720625
C00339,retail,61,F,Baja California,Freelancer,2021-01-11 00:08:00.645730242,755775.8777129435
C00340,retail,30,M,Baja California,Retired,2023-11-11 23:14:07.220734283,607264.4280231033
C00341,retail,44,M,Veracruz,Sales,2021-02-01 20:11:06.571123499,730700.504240637
C00342,retail,41,M,Chiapas,Business Owner,2022-03-14 04:05:25.292029278,4724392.947030649
C00343,retail,39,M,Campeche,Sales,2024-01-07 13:40:15.411353045,250409.33838414273
C00344,retail,58,M,Baja California,Teacher,2021-07-18 07:41:43.617053200,441520.96777145326
C00345,retail,33,M,Zacatecas,Retired,2024-11-11 14:24:27.123967223,416312.96669843723
C00346,retail,25,M,Puebla,Accountant,2021-03-19 10:29:49.971613067,423315.9209239535
C00347,retail,42,F,Sonora,Freelancer,2022-09-29 01:26:56.635477950,1017267.423458935
C00348,retail,37,F,Ciudad de México,Doctor,2021-10-15 09:34:17.748113095,1282224.1602616669
C00349,retail,82,F,San Luis Potosí,Retired,2020-02-27 14:59:23.340380417,487637.60379154095
C00350,retail,50,M,Ciudad de México,Lawyer,2024-03-04 17:07:03.577255767,1086023.1292175592
C00351,retail,37,M,Ciudad de México,Freelancer,2020-03-23 02:50:55.784912371,1095416.5881518684
C00352,retail,29,M,San Luis Potosí,Retired,2021-04-09 18:47:09.509073447,369009.61459628004
C00353,retail,19,F,Sinaloa,Student,2021-07-07 17:31:04.968781490,220145.31341120906
C00354,retail,29,F,Campeche,Accountant,2023-01-15 21:56:24.409715511,1066842.9690021048
C00355,retail,43,M,Colima,Teacher,2024-09-27 03:01:09.882505959,325850.0739961898
C00356,retail,59,F,Veracruz,Sales,2020-08-04 11:22:11.327636793,757398.7735119935
C00357,retail,55,M,Nayarit,Freelancer,2022-08-16 11:14:40.239075164,918060.4562437825
C00358,retail,44,F,Ciudad de México,Business Owner,2021-12-01 21:57:12.773729004,4578121.142939063
C00359,SME,38,M,Tlaxcala,Student,2024-12-19 22:16:35.817108122,190867.68980130076
C00360,retail,45,M,Sinaloa,Accountant,2020-12-14 21:01:01.450673770,1079311.7472195276
C00361,retail,35,F,Tabasco,Student,2023-10-15 15:53:02.190230184,183460.5809605522
C00362,retail,62,F,Baja California Sur,Student,2025-07-09 18:04:54.587930019,220524.75070730632
C00363,retail,39,F,Chihuahua,Lawyer,2022-06-09 18:28:42.167235645,701791.9018955359
C00364,retail,40,F,Tamaulipas,Business Owner,2025-09-09 07:56:43.484695188,920057.6880014761
C00365,SME,18,M,Quintana Roo,Student,2024-01-10 13:17:39.624352853,295767.49350404704
C00366,retail,39,M,Nuevo León,Retired,2024-10-14 21:15:37.351269650,573851.4326904931
C00367,SME,52,F,Zacatecas,Government Employee,2021-11-20 06:02:18.067903611,653983.3976975486
C00368,SME,29,F,Chiapas,Lawyer,2022-03-13 21:22:02.688113658,729827.000296886
C00369,retail,32,F,Morelos,Retired,2022-11-06 11:51:54.504563760,486711.06368416967
C00370,retail,51,M,Tabasco,Freelancer,2020-04-05 08:12:32.837620645,520052.53805430885
C00371,retail,24,F,Nuevo León,Lawyer,2024-04-06 09:17:06.870919929,925905.0044382231
C00372,retail,54,M,Tamaulipas,Engineer,2021-03-26 22:19:59.636279566,932673.1011321803
C00373,retail,35,F,San Luis Potosí,Lawyer,2021-06-13 16:13:51.908666520,1549111.053810798
C00374,retail,37,F,Baja California Sur,Teacher,2023-06-17 14:07:49.556094933,477303.9702689492
C00375,retail,28,F,Colima,Sales,2024-01-24 04:09:25.514265009,570644.5531793645
C00376,retail,46,M,Ciudad de México,Student,2025-08-24 00:25:06.164472419,258172.10403385526
C00377,retail,71,M,Querétaro,Retired,2023-04-04 15:41:16.012149681,306087.2438328142
C00378,retail,51,M,Quintana Roo,Retired,2025-07-19 23:07:18.045346281,622873.8446153116
C00379,retail,31,F,Querétaro,Sales,2021-01-20 21:17:51.092423401,794010.9629989195
C00380,retail,55,M,Colima,Consultant,2022-06-23 22:02:07.440171443,1311570.461991223
C00381,retail,38,F,Jalisco,Business Owner,2025-11-05 10:16:33.567795416,1506508.5494088782
C00382,retail,58,F,Quintana Roo,Freelancer,2021-05-25 21:36:29.018805736,700764.0745348397
C00383,retail,51,F,Zacatecas,Accountant,2024-10-01 05:33:27.985520196,474157.6032180459
C00384,retail,18,F,Durango,Student,2021-07-24 18:59:24.894563412,271595.50299713534
C00385,retail,29,F,Morelos,Teacher,2023-01-29 16:36:00.127203731,424461.8679222082
C00386,retail,53,F,Baja California Sur,Teacher,2024-09-12 22:48:54.915967235,424438.1723338348
C00387,retail,43,M,Baja California Sur,Consultant,2021-03-09 06:40:54.105976461,1917574.1629012187
C00388,retail,29,F,Yucatán,Student,2024-07-24 02:19:41.101369260,230623.45503917092
C00389,retail,34,F,Baja California Sur,Sales,2022-06-27 03:54:26.165250710,763224.7318579671
C00390,retail,19,M,Campeche,Student,2020-04-06 09:02:09.213570038,256460.15908166347
C00391,corporate,40,F,Tlaxcala,Sales,2021-01-23 08:58:47.235663300,455514.52419772826
C00392,retail,68,F,Morelos,Retired,2022-06-16 05:19:19.876035154,305705.9659920697
C00393,retail,51,F,Jalisco,Student,2025-09-02 15:04:52.998408973,275729.874574022
C00394,retail,68,M,Tabasco,Retired,2025-04-02 20:42:19.089190213,593127.4188134463
C00395,retail,52,F,Yucatán,Retired,2025-10-19 09:25:24.079337623,326124.0378486441
C00396,SME,54,M,Baja California,Sales,2025-03-27 00:59:28.746049692,411925.57144874247
C00397,retail,65,F,Guerrero,Doctor,2025-02-02 17:11:15.275922635,1336366.8779134033
C00398,retail,46,M,Chiapas,Retired,2021-07-31 23:16:51.940044675,692634.8911025826
C00399,retail,39,F,Tabasco,Government Employee,2024-10-05 17:19:13.471697776,890549.7442747523
C00400,retail,54,M,Querétaro,Accountant,2022-02-20 17:17:01.978461154,878906.7698635245
C00401,retail,59,M,Sinaloa,Sales,2025-04-04 19:16:12.173761651,845027.7769823918
C00402,SME,36,M,Baja California,Lawyer,2023-11-11 07:28:56.685471318,942283.0877087553
C00403,retail,33,M,Veracruz,Doctor,2022-12-04 19:06:56.134543303,806756.5491578969
C00404,retail,43,F,Guerrero,Government Employee,2021-12-22 03:07:01.191579960,524677.9720125294
C00405,retail,51,F,Ciudad de México,Accountant,2025-04-27 20:46:50.127239045,1080354.9948811107
C00406,retail,51,M,Quintana Roo,Freelancer,2020-02-28 07:01:27.293674598,1081971.2123139491
C00407,retail,24,M,Ciudad de México,Doctor,2022-06-21 10:12:25.593969796,835249.4296243102
C00408,retail,64,M,Oaxaca,Teacher,2022-04-20 16:49:15.832534226,500783.8744700438
C00409,SME,34,F,Quintana Roo,Sales,2024-04-30 22:15:59.207585984,301356.49080982164
C00410,retail,38,M,Aguascalientes,Student,2022-09-13 06:28:04.261334710,274684.55912096135
C00411,retail,31,M,San Luis Potosí,Doctor,2021-12-29 11:36:36.515184982,1060831.2744068925
C00412,SME,74,M,Coahuila,Retired,2023-05-21 03:42:33.081395600,660376.2024318703
C00413,SME,44,M,Quintana Roo,Consultant,2025-09-18 04:21:36.235581661,581678.7864683407
C00414,retail,31,M,Nayarit,Retired,2020-02-12 23:51:36.603530751,580299.1470213113
C00415,retail,52,M,Durango,Engineer,2022-03-17 18:47:54.226862453,779556.4380339012
C00416,retail,51,F,Zacatecas,Doctor,2024-06-26 15:40:01.407341574,987758.7589424746
C00417,retail,39,F,México,Teacher,2024-05-26 23:17:35.201793412,506980.17269573064
C00418,retail,52,M,Ciudad de México,Freelancer,2025-08-12 17:06:13.967590515,685487.1834158554
C00419,retail,32,F,Guanajuato,Student,2021-02-15 02:57:27.246249846,221857.6565554431
C00420,retail,36,M,San Luis Potosí,Retired,2020-04-02 06:19:55.071373057,541986.0905433814
C00421,retail,18,F,Aguascalientes,Student,2023-04-20 15:16:16.318479156,259358.6110719108
C00422,retail,26,M,Guanajuato,Sales,2025-04-13 01:14:29.379574651,300139.896736668
C00423,retail,63,F,Aguascalientes,Doctor,2022-12-25 14:25:21.601289551,1216791.1456570807
C00424,retail,61,F,Veracruz,Government Employee,2020-07-12 09:24:37.477271038,797515.3005007259
C00425,retail,42,M,Chiapas,Student,2020-01-15 13:46:04.232681288,189106.69093238225
C00426,retail,61,F,Nayarit,Government Employee,2025-07-19 01:00:15.295023330,761392.1066558507
C00427,retail,40,M,Aguascalientes,Business Owner,2024-05-16 08:43:14.767857776,4157102.9266094826
C00428,retail,39,F,Durango,Teacher,2024-12-25 10:57:45.498405139,632778.4277806776
C00429,retail,42,M,Tamaulipas,Consultant,2024-03-01 13:39:21.719476949,562471.0979115092
C00430,retail,40,M,Hidalgo,Business Owner,2025-02-18 14:06:33.076026803,3698895.8325539134
C00431,retail,39,F,Tabasco,Engineer,2025-11-18 23:23:03.900178453,1057884.3966216613
C00432,retail,55,M,Colima,Student,2024-02-08 06:56:57.794748906,227619.13262929244
C00433,retail,43,M,Tamaulipas,Freelancer,2021-04-18 01:37:28.928306631,742841.3070682592
C00434,retail,50,M,Hidalgo,Accountant,2023-06-05 18:01:22.083183606,585581.1684848785
C00435,retail,54,F,Oaxaca,Retired,2024-10-07 00:56:37.014816423,389608.86004220735
C00436,retail,46,M,Baja California,Freelancer,2023-08-07 17:48:13.707169361,701620.0508855184
C00437,retail,30,M,Veracruz,Consultant,2023-04-16 00:15:57.026505294,726707.6388476384
C00438,retail,25,F,Puebla,Freelancer,2020-12-04 06:39:17.207880492,570517.1841186854
C00439,retail,43,M,Guerrero,Doctor,2020-04-30 16:47:27.789572238,1011005.2481270069
C00440,retail,39,M,Tabasco,Freelancer,2024-07-01 23:25:02.060274114,438249.8415082641
C00441,retail,43,M,Tlaxcala,Business Owner,2020-02-15 16:07:37.288590315,2780721.9330446282
C00442,corporate,41,M,Hidalgo,Student,2025-11-22 03:52:40.397550885,280642.10506546777
C00443,retail,73,M,Tamaulipas,Retired,2024-10-19 14:48:00.582233690,359018.1857002489
C00444,retail,26,F,Querétaro,Sales,2022-11-23 17:46:39.221872786,678825.2507182064
C00445,retail,18,M,Colima,Student,2025-10-23 16:59:01.213048389,210503.36880770102
C00446,SME,45,M,México,Teacher,2023-01-10 13:37:16.648328152,356833.5235824565
C00447,corporate,37,M,Yucatán,Student,2023-05-14 02:00:55.023051824,293199.5719418223
C00448,retail,45,M,Coahuila,Sales,2020-06-06 16:23:44.762119159,661603.8610012836
C00449,retail,49,F,Coahuila,Consultant,2025-07-23 06:19:22.393066321,656894.4458174286
C00450,retail,57,M,Morelos,Consultant,2023-09-18 14:51:18.434896958,1448966.6287763692
C00451,retail,23,M,Nuevo León,Freelancer,2024-07-26 21:24:15.842559520,376347.192025209
C00452,retail,35,M,Baja California Sur,Doctor,2023-05-31 14:51:36.004484816,1421458.426537381
C00453,retail,47,F,Coahuila,Lawyer,2021-03-02 10:35:25.577245151,896965.2275026648
C00454,SME,51,M,Guerrero,Business Owner,2021-07-08 00:28:30.571218607,4169231.7022044174
C00455,retail,68,M,Jalisco,Retired,2021-04-11 01:45:02.224572056,339638.05437275884
C00456,retail,53,F,Baja California,Consultant,2022-05-31 09:55:31.892715006,1337436.0506782574
C00457,retail,41,M,Sonora,Government Employee,2021-09-27 22:15:54.886855010,938630.9867437481
C00458,retail,31,F,Coahuila,Teacher,2023-12-02 15:45:07.396587875,418401.3451551971
C00459,retail,35,F,Michoacán,Retired,2021-02-26 12:30:20.783636053,286628.8815079039
C00460,retail,34,M,Ciudad de México,Sales,2025-01-15 23:49:55.441456943,609185.3330822212
C00461,retail,49,F,Zacatecas,Teacher,2023-02-25 02:34:46.591784413,368932.4016030553
C00462,retail,45,F,Aguascalientes,Student,2024-06-23 09:17:58.843073326,267402.092135569
C00463,retail,26,F,Guerrero,Lawyer,2021-07-24 11:51:36.981099586,1308985.9748365125
C00464,retail,36,F,Veracruz,Consultant,2021-03-28 05:21:52.923261247,1019563.0099488297
C00465,SME,52,M,Baja California,Student,2020-01-30 06:00:00.068054269,264679.09105255664
C00466,retail,46,M,Tabasco,Consultant,2021-09-10 19:12:52.242679083,857792.2014581636
C00467,retail,48,F,Querétaro,Business Owner,2025-01-09 13:04:33.797088490,4643258.133453834
C00468,retail,46,M,Nayarit,Business Owner,2021-07-24 05:14:20.377528766,2191618.887750354
C00469,retail,61,F,Jalisco,Consultant,2020-05-03 16:43:39.595014343,1644452.9354081824
C00470,SME,44,M,Guerrero,Business Owner,2025-12-06 12:43:04.460062565,1811633.4366216292
C00471,retail,37,F,Nayarit,Teacher,2020-09-08 19:22:34.660685972,585930.8531014568
C00472,SME,31,M,Chiapas,Student,2020-10-14 00:18:56.985474651,183783.56141939983
C00473,retail,44,M,Coahuila,Teacher,2020-03-08 21:50:00.229945023,418207.442744497
C00474,retail,18,F,Campeche,Student,2023-09-10 22:18:49.578062119,191146.92473525746
C00475,retail,39,M,Hidalgo,Government Employee,2024-06-17 06:14:02.111372467,615854.8169166397
C00476,corporate,39,M,Michoacán,Business Owner,2025-07-21 19:06:47.560348802,2570964.807981315
C00477,retail,25,M,Querétaro,Business Owner,2021-04-18 19:15:22.084041236,2243735.4992471607
C00478,retail,30,F,Tamaulipas,Freelancer,2021-03-30 17:16:23.810401143,1181168.7492806725
C00479,SME,51,F,Michoacán,Business Owner,2024-06-27 15:45:35.722163053,1749589.596730729
C00480,retail,44,M,Nuevo León,Lawyer,2022-05-17 12:19:21.129168397,1549262.1422160594
C00481,retail,43,M,Campeche,Accountant,2021-11-16 08:28:44.090595875,713213.4463004486
C00482,retail,45,M,Oaxaca,Business Owner,2025-04-19 09:57:49.617203572,2139685.393804546
C00483,retail,43,F,Yucatán,Student,2022-06-21 08:16:29.394532350,204416.2079058479
C00484,retail,56,M,Oaxaca,Doctor,2024-03-15 11:21:59.682147138,1243383.3599236873
C00485,retail,43,M,Tamaulipas,Sales,2025-10-31 06:29:24.862021016,466891.11744520674
C00486,SME,24,M,Aguascalientes,Freelancer,2020-02-10 03:17:31.219434329,1012919.5725470313
C00487,retail,61,F,Hidalgo,Retired,2025-07-28 18:30:56.586910320,685810.1503745283
C00488,retail,46,F,Oaxaca,Government Employee,2020-08-12 23:44:52.351434585,458992.3225051027
C00489,SME,34,F,Oaxaca,Consultant,2022-11-30 21:56:54.139636746,693005.7074179642
C00490,retail,26,M,Querétaro,Freelancer,2025-05-01 04:05:16.070442323,515518.1167203074
C00491,retail,46,F,Ciudad de México,Accountant,2022-12-28 11:30:25.794160499,726978.7040506068
C00492,retail,40,F,Durango,Lawyer,2023-09-12 06:20:11.489677916,961160.4801059165
C00493,retail,60,M,Zacatecas,Retired,2023-10-01 06:53:00.199186352,686711.0331914653
C00494,retail,37,M,Chihuahua,Lawyer,2023-03-19 15:23:48.231306796,1535042.7468184454
C00495,retail,31,M,Querétaro,Doctor,2021-06-09 07:38:39.149071576,1476299.479270326
C00496,retail,52,F,Coahuila,Business Owner,2020-01-17 00:26:35.161579907,2304932.189694984
C00497,retail,53,F,Quintana Roo,Accountant,2020-08-20 04:43:45.655920529,613272.7073736634
C00498,retail,44,F,Michoacán,Engineer,2025-05-15 07:13:40.686270500,785154.1767442726
C00499,SME,50,M,Morelos,Student,2020-06-22 00:45:51.698636982,242740.53003266943
C00500,corporate,41,M,San Luis Potosí,Consultant,2024-06-06 05:32:28.930801397,1612333.546231596
C00501,retail,44,F,Aguascalientes,Engineer,2025-07-07 00:22:32.145047621,1116772.1936692968
C00502,retail,55,M,Yucatán,Retired,2020-03-21 10:28:51.470836641,458431.4071004258
C00503,retail,49,F,Ciudad de México,Engineer,2025-03-26 14:45:43.000686073,702425.4013501169
C00504,retail,39,F,Veracruz,Lawyer,2020-02-11 02:29:46.169057006,982616.2080731281
C00505,retail,58,M,Jalisco,Government Employee,2021-11-12 01:51:10.102059408,787864.4778033341
C00506,retail,18,M,México,Student,2023-10-02 14:47:08.811981116,248107.53163701354
C00507,SME,66,F,Campeche,Retired,2020-02-22 23:19:52.615847100,468922.8454338967
C00508,retail,21,M,Sinaloa,Student,2022-02-05 23:56:26.894235939,204333.09222721966
C00509,SME,34,F,Colima,Engineer,2025-12-27 09:57:48.310158260,1112819.8567049198
C00510,retail,41,M,Sinaloa,Government Employee,2025-08-27 03:48:21.108990709,846715.0942756317
C00511,retail,40,F,México,Retired,2022-02-03 07:12:06.640866720,313287.51142125507
C00512,retail,54,F,Veracruz,Lawyer,2020-02-07 08:45:25.988079044,1040866.5129110186
C00513,SME,29,F,Querétaro,Business Owner,2024-07-30 12:58:20.388772765,3031168.5447793263
C00514,retail,45,M,Sinaloa,Retired,2022-12-28 18:01:03.579460967,454452.8345858122
C00515,retail,35,F,Campeche,Consultant,2024-09-20 16:54:20.794187355,1096694.1559024462
C00516,retail,45,M,Nuevo León,Business Owner,2022-06-22 23:31:04.975163474,3790977.8783421735
C00517,retail,41,M,Baja California Sur,Teacher,2022-01-18 13:14:50.124458318,321801.45619863924
C00518,retail,43,M,Colima,Sales,2024-03-18 08:43:19.654271800,556417.1918422014
C00519,corporate,35,M,Baja California,Sales,2023-12-21 21:29:59.858788505,420418.3609349313
C00520,retail,35,M,Tamaulipas,Doctor,2025-04-16 14:57:18.758836090,859232.9542827165
C00521,retail,45,M,Querétaro,Lawyer,2024-03-02 21:38:50.706381976,1157865.0544907167
C00522,retail,53,F,Sinaloa,Sales,2021-11-19 20:53:32.779758261,361389.82056456077
C00523,SME,34,F,Yucatán,Consultant,2020-02-26 16:43:04.392397187,887336.6810595948
C00524,retail,31,M,Sinaloa,Sales,2024-09-21 17:15:55.975764599,579556.1811902788
C00525,retail,49,F,Colima,Engineer,2023-12-10 23:54:07.045240033,1181597.2596619548
C00526,retail,41,M,Colima,Government Employee,2021-07-23 13:06:55.575327769,778979.1890174958
C00527,retail,51,M,Morelos,Student,2022-05-13 05:10:11.496623297,213554.89540061713
C00528,retail,31,F,Michoacán,Retired,2022-08-05 03:48:52.464151382,422083.106064972
C00529,retail,20,M,Michoacán,Student,2025-04-20 14:13:04.696031790,228736.3844116696
C00530,retail,35,F,Michoacán,Lawyer,2020-08-11 20:20:22.030042582,784365.301650876
C00531,retail,32,M,Tabasco,Consultant,2020-10-16 00:58:51.950295328,740981.44394371
C00532,corporate,41,M,Coahuila,Sales,2022-01-03 20:10:14.794510747,346456.7186615104
C00533,corporate,34,M,Veracruz,Teacher,2020-12-17 07:28:38.889748899,508666.1767589045
C00534,retail,50,F,México,Consultant,2021-10-24 05:12:18.132079373,1511279.8042956493
C00535,retail,38,F,Morelos,Business Owner,2025-03-13 01:56:39.678147432,3240099.534547239
C00536,SME,43,F,Sinaloa,Sales,2023-07-27 16:08:49.238001102,885549.648311862
C00537,retail,43,F,Baja California Sur,Student,2020-05-30 05:42:01.634332644,195105.07454549047
C00538,retail,44,M,Aguascalientes,Business Owner,2022-07-21 17:37:37.958183649,4941840.933576253
C00539,retail,41,F,Colima,Government Employee,2025-05-05 16:42:43.195014960,626672.2203954582
C00540,retail,48,M,Coahuila,Engineer,2024-11-11 19:03:29.458477203,653043.1700767842
C00541,SME,32,M,Nayarit,Government Employee,2025-05-08 11:21:17.737825231,960297.521484856
C00542,retail,58,F,Veracruz,Government Employee,2021-12-11 09:50:40.026793888,628029.785714525
C00543,retail,39,M,Quintana Roo,Accountant,2021-04-02 15:16:12.288926333,643143.2159943194
C00544,retail,26,M,Chiapas,Sales,2024-07-06 01:08:48.035155857,388976.78129177564
C00545,retail,44,F,México,Business Owner,2025-03-27 21:20:49.487291138,1851864.7076734002
C00546,retail,31,F,Coahuila,Lawyer,2024-03-24 11:47:39.889783062,1775064.3914921733
C00547,retail,49,F,Durango,Retired,2022-06-27 06:21:47.270827646,386788.35193058837
C00548,retail,68,M,Michoacán,Retired,2025-07-20 11:56:33.163485265,690013.643497746
C00549,retail,32,M,Tamaulipas,Doctor,2023-12-11 06:01:03.153385605,1031150.8208434476
C00550,retail,45,F,Quintana Roo,Government Employee,2022-03-19 06:15:45.320101348,461993.157330459
C00551,retail,20,F,Baja California,Student,2021-09-17 18:09:40.871233797,202003.88531240457
C00552,retail,47,F,Nayarit,Teacher,2020-04-09 07:45:39.096025179,464742.21396410407
C00553,retail,31,F,México,Engineer,2024-07-30 18:42:18.296168466,665764.7507809675
C00554,retail,34,F,Quintana Roo,Doctor,2022-01-12 21:30:49.471431232,1287857.271616901
C00555,retail,28,M,Nuevo León,Government Employee,2020-03-17 08:10:09.433958387,467840.4545265203
C00556,retail,50,F,Oaxaca,Accountant,2025-12-31 10:20:11.699831452,984778.6268953534
C00557,retail,54,F,Yucatán,Sales,2024-09-20 02:46:54.653134488,792108.152028567
C00558,retail,42,F,Jalisco,Student,2023-01-21 16:16:44.286764742,214263.45041214197
C00559,retail,31,M,Quintana Roo,Lawyer,2025-12-22 22:10:17.581589805,1504248.9101243261
C00560,retail,61,F,Veracruz,Engineer,2021-01-07 09:42:58.432399375,1100282.9707314933
C00561,retail,32,F,Baja California,Freelancer,2020-09-05 02:17:22.072967863,790133.4340699905
C00562,retail,18,F,Tlaxcala,Student,2024-11-09 20:35:58.954545527,223960.25563609746
C00563,retail,47,F,Nayarit,Doctor,2020-11-19 15:21:49.577131465,1108677.471666062
C00564,retail,28,M,Ciudad de México,Student,2021-10-07 05:39:34.212131927,274348.25003303884
C00565,retail,53,M,Tabasco,Lawyer,2024-05-02 14:51:50.683780879,951981.2501136409
C00566,retail,37,M,Aguascalientes,Consultant,2020-09-06 06:12:44.864608101,1001693.8360266254
C00567,retail,49,M,Michoacán,Doctor,2024-01-15 07:28:37.834033527,912549.1961648318
C00568,retail,58,F,Guerrero,Doctor,2025-05-24 06:43:20.067196848,1079337.0811615048
C00569,SME,27,M,Guerrero,Lawyer,2025-02-21 11:00:16.839157959,703818.2452145154
C00570,retail,35,F,Nuevo León,Lawyer,2022-03-25 17:31:24.551828447,985241.6502213748
C00571,retail,41,M,Durango,Freelancer,2022-06-07 22:10:53.536057193,573479.754427238
C00572,retail,60,M,Oaxaca,Business Owner,2024-09-20 11:21:51.107721080,1798560.5249029004
C00573,retail,34,M,Chiapas,Teacher,2022-10-24 18:18:21.243328446,340543.3490121144
C00574,retail,34,F,Yucatán,Student,2024-09-02 09:53:40.878415003,242600.59077462918
C00575,retail,47,M,Baja California Sur,Consultant,2022-12-17 01:21:21.396147870,1797622.6197143758
C00576,SME,35,M,Ciudad de México,Teacher,2022-05-28 01:36:08.619136577,434258.233964934
C00577,retail,43,F,Puebla,Engineer,2022-03-01 07:29:43.558088597,665761.3367956685
C00578,SME,23,F,Quintana Roo,Student,2024-08-04 08:58:16.658578825,214204.8711610781
C00579,retail,68,F,México,Retired,2025-03-20 01:17:02.781348088,637850.0934740879
C00580,retail,25,M,Jalisco,Sales,2021-10-12 09:42:12.280878441,593075.461052658
C00581,retail,38,M,Guanajuato,Engineer,2024-09-30 13:54:12.785901391,591553.3766798936
C00582,corporate,41,F,Hidalgo,Doctor,2020-02-16 22:00:59.239279410,1296455.8635604728
C00583,retail,64,F,Coahuila,Business Owner,2024-03-26 03:11:37.497442949,1363786.567272766
C00584,retail,26,F,Tabasco,Business Owner,2023-06-07 23:18:16.623214744,959050.9928960205
C00585,retail,65,M,Sinaloa,Consultant,2023-11-03 16:17:45.776982787,883527.5704317524
C00586,retail,51,M,Baja California,Student,2023-09-19 00:58:25.615960373,200170.98963219143
C00587,retail,47,M,Baja California Sur,Teacher,2022-03-30 15:47:36.493972939,541999.5947473416
C00588,retail,30,F,Oaxaca,Business Owner,2022-12-01 12:33:04.566263145,2783636.036128587
C00589,retail,48,M,Colima,Lawyer,2024-08-19 19:36:43.335446060,1468878.1846559912
C00590,retail,33,F,Aguascalientes,Sales,2025-02-10 04:54:44.551705102,582521.6942402101
C00591,retail,57,M,Sinaloa,Lawyer,2021-07-28 11:31:37.119065872,1102807.5412572003
C00592,retail,30,F,Puebla,Retired,2025-12-11 19:10:55.414071147,486798.9369156748
C00593,retail,40,M,Campeche,Engineer,2021-10-21 02:39:46.691243199,804140.7136475577
C00594,retail,35,F,Hidalgo,Engineer,2025-07-18 11:27:15.132027452,525960.8628267216
C00595,retail,30,M,San Luis Potosí,Accountant,2025-03-03 17:05:58.086345858,876490.0597964809
C00596,retail,50,F,Jalisco,Accountant,2024-11-08 08:33:34.207460003,1073492.190480445
C00597,retail,48,F,Ciudad de México,Consultant,2023-10-20 09:16:15.612025335,1133050.7575876266
C00598,retail,56,M,Baja California Sur,Student,2021-08-28 07:14:18.199050477,230848.38178514937
C00599,retail,20,F,Jalisco,Student,2021-02-04 19:43:58.657127451,185492.31120534823
C00600,retail,54,F,Campeche,Consultant,2023-02-06 15:43:11.712120030,1835569.517409207
C00601,retail,72,F,Morelos,Retired,2024-03-15 22:11:27.544959404,668105.5534797059
C00602,retail,36,F,México,Student,2024-08-15 11:12:41.950011889,277577.5073008152
C00603,retail,64,F,Guerrero,Lawyer,2021-09-13 03:12:57.422723220,727614.6721956995
C00604,retail,38,M,Jalisco,Doctor,2022-11-28 05:44:10.250994514,1430157.4770314386
C00605,retail,25,M,Nuevo León,Teacher,2024-11-28 01:42:18.176451503,309582.28931367974
C00606,retail,38,F,Durango,Retired,2025-07-22 08:58:38.383004054,450058.8900306622
C00607,retail,54,M,Chiapas,Freelancer,2022-09-28 07:34:54.060784140,700624.1547250487
C00608,retail,31,M,Yucatán,Business Owner,2025-03-12 08:33:59.731352477,4286209.868415358
C00609,retail,34,F,Tlaxcala,Accountant,2025-09-07 20:27:42.398652904,925602.2002769931
C00610,retail,49,M,San Luis Potosí,Retired,2021-05-29 23:59:50.698615186,608694.4005218451
C00611,retail,42,F,Zacatecas,Doctor,2025-04-24 12:34:30.581870775,1407531.532591112
C00612,retail,49,F,Veracruz,Sales,2021-04-12 06:28:25.353098808,559446.5743911922
C00613,retail,44,F,Morelos,Student,2025-10-25 21:01:49.653517804,273631.0626744141
C00614,retail,47,M,Morelos,Retired,2022-06-15 12:23:38.802292237,280614.9605155419
C00615,retail,36,M,Baja California Sur,Lawyer,2025-02-26 15:14:54.877135162,1133456.1518470692
C00616,SME,44,M,Michoacán,Engineer,2023-01-04 15:36:33.765409763,521092.9025414236
C00617,retail,30,M,Sinaloa,Student,2023-02-28 15:04:36.461952055,289838.7231532966
C00618,retail,57,M,Ciudad de México,Government Employee,2023-06-04 06:50:23.451890728,970890.6057808265
C00619,retail,34,M,Morelos,Doctor,2023-02-25 15:28:58.649333353,858757.4261407743
C00620,retail,55,F,Oaxaca,Sales,2025-08-12 19:54:30.670814663,596207.8514916888
C00621,retail,39,F,Guerrero,Lawyer,2022-11-19 00:22:36.812570090,990167.8527438493
C00622,retail,44,F,San Luis Potosí,Sales,2024-08-25 04:48:08.822513297,472647.6275651554
C00623,retail,36,F,Baja California,Freelancer,2020-05-02 05:34:01.768102134,650700.5120755461
C00624,retail,29,M,Zacatecas,Doctor,2021-03-19 06:18:54.486507960,887546.3007441508
C00625,retail,21,F,Oaxaca,Student,2021-05-31 19:16:31.339180139,201692.6046242683
C00626,retail,29,F,Michoacán,Teacher,2020-09-04 04:23:38.915058902,530948.0414198381
C00627,retail,38,M,Quintana Roo,Accountant,2021-06-16 05:33:45.583357057,413129.1553621512
C00628,retail,44,F,Quintana Roo,Doctor,2022-04-09 12:50:50.625559986,1219861.3152109624
C00629,retail,54,M,Puebla,Accountant,2025-03-13 01:20:50.881072704,623242.3503678563
C00630,retail,36,M,Quintana Roo,Doctor,2024-07-10 09:23:13.039629179,1382545.322569216
C00631,retail,31,F,Chihuahua,Retired,2020-01-11 17:22:48.550128624,520003.52848441544
C00632,retail,24,F,Baja California,Student,2021-01-06 15:36:40.350070110,264971.65217666136
C00633,retail,47,F,Ciudad de México,Teacher,2020-10-14 10:06:25.760220551,345770.1869203594
C00634,retail,58,F,Chiapas,Student,2024-02-26 00:16:09.075682926,211903.7496241673
C00635,retail,57,F,Nayarit,Student,2022-05-29 02:29:45.647007993,299601.34974625334
C00636,retail,50,F,Querétaro,Government Employee,2023-09-16 15:37:28.330656993,603557.0064887035
C00637,retail,49,M,Sonora,Doctor,2020-11-29 15:51:44.292752856,1051206.002592152
C00638,retail,62,F,Puebla,Government Employee,2022-07-18 18:47:01.250878726,911699.6251394509
C00639,retail,45,M,Nayarit,Accountant,2023-04-02 02:21:36.618070511,423152.25927880325
C00640,retail,49,M,Tlaxcala,Teacher,2023-10-22 22:36:12.170289587,513909.8794438095
C00641,retail,38,M,Durango,Government Employee,2025-03-19 17:09:19.002448172,447180.25990736077
C00642,retail,25,F,Durango,Sales,2021-07-15 13:27:08.450690386,489299.6825977375
C00643,retail,33,F,Quintana Roo,Teacher,2021-10-30 07:27:30.641897821,379911.02852520306
C00644,retail,41,F,Durango,Lawyer,2021-03-24 16:53:46.473325633,645387.3492812088
C00645,retail,42,M,Tlaxcala,Doctor,2020-12-19 13:02:06.919186864,1091558.9102901237
C00646,retail,65,F,Nayarit,Engineer,2025-09-10 00:59:56.986731496,1052442.9040395839
C00647,retail,42,M,Michoacán,Student,2023-03-17 14:51:26.110153720,294235.48386965954
C00648,retail,56,M,Quintana Roo,Student,2022-10-23 14:52:05.546888274,254862.98080617609
C00649,retail,36,F,Veracruz,Engineer,2022-11-11 23:52:56.407732304,772186.3534839974
C00650,retail,38,M,Chihuahua,Freelancer,2021-12-17 19:37:00.886592094,969856.0434025758
C00651,retail,26,F,Guerrero,Sales,2024-03-01 15:18:19.781164991,578396.094452977
C00652,retail,33,M,Tamaulipas,Freelancer,2023-07-26 16:10:28.809407525,567620.6475109415
C00653,retail,48,M,Campeche,Engineer,2025-12-23 23:30:19.761308668,625362.9638767749
C00654,retail,42,F,Oaxaca,Retired,2022-09-12 15:35:14.516609447,608259.2890816601
C00655,retail,53,M,Michoacán,Engineer,2021-10-24 02:37:22.942180215,850298.5537877022
C00656,retail,44,M,Tamaulipas,Doctor,2024-09-01 18:16:53.201437917,1474663.5827214853
C00657,retail,37,M,Querétaro,Retired,2024-11-07 15:15:56.638085917,610860.1220665243
C00658,retail,67,F,Sinaloa,Retired,2023-04-03 21:07:53.455708609,439007.67363014375
C00659,retail,40,F,Sonora,Teacher,2025-09-23 04:45:44.020309891,596340.7571970238
C00660,retail,55,F,Querétaro,Lawyer,2022-11-29 03:18:43.471479428,1144070.2448139782
C00661,retail,37,F,Querétaro,Business Owner,2025-09-14 06:58:25.890967873,1043422.7120470664
C00662,corporate,50,F,Guanajuato,Student,2023-04-06 17:46:09.168654106,242002.2428680378
C00663,retail,53,F,Aguascalientes,Engineer,2023-04-29 17:07:12.638668599,1106010.8994025243
C00664,retail,44,F,Chiapas,Engineer,2025-04-18 11:48:02.538452186,1098809.77840323
C00665,retail,18,F,Yucatán,Student,2023-09-13 07:26:41.669646382,248996.60460371058
C00666,retail,42,M,Morelos,Student,2021-08-29 09:24:56.077987588,225603.20439331842
C00667,retail,56,F,Guanajuato,Engineer,2024-01-25 04:43:34.788268334,507070.43171786255
C00668,retail,48,M,Jalisco,Doctor,2023-09-12 12:36:26.190763930,1017987.1566674379
C00669,retail,47,M,Ciudad de México,Sales,2020-10-08 13:22:17.230714684,893376.5650586046
C00670,retail,21,F,Durango,Student,2023-03-19 01:10:16.644732880,267179.6504861926
C00671,retail,33,M,Campeche,Doctor,2020-09-18 00:17:29.410892679,1302312.7122661078
C00672,retail,46,F,Baja California,Freelancer,2022-11-25 17:01:21.467896844,961084.1514151514
C00673,retail,46,F,Sinaloa,Engineer,2023-11-23 21:32:36.240246692,934079.9884527444
C00674,retail,56,M,Chihuahua,Lawyer,2025-09-02 20:54:41.772511981,1303030.9744686666
C00675,retail,40,F,Veracruz,Retired,2022-04-08 00:40:12.766052017,454129.1185323419
C00676,corporate,46,F,Tabasco,Accountant,2025-03-24 00:17:18.142973203,710754.2395027746
C00677,retail,42,M,Tlaxcala,Doctor,2024-08-19 08:53:54.191185732,1409594.7896544945
C00678,retail,30,F,Sonora,Government Employee,2023-04-03 21:30:44.273884432,575419.776644008
C00679,SME,18,F,Baja California Sur,Student,2020-03-23 01:51:01.502946781,280835.8543799107
C00680,retail,47,M,Hidalgo,Sales,2023-07-11 22:18:48.297589073,794528.2143906347
C00681,retail,44,M,Guerrero,Consultant,2020-01-29 20:09:50.184673907,1656348.069910466
C00682,retail,34,M,Nayarit,Retired,2025-07-26 18:15:10.338306510,266939.11758095067
C00683,retail,22,M,Chihuahua,Student,2022-03-05 01:35:30.245541968,197756.81730067878
C00684,retail,49,M,Durango,Lawyer,2020-09-06 16:54:33.112180097,977646.4853289602
C00685,SME,38,F,Chihuahua,Retired,2023-10-23 17:13:13.715879351,631390.851550109
C00686,retail,48,M,Veracruz,Teacher,2021-10-16 07:30:36.661926782,649304.6258018478
C00687,retail,64,F,Tamaulipas,Government Employee,2022-05-08 12:50:27.762627847,329090.14760613884
C00688,retail,18,M,Tamaulipas,Student,2022-05-07 00:55:51.005685961,218967.271099985
C00689,retail,33,M,Sinaloa,Retired,2021-01-24 22:45:00.046884445,632673.7424713364
C00690,retail,39,F,Chiapas,Business Owner,2023-05-02 05:17:57.198463292,1773681.2205447736
C00691,retail,59,F,Tabasco,Accountant,2022-08-01 16:59:21.335638931,1083203.2906212988
C00692,retail,22,F,México,Student,2021-09-15 22:12:24.159253462,238716.94129288985
C00693,retail,65,M,México,Retired,2025-04-26 17:58:24.589284004,671791.6475419739
C00694,retail,43,F,Guerrero,Government Employee,2021-03-24 00:07:17.407525106,600178.9048820784
C00695,retail,40,M,Ciudad de México,Accountant,2021-06-16 16:58:59.574261684,626659.572760268
C00696,retail,39,M,Hidalgo,Retired,2021-05-17 06:09:54.552249943,413084.94125415897
C00697,retail,36,M,Michoacán,Student,2022-11-28 09:38:45.561344755,286116.9542042633
C00698,retail,54,F,Puebla,Sales,2020-07-13 10:25:32.076331783,464948.4317768025
C00699,retail,29,M,Baja California,Accountant,2021-02-06 07:26:08.945444452,868543.0243680187
C00700,retail,46,F,Morelos,Accountant,2022-07-07 16:47:15.864981244,728890.3473298913
C00701,retail,37,F,Ciudad de México,Accountant,2022-03-10 08:12:10.529869700,1059170.773779982
C00702,retail,32,F,Sonora,Engineer,2021-02-18 02:37:04.944222586,611554.5898132707
C00703,retail,73,M,Quintana Roo,Retired,2025-12-04 17:30:09.906879408,442896.0022026591
C00704,retail,47,M,Nuevo León,Accountant,2022-06-18 02:58:39.854911979,487243.79296599724
C00705,retail,49,M,Yucatán,Doctor,2024-06-16 22:33:44.508802999,1204698.1175114743
C00706,corporate,55,M,Tamaulipas,Sales,2022-01-22 13:40:24.714956701,511884.8772689416
C00707,retail,24,F,Chihuahua,Retired,2021-06-20 19:43:07.919379953,277421.81555521995
C00708,retail,63,F,Sonora,Freelancer,2024-08-26 08:12:53.346922404,1049838.9596048628
C00709,retail,18,F,Campeche,Student,2021-12-04 04:11:15.531039980,225062.14945875554
C00710,retail,32,F,Veracruz,Engineer,2024-06-14 00:23:05.772532742,845542.0122960657
C00711,retail,36,F,Sinaloa,Student,2022-02-10 01:07:23.407802083,228902.00777136488
C00712,retail,48,M,México,Freelancer,2023-12-08 02:44:10.172025704,688653.1671026447
C00713,retail,44,F,Nayarit,Retired,2022-02-16 01:46:02.070385132,257346.35527584303
C00714,retail,39,M,Veracruz,Government Employee,2025-08-18 01:53:15.558444398,870822.4859751117
C00715,retail,41,F,Tabasco,Lawyer,2024-07-28 06:01:23.344220504,998769.9466433844
C00716,SME,30,F,Guerrero,Government Employee,2020-08-29 08:53:48.818880588,807123.9595600648
C00717,retail,24,F,Yucatán,Accountant,2023-10-06 08:40:33.418928392,445420.8216535876
C00718,SME,50,M,Guerrero,Doctor,2022-11-18 01:03:10.602007271,1166678.2005739165
C00719,retail,50,F,Oaxaca,Student,2024-08-02 09:54:48.088882751,289055.9454404606
C00720,retail,61,F,Morelos,Doctor,2022-06-16 09:15:59.195982686,1078774.0231006169
C00721,SME,32,F,Coahuila,Lawyer,2024-08-24 17:59:56.467487068,836711.0093598468
C00722,retail,50,F,Veracruz,Government Employee,2021-02-12 14:03:11.430318569,369356.9090617252
C00723,retail,38,M,Oaxaca,Freelancer,2020-07-12 06:59:39.714714687,1059088.8225760562
C00724,retail,56,M,Chiapas,Business Owner,2021-12-10 02:22:34.182662828,1726867.0164525823
C00725,retail,54,F,Yucatán,Teacher,2024-07-27 06:32:42.768581932,690029.419670572
C00726,retail,44,F,Guerrero,Engineer,2022-06-17 05:33:33.388038244,673476.1961523187
C00727,retail,37,F,Morelos,Lawyer,2025-11-01 10:39:46.920477635,1177189.6758823555
C00728,retail,53,M,Baja California,Student,2024-11-10 23:36:27.476948098,234959.75381003183
C00729,retail,49,M,Tamaulipas,Engineer,2021-05-30 11:47:39.734665601,543406.7955661746
C00730,retail,33,M,Campeche,Government Employee,2020-09-22 10:11:19.011488139,672288.1257116334
C00731,retail,26,M,Baja California,Doctor,2024-09-25 18:25:27.237245219,1270849.3584229555
C00732,retail,38,M,Jalisco,Lawyer,2022-12-18 01:33:31.939615484,1490563.5380851254
C00733,retail,60,M,Jalisco,Lawyer,2020-08-19 02:28:38.852112458,1227110.6301648712
C00734,retail,55,F,Zacatecas,Doctor,2024-04-12 12:56:27.360467009,1368810.428170112
C00735,retail,28,F,Hidalgo,Doctor,2021-05-11 19:38:15.931781885,1326469.003388244
C00736,retail,27,M,Morelos,Business Owner,2025-09-16 05:43:47.473273579,1534089.7359493622
C00737,retail,57,F,Sonora,Student,2021-04-13 04:20:46.395724854,228192.60342950272
C00738,retail,28,F,Morelos,Government Employee,2023-08-20 07:04:47.210348659,399807.4384279487
C00739,retail,48,M,Querétaro,Lawyer,2021-05-12 15:40:51.430141069,760108.5179487595
C00740,retail,34,F,Nayarit,Consultant,2022-10-17 17:50:35.991381040,1568191.744062172
C00741,retail,61,F,Baja California Sur,Consultant,2025-12-12 03:52:10.419561164,1295689.2290255097
C00742,retail,32,M,Puebla,Student,2020-11-09 01:12:30.386115530,252114.57796718078
C00743,retail,55,M,Michoacán,Student,2021-02-27 04:14:28.869472450,267862.846176994
C00744,retail,44,M,Nuevo León,Sales,2023-05-06 17:53:41.576055033,430202.98314006755
C00745,retail,45,F,Chihuahua,Engineer,2024-08-07 10:23:35.678221277,780953.7724188176
C00746,retail,18,M,Quintana Roo,Student,2020-07-04 09:16:31.047751105,252816.97748112347
C00747,retail,18,M,Sonora,Student,2021-11-02 19:32:37.344663610,191595.57439918476
C00748,retail,39,F,Chihuahua,Accountant,2024-06-26 05:34:36.566820411,983138.6898907612
C00749,SME,44,M,Nayarit,Sales,2024-08-08 22:09:04.451172184,473242.5991723936
C00750,retail,28,F,Ciudad de México,Retired,2022-11-11 16:24:37.286681551,546439.5015686618
C00751,retail,28,M,Nayarit,Doctor,2024-08-06 17:10:03.969649642,1496896.426864673
C00752,SME,48,F,Chihuahua,Freelancer,2024-01-24 00:33:46.038370026,675362.9207397609
C00753,retail,48,M,Ciudad de México,Lawyer,2021-01-03 00:06:20.024081181,858058.3541953679
C00754,retail,40,M,Sinaloa,Retired,2021-07-23 09:48:01.631190189,347395.2458852303
C00755,retail,51,M,Nayarit,Government Employee,2022-11-11 17:41:59.539507519,342263.4117064025
C00756,retail,27,F,Sinaloa,Freelancer,2021-09-05 05:36:40.509194164,967083.0680787611
C00757,retail,37,M,Michoacán,Teacher,2025-01-12 20:41:05.344975477,417372.82946815103
C00758,retail,61,F,San Luis Potosí,Retired,2023-08-28 10:20:23.901662474,327726.76586699963
C00759,retail,42,F,Veracruz,Accountant,2023-06-11 02:34:53.287683493,899587.9373668989
C00760,retail,43,F,Quintana Roo,Doctor,2025-08-04 06:04:37.011094094,1016395.9581265353
C00761,retail,69,M,Hidalgo,Retired,2025-06-28 17:25:14.419797082,520211.6269179227
C00762,retail,25,F,Guanajuato,Retired,2025-04-28 22:58:15.689979315,438022.2140521164
C00763,retail,51,F,Colima,Engineer,2025-06-13 20:39:10.401650152,733907.2449285687
C00764,retail,61,M,Sonora,Accountant,2023-03-23 02:08:05.566700418,742601.2063068673
C00765,retail,38,F,San Luis Potosí,Retired,2020-07-06 15:27:07.016495774,391207.27151072805
C00766,retail,52,F,Morelos,Consultant,2025-07-23 09:36:28.015039395,1805848.2492786949
C00767,retail,30,F,Ciudad de México,Teacher,2025-09-08 13:13:38.154416054,329216.1948103541
C00768,retail,33,M,Chihuahua,Engineer,2020-02-21 03:40:40.419737002,521107.5676164581
C00769,retail,46,F,Aguascalientes,Student,2021-01-24 05:55:49.566157819,228767.56967904972
C00770,retail,51,M,Aguascalientes,Sales,2022-01-20 20:30:53.026458865,362348.53558647353
C00771,retail,55,M,Hidalgo,Teacher,2021-07-10 20:01:05.181565494,597491.3257356051
C00772,retail,60,M,Coahuila,Doctor,2024-01-22 18:49:54.061176938,1047404.0909401127
C00773,retail,41,M,Durango,Accountant,2020-07-26 13:09:39.373810871,583006.6599511779
C00774,retail,56,F,Nayarit,Engineer,2023-03-31 09:24:27.315670514,751567.3836234438
C00775,retail,37,F,Chihuahua,Teacher,2020-12-11 06:11:18.838389153,387793.79200794175
C00776,retail,52,M,Hidalgo,Consultant,2023-11-20 19:08:39.565842751,949479.018152247
C00777,retail,44,M,Chiapas,Freelancer,2021-12-04 21:41:12.040329046,767985.8533556618
C00778,retail,47,M,Puebla,Engineer,2023-09-01 13:01:30.106272220,1104823.6462034406
C00779,retail,47,F,Sonora,Consultant,2024-04-29 05:43:10.130350909,1056304.40924453
C00780,retail,22,F,México,Student,2021-03-05 12:45:17.197361851,218480.93394107287
C00781,retail,28,M,Guerrero,Business Owner,2021-04-08 11:00:31.587317871,4061697.259962977
C00782,retail,43,F,Querétaro,Government Employee,2021-08-28 19:25:41.195804964,315698.49091695284
C00783,retail,21,M,Veracruz,Student,2023-01-27 18:30:16.442774377,216249.46112574422
C00784,retail,51,F,Guanajuato,Government Employee,2025-05-13 06:52:40.295813621,616520.0251517822
C00785,retail,52,F,Zacatecas,Sales,2024-04-28 19:11:27.845910300,640430.6906135974
C00786,SME,45,M,Colima,Doctor,2025-02-20 16:58:32.064135816,909243.2269066153
C00787,retail,28,F,Chiapas,Consultant,2022-03-12 05:20:20.970175443,1149282.0299373348
C00788,retail,58,M,Colima,Teacher,2020-08-09 06:50:41.501218147,526520.7530532287
C00789,retail,66,M,Chiapas,Retired,2023-12-14 01:56:32.718455062,479613.2165635795
C00790,SME,43,F,Durango,Retired,2025-05-09 23:02:48.135299657,508548.55967203435
C00791,retail,48,F,México,Teacher,2022-02-20 10:26:17.748064863,564959.9693828763
C00792,retail,44,M,Chihuahua,Engineer,2024-02-01 02:34:39.228895078,765561.2477647343
C00793,retail,48,F,San Luis Potosí,Retired,2023-05-18 10:03:15.523788921,278636.14743493847
C00794,retail,40,F,Nayarit,Student,2020-11-14 10:36:26.303189416,186666.80943303273
C00795,retail,41,M,Quintana Roo,Student,2022-09-27 06:16:36.473088596,283046.61635702575
C00796,retail,52,M,Baja California Sur,Business Owner,2022-04-23 13:38:49.907986335,3612903.309781961
C00797,SME,70,F,Ciudad de México,Retired,2021-07-09 19:24:35.686736749,593883.8713174467
C00798,retail,25,F,Durango,Consultant,2024-10-30 03:27:53.799624732,1893207.8586999231
C00799,retail,40,M,Coahuila,Doctor,2025-07-28 05:21:14.573731367,1325381.8328583497
C00800,SME,27,F,Yucatán,Student,2022-01-16 11:28:46.097399699,263076.8445110159
C00801,retail,61,F,Nuevo León,Engineer,2021-08-29 02:54:31.787130295,959031.6329930199
C00802,retail,34,M,Yucatán,Engineer,2022-11-24 05:08:06.564173399,681001.6278464522
C00803,retail,24,F,San Luis Potosí,Consultant,2024-04-08 18:40:34.195184764,1935942.0649154081
C00804,retail,49,M,Sonora,Sales,2020-07-08 19:40:06.387640369,602329.3422871882
C00805,retail,62,M,Baja California,Freelancer,2023-12-03 19:30:40.427496149,422074.1166925018
C00806,retail,49,F,Sonora,Student,2021-12-09 16:34:59.863121222,205179.35515494744
C00807,SME,44,F,Tamaulipas,Student,2020-03-29 19:03:58.233509642,277832.7246451963
C00808,SME,46,M,Colima,Government Employee,2021-04-02 14:34:23.146961433,475146.27122799726
C00809,retail,58,F,Coahuila,Engineer,2024-01-10 02:56:39.929481264,528998.5199394871
C00810,retail,31,F,Tamaulipas,Consultant,2021-07-22 12:05:53.451319316,1142618.8376642433
C00811,corporate,40,M,Chiapas,Engineer,2022-08-15 13:31:49.636782670,1072146.1356634693
C00812,retail,36,M,Campeche,Retired,2021-04-19 20:31:57.971894280,436498.25297334546
C00813,retail,27,F,Guanajuato,Retired,2025-09-02 16:05:35.823095220,611597.213468448
C00814,SME,38,F,Sonora,Business Owner,2025-01-20 11:02:34.505915446,4257008.022986287
C00815,retail,55,M,Tamaulipas,Engineer,2021-11-16 13:56:03.416279557,1100395.871659748
C00816,retail,48,M,Veracruz,Government Employee,2023-09-12 15:05:50.987265270,712230.4774360552
C00817,retail,49,M,Durango,Teacher,2021-04-26 16:45:09.522972953,579789.0075397405
C00818,retail,43,M,Aguascalientes,Student,2020-06-26 06:48:17.489850624,211423.34915944995
C00819,retail,48,F,Tlaxcala,Student,2025-12-09 19:03:12.509051432,191963.85285991017
C00820,retail,32,M,Campeche,Consultant,2020-11-25 20:25:47.269901979,1299171.319050651
C00821,retail,38,M,Querétaro,Accountant,2024-01-06 07:51:36.457538452,407407.3354004886
C00822,retail,44,F,Yucatán,Teacher,2023-05-11 00:44:41.427590974,486295.6061187977
C00823,retail,45,M,Chihuahua,Doctor,2020-11-27 09:14:11.051675219,871465.6361423231
C00824,retail,45,M,Nayarit,Accountant,2021-05-16 11:14:15.237024645,475894.318283845
C00825,retail,40,F,Sinaloa,Doctor,2020-02-29 10:48:12.686404460,1409549.26190323
C00826,SME,37,F,Hidalgo,Government Employee,2022-06-10 03:37:44.916896615,748363.3751324171
C00827,retail,79,F,Hidalgo,Retired,2020-04-08 06:58:55.827437090,540356.0796259202
C00828,retail,52,M,Aguascalientes,Sales,2024-06-11 17:25:56.914820938,512910.2435446298
C00829,retail,46,M,Campeche,Accountant,2021-03-03 01:25:46.328242739,689278.4400105833
C00830,retail,39,F,Campeche,Doctor,2024-07-25 13:56:03.931962076,1012175.6880742104
C00831,retail,36,F,Nayarit,Retired,2022-02-05 05:05:21.786101820,445461.77433996927
C00832,retail,40,M,San Luis Potosí,Government Employee,2022-05-11 01:18:39.162542860,710988.1301098613
C00833,retail,45,M,Tabasco,Student,2021-05-24 03:52:00.817646902,202390.87351383525
C00834,retail,19,F,Nayarit,Student,2022-08-15 23:12:29.852386378,211402.2753135976
C00835,retail,23,M,Nayarit,Freelancer,2024-11-20 22:57:03.589528596,694754.4309321376
C00836,retail,34,M,México,Consultant,2023-10-02 11:19:17.307965637,1077170.837818581
C00837,SME,44,M,Nayarit,Teacher,2022-12-17 10:45:52.192489515,627795.4248825349
C00838,retail,39,F,México,Government Employee,2025-09-06 08:38:29.306038825,875181.7406407964
C00839,retail,59,F,Morelos,Accountant,2022-12-04 21:58:00.547309553,635194.7645737268
C00840,retail,24,F,Tlaxcala,Accountant,2023-02-26 02:55:24.872942438,715557.1468044915
C00841,retail,32,M,Chiapas,Sales,2021-01-29 05:17:42.083668383,884782.8503246674
C00842,retail,60,M,Guanajuato,Sales,2022-06-28 12:53:46.537748888,787860.2816120249
C00843,retail,43,M,Michoacán,Doctor,2020-01-31 18:14:48.430631865,950962.507191916
C00844,SME,52,F,Oaxaca,Consultant,2024-02-18 06:36:32.564796018,920343.746060074
C00845,retail,66,F,Baja California,Retired,2022-03-02 15:22:36.818229450,287566.23568907473
C00846,retail,33,F,Morelos,Engineer,2024-09-17 23:39:49.544579986,974476.8776552735
C00847,retail,40,M,Aguascalientes,Consultant,2020-04-27 07:55:25.806060315,975343.2669467861
C00848,corporate,38,F,Nayarit,Engineer,2021-08-21 02:40:12.823344862,875617.1675791289
C00849,retail,18,F,Morelos,Student,2020-11-05 12:49:21.309648239,272177.84197248763
C00850,retail,38,M,Sinaloa,Freelancer,2023-07-06 07:50:19.238776017,1036035.9034147563
C00851,retail,52,M,Yucatán,Lawyer,2020-04-25 02:55:48.372523953,990437.5382526468
C00852,retail,48,F,Nayarit,Business Owner,2024-08-23 22:23:21.095301292,1720162.066666916
C00853,retail,49,F,Nuevo León,Business Owner,2020-11-11 20:54:20.591825802,4348707.250767373
C00854,retail,37,M,Sinaloa,Lawyer,2021-08-07 04:24:24.116020295,1057525.355182337
C00855,retail,34,F,Chiapas,Government Employee,2025-05-10 21:33:55.969386254,875399.5202635773
C00856,retail,57,F,Veracruz,Teacher,2020-11-14 17:58:54.002068263,359905.41001973784
C00857,retail,36,M,Hidalgo,Government Employee,2021-08-24 23:08:22.088319183,938337.4991726278
C00858,retail,45,M,San Luis Potosí,Lawyer,2025-04-03 07:50:12.400747552,1179751.2716791783
C00859,retail,43,M,Quintana Roo,Student,2023-06-01 14:11:58.502117169,200416.1769336084
C00860,retail,59,M,Yucatán,Teacher,2024-07-25 23:31:10.366900100,514027.795173132
C00861,retail,53,M,Zacatecas,Accountant,2022-04-16 13:44:39.482424721,1009012.0573664652
C00862,retail,26,M,Veracruz,Business Owner,2021-07-27 15:58:41.835656648,2374098.18498916
C00863,retail,27,F,Chihuahua,Government Employee,2022-11-24 01:33:03.326247734,424643.23293670337
C00864,retail,48,F,Hidalgo,Sales,2024-06-08 21:20:04.373040002,624762.0839113335
C00865,retail,41,F,Nayarit,Retired,2025-12-14 09:16:46.490306836,625511.0346792811
C00866,retail,36,M,Zacatecas,Teacher,2023-01-10 04:59:37.253360891,348541.6317680367
C00867,retail,54,M,Veracruz,Lawyer,2023-06-09 22:22:15.787430780,649690.0105914414
C00868,retail,44,M,Tlaxcala,Business Owner,2025-10-13 04:38:39.271435409,942062.0786954213
C00869,retail,42,F,Campeche,Freelancer,2024-05-05 17:33:03.412321692,430488.95018917567
C00870,SME,51,M,Ciudad de México,Student,2023-01-24 14:57:28.286909119,180876.2474548242
C00871,retail,37,M,Quintana Roo,Accountant,2023-06-10 06:10:25.131424711,700071.3672536709
C00872,retail,60,F,Baja California Sur,Accountant,2023-09-22 15:35:58.539158647,888425.3154940958
C00873,retail,32,F,Querétaro,Lawyer,2025-12-26 20:50:41.829891207,1452550.5375837279
C00874,retail,49,F,San Luis Potosí,Retired,2021-01-26 16:50:08.569098554,536520.8221700211
C00875,retail,59,M,San Luis Potosí,Freelancer,2023-01-24 03:55:29.497887620,496200.43079514144
C00876,retail,25,M,Colima,Government Employee,2021-03-14 02:51:59.675719259,815157.129933598
C00877,retail,37,F,Hidalgo,Lawyer,2022-03-01 15:21:35.497262493,1291785.6576374955
C00878,retail,55,F,San Luis Potosí,Doctor,2022-02-04 04:07:00.145842037,1402826.2989163527
C00879,retail,55,M,Sonora,Retired,2024-06-26 21:38:03.043346330,465102.95998919074
C00880,retail,39,M,Yucatán,Business Owner,2021-09-27 14:38:36.030822775,1474633.612784231
C00881,retail,33,F,Querétaro,Retired,2021-02-09 14:02:03.024338110,535594.4095182111
C00882,retail,53,F,Guanajuato,Lawyer,2022-04-20 07:49:56.027104094,780941.2260090983
C00883,retail,56,F,Yucatán,Doctor,2020-11-04 12:19:55.954666099,1474202.3543705982
C00884,retail,28,F,Durango,Government Employee,2022-03-13 09:34:18.223571178,792300.3361223445
C00885,retail,27,F,Guanajuato,Student,2023-02-22 00:48:49.175620833,270759.38281258114
C00886,retail,44,M,Baja California Sur,Lawyer,2021-04-12 13:38:21.887144131,1415122.8102293322
C00887,retail,49,M,Sinaloa,Government Employee,2025-09-29 11:27:42.199072924,368291.79650606704
C00888,retail,38,F,Jalisco,Doctor,2025-10-30 14:36:30.267048748,1125710.3389183718
C00889,retail,50,M,Jalisco,Freelancer,2022-04-22 00:37:09.097567042,851415.8943276284
C00890,retail,33,F,Veracruz,Lawyer,2020-03-20 22:40:21.882136059,875227.2770578244
C00891,retail,18,F,Nuevo León,Student,2023-08-16 21:24:37.877850516,261540.93233124178
C00892,retail,36,F,Tamaulipas,Freelancer,2025-10-03 15:31:52.235147216,1019886.2951241536
C00893,retail,42,F,Tamaulipas,Consultant,2021-07-15 07:11:22.642221344,912395.244057422
C00894,retail,38,M,Yucatán,Lawyer,2025-06-27 14:53:41.756425516,839524.1599222096
C00895,retail,28,M,Campeche,Business Owner,2020-01-22 01:04:47.433281013,4497588.788280001
C00896,retail,20,M,Zacatecas,Student,2023-05-29 00:06:10.930296401,180623.34432624083
C00897,retail,35,F,Yucatán,Engineer,2021-07-05 01:16:46.314855381,679023.1896339986
C00898,retail,52,M,Sonora,Government Employee,2024-03-02 01:44:16.629606047,584711.6854325394
C00899,retail,57,F,Aguascalientes,Student,2021-10-01 22:28:19.106967497,260671.83851414654
C00900,retail,56,F,Baja California,Sales,2020-02-17 05:37:25.182917722,898092.2684622812
C00901,retail,32,F,Chihuahua,Doctor,2020-06-09 21:24:20.784653003,1059573.247250268
C00902,retail,28,M,Veracruz,Student,2023-05-02 12:00:52.079606587,293857.99593346834
C00903,retail,47,M,Hidalgo,Sales,2022-10-07 20:34:57.633353675,488403.65017712896
C00904,retail,49,M,Jalisco,Engineer,2021-07-16 18:28:34.902343548,986871.1752080714
C00905,retail,46,M,Tamaulipas,Retired,2022-11-19 13:51:05.309747641,324415.3231630246
C00906,retail,18,M,Aguascalientes,Student,2023-05-12 16:28:38.145211620,235249.40343802917
C00907,retail,31,M,Tamaulipas,Retired,2021-03-11 10:19:49.564543678,642073.9546611857
C00908,retail,41,F,Sinaloa,Retired,2023-05-15 19:01:28.835452424,393997.79102759424
C00909,retail,47,M,Colima,Freelancer,2025-10-11 20:56:22.089184543,305202.70388333156
C00910,retail,51,M,Nayarit,Sales,2024-05-28 03:12:34.511610038,589764.1910239803
C00911,retail,43,F,Jalisco,Sales,2020-03-01 02:42:05.419149833,535697.9856192933
C00912,retail,45,F,Baja California,Lawyer,2023-05-31 10:52:04.385834582,875447.7856830498
C00913,retail,43,F,San Luis Potosí,Student,2024-11-27 06:58:23.799797022,288674.73275288596
C00914,retail,50,M,Guerrero,Retired,2023-10-12 10:51:29.668405791,520759.6338678521
C00915,retail,45,F,Tabasco,Freelancer,2025-01-28 13:54:05.214166424,547173.9690068946
C00916,retail,42,F,San Luis Potosí,Business Owner,2023-09-19 22:23:22.198830019,4983365.324063184
C00917,retail,38,F,Aguascalientes,Business Owner,2023-06-29 17:15:45.802179177,1291534.8116516853
C00918,SME,42,M,Veracruz,Teacher,2021-08-12 03:44:11.183320895,639181.4529849903
C00919,retail,47,F,Puebla,Teacher,2022-09-01 02:55:29.812938939,392250.2049384658
C00920,retail,45,M,México,Freelancer,2025-12-01 21:16:42.105498324,439507.0974098197
C00921,retail,46,F,Guanajuato,Government Employee,2020-01-26 03:40:56.430227972,648714.0369305812
C00922,retail,58,M,Zacatecas,Consultant,2025-04-22 10:55:01.273754667,1492913.616668248
C00923,retail,45,F,Nayarit,Teacher,2025-08-07 03:48:16.732069268,576185.9294678932
C00924,retail,34,F,Morelos,Lawyer,2025-06-24 12:52:16.179106941,626553.185450875
C00925,retail,52,M,Baja California Sur,Retired,2020-10-30 21:11:21.742486838,379086.36579683144
C00926,retail,25,F,México,Accountant,2020-02-08 07:28:06.636241501,862423.5132955725
C00927,retail,29,M,Hidalgo,Teacher,2025-12-10 11:16:20.231479661,655894.8072099106
C00928,retail,46,M,Baja California Sur,Lawyer,2021-01-04 00:11:58.658962306,1403869.7359784516
C00929,retail,48,M,Hidalgo,Business Owner,2024-08-22 10:28:24.917240510,1843289.919321662
C00930,retail,27,F,Sonora,Accountant,2022-12-25 04:35:18.239599425,755441.4320641514
C00931,retail,37,M,Zacatecas,Consultant,2021-01-26 18:09:11.295105780,1471365.2756945235
C00932,retail,34,F,Ciudad de México,Student,2025-01-07 09:11:28.119626641,196240.85744699385
C00933,corporate,36,F,Durango,Engineer,2022-02-07 18:17:45.871136187,881435.37719402
C00934,retail,53,F,Aguascalientes,Accountant,2024-12-03 21:06:05.360062756,730166.831303091
C00935,retail,50,F,Tabasco,Lawyer,2024-04-27 01:50:37.374526070,1003977.9783376512
C00936,retail,41,M,Baja California,Doctor,2023-04-29 19:53:29.390846841,1236476.9913188182
C00937,retail,35,M,Sinaloa,Business Owner,2021-07-27 20:04:24.228132919,3435730.696247282
C00938,SME,25,M,Jalisco,Government Employee,2021-12-21 13:32:21.770722820,980029.905698124
C00939,retail,59,F,Chiapas,Consultant,2020-06-01 10:23:09.239722134,1142458.2244245415
C00940,retail,49,M,Sinaloa,Engineer,2020-03-12 03:54:54.718378172,871887.5401057417
C00941,retail,33,M,Querétaro,Sales,2023-09-17 00:42:19.458213468,352376.8351335093
C00942,retail,50,F,Durango,Student,2023-02-22 02:22:38.276566081,245804.02902743383
C00943,retail,41,M,Sonora,Teacher,2023-11-09 04:20:28.020053184,314434.41575589916
C00944,retail,38,F,Nuevo León,Sales,2022-09-09 09:35:41.608872513,347420.57327453746
C00945,retail,47,M,Colima,Consultant,2025-04-12 10:48:35.799483140,756870.3764894241
C00946,retail,33,M,Hidalgo,Engineer,2022-10-05 20:37:31.203687253,942848.0148921993
C00947,retail,37,M,Ciudad de México,Sales,2022-04-27 11:17:41.829970095,618742.083771769
C00948,SME,43,M,Nayarit,Sales,2020-05-20 13:05:58.314861531,768724.8200508441
C00949,retail,36,F,Sinaloa,Accountant,2024-05-04 03:43:55.706164985,725080.0667096896
C00950,retail,50,M,Campeche,Business Owner,2024-11-07 17:35:30.611894277,2741882.293382665
C00951,retail,64,M,Colima,Accountant,2021-05-17 15:17:17.280340905,513089.3840432181
C00952,retail,32,F,Chiapas,Student,2024-02-12 13:44:11.026375663,269124.9142690081
C00953,retail,22,F,Tlaxcala,Student,2024-10-15 16:50:03.975295521,180438.35473115792
C00954,SME,18,F,Chihuahua,Student,2021-09-18 02:33:22.860893897,230987.3296684351
C00955,retail,40,F,Oaxaca,Accountant,2025-07-16 03:43:22.944767973,531827.7521205263
C00956,retail,34,F,Chiapas,Government Employee,2023-11-30 17:19:18.891582906,839707.7181893131
C00957,retail,44,M,Tamaulipas,Teacher,2021-03-04 21:01:31.741522030,569357.2176662107
C00958,retail,43,F,Aguascalientes,Consultant,2020-10-20 18:27:02.397117746,1560153.771524338
C00959,retail,22,F,Yucatán,Student,2023-06-24 14:02:29.207064564,197829.49486146215
C00960,retail,20,M,Tamaulipas,Student,2021-11-19 12:00:39.683401421,260258.35765331093
C00961,retail,45,M,Nuevo León,Sales,2022-10-27 21:49:25.212696669,699081.6022769656
C00962,retail,43,M,Veracruz,Accountant,2023-11-15 06:09:10.659365665,401845.9619294549
C00963,retail,36,M,Campeche,Lawyer,2022-02-23 04:02:19.867992080,981121.3485346511
C00964,retail,22,M,Aguascalientes,Student,2021-06-09 19:07:40.896095293,190474.66903727307
C00965,retail,47,M,Tlaxcala,Business Owner,2021-12-02 13:56:52.206488300,3629995.88076364
C00966,retail,57,F,Nuevo León,Accountant,2024-04-27 11:44:43.934508988,548476.2809738743
C00967,retail,45,F,Campeche,Doctor,2023-12-21 03:52:15.543440710,985261.7853198404
C00968,retail,31,F,Zacatecas,Sales,2020-08-11 09:02:19.045325512,300913.9773846733
C00969,retail,42,F,Zacatecas,Student,2024-03-15 06:51:05.200240239,238057.28363930507
C00970,retail,25,M,Jalisco,Consultant,2024-07-18 09:57:03.854494562,549549.2472713821
C00971,retail,54,F,Zacatecas,Government Employee,2021-09-28 21:37:31.615380359,891915.3946047203
C00972,SME,42,F,Jalisco,Government Employee,2024-02-21 23:14:58.093241207,318456.254377436
C00973,retail,20,M,Ciudad de México,Student,2020-12-26 19:26:07.389513604,187396.82494150827
C00974,retail,38,M,Nuevo León,Teacher,2021-06-10 20:51:25.163880142,556163.293693628
C00975,retail,47,M,Guanajuato,Consultant,2024-07-02 22:07:36.863071177,1875401.2014716787
C00976,retail,38,M,Michoacán,Government Employee,2020-02-27 08:34:03.274332871,924485.6863720723
C00977,retail,38,M,Nuevo León,Freelancer,2024-10-09 07:38:15.906504341,283630.59464437334
C00978,retail,27,M,Campeche,Lawyer,2022-10-25 12:08:38.953739961,946136.3544135892
C00979,retail,48,M,Ciudad de México,Doctor,2023-12-25 18:28:39.213371410,1164726.3208404519
C00980,retail,34,M,Sinaloa,Business Owner,2020-10-06 05:21:51.016456836,814482.1030185446
C00981,retail,18,F,Morelos,Student,2022-11-26 13:24:27.496806768,243437.64250843343
C00982,retail,37,M,México,Student,2020-12-03 16:12:43.857936841,233732.32466691567
C00983,retail,53,M,Colima,Student,2022-05-26 06:00:50.442085628,250609.90787813807
C00984,retail,37,F,Sonora,Lawyer,2023-05-26 14:25:15.692594368,1704378.7805672074
C00985,retail,62,F,Hidalgo,Government Employee,2022-01-27 19:11:05.736778406,492233.7886173299
C00986,retail,47,M,Aguascalientes,Teacher,2023-05-28 10:15:26.699603528,555639.256503979
C00987,retail,46,F,Baja California,Sales,2024-06-25 05:51:41.834443396,529391.4482148478
C00988,retail,40,M,Durango,Doctor,2021-10-16 01:26:50.710917746,1104590.5421538283
C00989,retail,41,M,Tabasco,Student,2021-11-05 11:22:12.580262787,257673.215542524
C00990,retail,38,M,Puebla,Doctor,2024-10-12 02:55:18.271951545,1465936.4279625595
C00991,retail,38,F,Tabasco,Teacher,2022-12-04 10:31:21.352908895,645213.4652978408
C00992,retail,48,M,Hidalgo,Retired,2025-07-02 00:40:44.974607728,537785.7399880711
C00993,retail,30,F,Yucatán,Retired,2021-04-09 09:47:39.332111338,457692.6015637453
C00994,retail,29,M,Guanajuato,Retired,2024-07-17 23:29:51.585204674,440796.86940242315
C00995,retail,28,F,Jalisco,Doctor,2025-04-08 10:40:23.370143977,1350993.824805289
C00996,retail,66,M,Zacatecas,Retired,2022-08-18 22:26:59.664712860,348199.5259052189
C00997,SME,48,M,Michoacán,Lawyer,2023-06-17 12:30:07.408677656,1305200.440661495
C00998,retail,45,F,Tamaulipas,Teacher,2025-05-16 12:40:02.139008471,501982.0122483567
C00999,SME,29,F,Tlaxcala,Student,2020-10-10 00:00:32.782664602,257923.07663762156
C01000,retail,49,M,Chihuahua,Government Employee,2022-11-30 01:10:17.848734437,431194.906915889
C01001,retail,40,F,Baja California,Engineer,2021-06-18 02:56:23.409772529,987030.7524203949
C01002,retail,44,F,Sonora,Teacher,2021-02-19 12:22:33.703724680,550800.5446813481
C01003,retail,30,M,Chiapas,Sales,2021-01-02 10:09:39.251456528,367095.15910137875
C01004,retail,43,F,Nuevo León,Retired,2024-10-25 12:05:41.062604166,452330.20980265236
C01005,retail,36,F,Coahuila,Government Employee,2024-08-23 12:28:05.095499785,775034.2270096946
C01006,retail,32,M,Tamaulipas,Freelancer,2023-08-14 00:13:08.296664204,1101605.1710466659
C01007,retail,50,M,Tamaulipas,Accountant,2020-11-05 15:35:42.391612602,485469.8618475315
C01008,retail,23,F,Morelos,Accountant,2025-06-25 16:54:36.968919300,406117.60151344247
C01009,retail,48,M,Chiapas,Doctor,2023-11-09 22:57:01.448089637,915608.0758067755
C01010,retail,50,M,Guerrero,Student,2022-06-27 19:12:40.913128941,298713.8374159925
C01011,retail,31,M,Nuevo León,Freelancer,2021-08-08 18:45:27.413420498,968371.0259820721
C01012,corporate,32,F,Tabasco,Sales,2023-12-31 14:56:57.851988714,649340.476617848
C01013,SME,39,M,Nayarit,Government Employee,2025-01-19 12:47:11.708169395,393109.28001763026
C01014,retail,45,F,Tamaulipas,Freelancer,2022-12-31 08:54:36.310846284,616046.2653073252
C01015,retail,40,M,Guerrero,Teacher,2020-07-04 04:35:18.331002392,586096.2624975556
C01016,SME,47,M,Baja California Sur,Freelancer,2023-10-14 13:10:48.545051720,1095885.0581205403
C01017,retail,63,F,Sonora,Freelancer,2020-03-26 07:27:15.096514082,581823.6365824963
C01018,retail,35,F,Campeche,Accountant,2024-08-24 03:55:35.069869198,1099783.913860105
C01019,SME,21,M,México,Student,2020-01-22 09:21:36.650452684,196768.5092158792
C01020,retail,51,M,México,Consultant,2022-06-04 10:15:28.337581469,1080404.2684627632
C01021,retail,62,M,Guanajuato,Government Employee,2023-04-02 20:59:13.692391128,912779.0966038716
C01022,retail,46,F,Baja California,Retired,2024-12-16 00:24:27.999652333,542462.6741673569
C01023,SME,28,M,Nayarit,Lawyer,2023-07-31 11:39:07.686627202,1573104.2025283282
C01024,SME,40,F,Baja California Sur,Student,2020-02-04 06:20:21.985971016,288936.8044518848
C01025,SME,28,F,Nayarit,Engineer,2022-07-06 19:22:09.844573419,855121.9841710778
C01026,retail,49,M,Jalisco,Accountant,2024-04-30 10:58:03.245902815,564323.2403680811
C01027,retail,25,M,Chihuahua,Retired,2023-11-29 23:46:20.004659816,562168.8009850048
C01028,retail,38,M,Baja California,Doctor,2025-02-10 10:56:51.150701319,1194436.3427762347
C01029,retail,29,M,Aguascalientes,Consultant,2024-11-28 09:37:19.355025471,1658974.579784274
C01030,retail,43,F,Zacatecas,Sales,2025-09-04 22:54:14.122144350,582614.4521795526
C01031,retail,37,F,Colima,Consultant,2025-09-17 09:44:06.407897517,1716667.8634282507
C01032,retail,44,F,Durango,Government Employee,2022-08-02 15:00:03.499206220,931413.1351912942
C01033,retail,42,M,Yucatán,Sales,2024-11-18 08:30:17.214842095,737229.7169070849
C01034,retail,30,F,Oaxaca,Consultant,2023-07-10 12:53:47.245405780,1615483.47449406
C01035,retail,49,M,Nayarit,Sales,2024-01-29 00:49:42.366210841,631673.6589959832
C01036,retail,41,M,Oaxaca,Lawyer,2024-12-13 01:11:08.843616496,1165970.8861812572
C01037,retail,30,F,Guanajuato,Business Owner,2023-06-23 13:51:32.423591446,4882127.896870179
C01038,retail,68,F,Nayarit,Retired,2021-10-01 17:32:43.787165602,540301.2845653122
C01039,retail,47,M,Tabasco,Sales,2022-12-24 18:00:51.919970223,796232.5668029876
C01040,retail,40,F,Michoacán,Government Employee,2021-06-20 10:02:35.481321031,653786.8253895321
C01041,retail,58,F,Chiapas,Accountant,2021-08-18 05:21:06.347836063,788401.0554188124
C01042,retail,64,F,Coahuila,Doctor,2020-01-11 16:39:22.034543622,1264022.9794175348
C01043,retail,40,M,Querétaro,Teacher,2022-01-22 15:04:45.684463798,591421.6760125041
C01044,retail,46,F,Baja California,Freelancer,2025-07-19 05:20:50.100160810,648356.1898923725
C01045,retail,30,F,Guanajuato,Engineer,2025-01-18 08:05:44.561600743,749420.8061482843
C01046,retail,40,F,Hidalgo,Student,2025-10-11 07:18:09.857117530,208730.63011552425
C01047,retail,39,F,Oaxaca,Engineer,2020-01-19 03:14:21.004229147,796552.2196440767
C01048,retail,44,F,Zacatecas,Accountant,2023-09-22 04:50:25.250867534,547866.748628004
C01049,retail,45,M,San Luis Potosí,Accountant,2020-02-03 06:25:53.735582138,691733.5688066082
C01050,retail,48,M,Tamaulipas,Engineer,2021-02-03 12:36:21.756732299,1112262.505637331
C01051,retail,44,M,Michoacán,Retired,2022-08-12 04:31:37.043976266,689682.5587851477
C01052,retail,27,M,Veracruz,Accountant,2024-07-13 02:11:39.862925381,803971.9565510529
C01053,SME,30,M,Jalisco,Retired,2024-12-31 07:44:32.805564385,315702.5671308427
C01054,retail,35,F,Coahuila,Consultant,2023-08-08 19:23:39.594851432,1141333.799151815
C01055,corporate,38,M,Coahuila,Sales,2023-06-17 02:41:15.654562389,641350.333990929
C01056,retail,54,F,Guerrero,Business Owner,2022-02-27 01:28:32.815994297,2294318.917005324
C01057,retail,28,F,Guerrero,Business Owner,2020-10-07 14:41:54.302931578,1582171.75218437
C01058,retail,37,M,Oaxaca,Teacher,2025-07-30 04:43:09.120337881,390729.935083134
C01059,retail,53,F,Aguascalientes,Accountant,2025-08-15 10:06:03.412458761,731750.6962390591
C01060,retail,38,M,Quintana Roo,Teacher,2025-08-01 04:12:39.307733843,386571.6947780048
C01061,retail,47,F,Chihuahua,Lawyer,2023-04-12 13:44:05.973510404,899427.4797328967
C01062,corporate,40,F,Colima,Freelancer,2024-07-21 01:26:12.089484721,1073085.0560863693
C01063,retail,45,M,Tabasco,Doctor,2023-05-01 23:47:24.377501132,1345343.0020569032
C01064,retail,39,M,Hidalgo,Freelancer,2023-02-22 12:22:15.872132480,255313.03825190212
C01065,retail,50,M,Chiapas,Consultant,2023-08-15 15:03:28.525133487,980265.4152635247
C01066,retail,23,F,San Luis Potosí,Sales,2020-11-04 14:47:41.557559344,595757.0808039678
C01067,retail,37,F,Durango,Consultant,2023-03-03 21:30:15.409047351,590913.0198915727
C01068,retail,45,M,Tabasco,Accountant,2024-01-16 17:21:54.057395069,878220.5672196627
C01069,retail,48,F,Jalisco,Engineer,2021-05-22 10:48:43.333871896,769111.9880754328
C01070,retail,59,M,San Luis Potosí,Teacher,2020-08-24 04:11:36.095204406,458871.78950268036
C01071,retail,37,M,Zacatecas,Business Owner,2020-09-23 14:08:12.775320888,1840907.9417359794
C01072,retail,59,F,Ciudad de México,Retired,2021-06-22 02:14:54.187531741,400268.38113957003
C01073,retail,34,M,Morelos,Engineer,2020-09-09 14:29:02.165681663,1103183.7897168258
C01074,retail,57,F,Baja California Sur,Lawyer,2025-01-18 08:23:14.366530374,1546324.3590727723
C01075,corporate,51,F,Guerrero,Consultant,2024-03-28 23:46:00.697163367,1903658.780074444
C01076,retail,31,F,Guerrero,Doctor,2025-03-16 13:52:44.957256467,1289298.8658620578
C01077,retail,45,M,Guanajuato,Freelancer,2024-07-12 11:25:17.658503400,777872.3405459991
C01078,retail,41,M,Querétaro,Freelancer,2021-05-26 18:21:02.738956347,459256.54586884205
C01079,retail,49,M,Tlaxcala,Consultant,2023-05-10 21:49:30.332997618,1500283.6475790306
C01080,SME,39,F,Campeche,Accountant,2021-12-07 09:17:01.066114005,1034311.5680224797
C01081,retail,38,F,Colima,Accountant,2022-01-24 21:10:49.107809032,448415.9874607012
C01082,retail,58,M,Durango,Freelancer,2020-03-20 09:59:47.089997459,643070.6744581517
C01083,retail,40,F,Jalisco,Government Employee,2024-12-05 08:25:10.515401971,404552.64842963486
C01084,retail,51,M,Veracruz,Government Employee,2025-11-24 04:33:51.397750237,867432.347316695
C01085,SME,39,M,Aguascalientes,Consultant,2025-06-10 04:42:24.984229504,1421147.9780961843
C01086,retail,61,M,Yucatán,Teacher,2020-09-24 11:14:38.134295049,651860.6064569247
C01087,retail,33,M,Guerrero,Accountant,2022-11-22 03:20:31.038298288,444170.14886178286
C01088,retail,34,M,Chiapas,Lawyer,2020-03-24 01:38:39.197342651,1686877.7206675978
C01089,corporate,60,M,Jalisco,Engineer,2022-07-02 02:27:30.501542097,547037.7001604649
C01090,retail,36,F,Campeche,Freelancer,2020-02-02 02:55:44.139164795,487606.0884502565
C01091,SME,61,F,Tamaulipas,Engineer,2025-11-20 14:56:08.556404574,609316.1791567497
C01092,retail,52,M,Morelos,Engineer,2024-04-25 22:23:24.988162082,601770.1102470064
C01093,retail,40,F,Sonora,Student,2022-01-17 18:28:05.849187580,200600.55942737852
C01094,retail,20,F,Querétaro,Student,2024-04-06 01:17:44.472718218,237626.62483033704
C01095,retail,41,M,Yucatán,Retired,2023-09-23 14:24:01.201070486,602963.8138715941
C01096,retail,43,F,Sonora,Government Employee,2021-09-07 06:11:24.562522983,928794.9908103124
C01097,retail,56,F,Hidalgo,Teacher,2020-10-17 23:09:53.303876343,526751.510256591
C01098,retail,61,F,Yucatán,Retired,2024-02-21 16:13:22.699655141,320988.3585249121
C01099,retail,33,F,Baja California Sur,Consultant,2020-10-04 07:07:40.297935204,618786.0879919502
C01100,retail,51,F,Guanajuato,Retired,2023-04-06 07:34:12.397445698,472358.8229398393
C01101,retail,51,M,Yucatán,Lawyer,2025-10-08 04:20:01.914581226,1518457.0471606522
C01102,SME,54,F,Guanajuato,Lawyer,2020-03-05 06:28:39.069378653,1344193.8829858
C01103,retail,47,M,Chiapas,Lawyer,2022-08-19 04:46:51.739728710,1299338.4832431856
C01104,SME,18,F,Zacatecas,Student,2021-02-27 19:55:45.239020168,185778.67386525456
C01105,corporate,40,M,Chihuahua,Engineer,2023-04-14 21:27:00.704798070,788082.1834469631
C01106,retail,28,M,Campeche,Accountant,2024-11-08 09:04:51.131813476,785269.258780044
C01107,retail,39,F,Zacatecas,Sales,2025-06-20 23:08:40.449855433,638890.1114349342
C01108,retail,53,M,Durango,Lawyer,2020-09-10 05:53:26.761472469,605769.6794325352
C01109,retail,45,F,Durango,Student,2022-03-02 22:07:19.132168503,203946.79673145592
C01110,retail,55,M,Guerrero,Doctor,2022-01-19 01:06:28.156019222,1464851.1574431434
C01111,retail,46,F,Querétaro,Consultant,2022-05-16 19:01:52.998032348,1262966.2660620483
C01112,retail,26,M,Quintana Roo,Retired,2021-05-30 08:18:05.720871125,566639.6945202141
C01113,retail,18,M,Nayarit,Student,2021-04-04 23:48:54.872690739,216982.71605029388
C01114,retail,43,M,Veracruz,Student,2022-03-11 20:34:19.427945787,250245.22453421674
C01115,retail,39,F,México,Business Owner,2021-07-20 15:48:15.055979808,2232809.6457993323
C01116,retail,30,F,Quintana Roo,Retired,2024-11-11 13:15:06.374147440,383631.79241301015
C01117,retail,21,F,Quintana Roo,Student,2020-08-22 12:39:50.261995108,229368.16906682873
C01118,retail,33,F,Nayarit,Lawyer,2021-08-02 13:28:09.068982945,1151793.9748195359
C01119,retail,39,F,Baja California Sur,Teacher,2023-02-20 07:56:40.650947433,432459.48601688584
C01120,retail,49,F,Baja California Sur,Student,2022-11-14 17:10:56.070417150,210959.01124593944
C01121,retail,44,M,Aguascalientes,Teacher,2022-06-13 11:40:26.557945851,549528.7745344231
C01122,SME,61,M,Morelos,Student,2024-02-29 14:52:08.737473232,225688.27792261852
C01123,retail,29,M,Durango,Sales,2021-06-16 09:44:24.566255377,381187.12170334964
C01124,retail,52,M,Tabasco,Business Owner,2025-05-06 15:28:29.781493899,3960981.903019407
C01125,retail,42,F,Chihuahua,Consultant,2023-02-20 12:56:47.029948072,1585613.095235111
C01126,retail,50,F,Sinaloa,Sales,2022-11-25 09:46:00.586070237,826431.175136268
C01127,retail,36,F,Sinaloa,Freelancer,2025-03-04 13:40:38.950769531,755019.5741379731
C01128,retail,54,F,Guanajuato,Retired,2023-05-30 07:02:15.851055691,375746.9327722995
C01129,retail,45,F,Jalisco,Lawyer,2024-04-13 14:17:39.226965601,1636450.0785716157
C01130,retail,33,F,Morelos,Engineer,2022-10-05 12:26:03.772360224,696211.0647090101
C01131,retail,41,M,Tamaulipas,Retired,2021-03-30 20:14:51.684867921,545020.9270474683
C01132,retail,39,M,Coahuila,Government Employee,2021-02-09 03:25:36.319643445,433275.3156089432
C01133,retail,47,M,Querétaro,Student,2022-09-03 06:35:56.436242211,255501.59500894079
C01134,retail,27,M,Campeche,Engineer,2023-09-12 12:40:05.411826742,1088600.873407338
C01135,retail,41,F,Guanajuato,Government Employee,2022-08-06 23:00:25.412925873,677961.4101785409
C01136,retail,46,F,Nuevo León,Sales,2020-02-21 21:27:04.100998214,556077.3532401903
C01137,retail,42,M,Ciudad de México,Government Employee,2025-07-30 09:04:31.178847374,995432.040591337
C01138,retail,58,F,Sonora,Freelancer,2024-08-20 08:25:08.285104688,222452.11367839164
C01139,retail,51,F,Puebla,Freelancer,2022-02-24 02:28:01.916283527,531731.9123563049
C01140,retail,41,M,Colima,Lawyer,2023-10-22 22:51:41.999128294,1702318.9479529671
C01141,retail,44,M,Oaxaca,Consultant,2025-03-14 20:15:20.096782803,1463964.6704218844
C01142,retail,45,F,Campeche,Teacher,2021-04-04 17:20:14.400137927,516839.45226123417
C01143,retail,46,F,Zacatecas,Doctor,2023-08-07 11:13:10.069028819,1246384.8337476784
C01144,retail,20,M,Michoacán,Student,2020-12-06 12:20:12.328456942,218633.25997315554
C01145,retail,38,M,Chihuahua,Freelancer,2022-02-17 15:25:40.994677417,271168.20909215417
C01146,retail,24,M,Chihuahua,Retired,2021-06-23 22:52:07.923367123,373816.80097357597
C01147,retail,57,M,Nuevo León,Accountant,2022-04-22 20:27:02.415705064,635547.6062530924
C01148,retail,41,F,Yucatán,Business Owner,2023-04-08 08:38:26.551259775,2763420.5395593857
C01149,retail,39,M,Baja California,Teacher,2023-06-15 22:12:16.987811681,457558.99962070084
C01150,retail,52,M,Guanajuato,Student,2021-05-03 19:28:37.896915833,242520.78787057396
C01151,retail,47,M,Sinaloa,Doctor,2023-11-02 17:30:25.258509135,937257.1643450712
C01152,retail,28,F,Nayarit,Engineer,2021-12-30 01:13:39.188701881,628834.107460769
C01153,retail,41,M,Ciudad de México,Student,2024-06-13 08:01:35.833322638,222205.84902974314
C01154,retail,37,M,Tamaulipas,Consultant,2025-11-14 00:20:41.773306285,1210573.1860813498
C01155,retail,21,F,Michoacán,Student,2021-11-13 11:42:46.576867752,221007.7728404319
C01156,retail,33,M,Guanajuato,Retired,2020-12-23 19:36:00.400994732,509453.581135987
C01157,retail,39,M,Jalisco,Student,2025-08-13 01:31:19.475552774,217201.04363687098
C01158,retail,40,M,Colima,Engineer,2025-01-20 12:50:51.964897070,624018.4732759759
C01159,retail,24,F,Tabasco,Freelancer,2024-01-11 04:07:22.376487121,1062828.9728366206
C01160,retail,55,F,Hidalgo,Business Owner,2025-10-03 00:33:57.449481348,1562589.224479172
C01161,retail,40,M,Durango,Business Owner,2025-07-20 23:55:28.027638870,4856558.942818321
C01162,retail,42,M,Quintana Roo,Lawyer,2020-03-29 04:51:24.059594185,1784885.8765054196
C01163,retail,46,M,Guerrero,Freelancer,2022-05-03 23:09:19.843407253,896804.4923237069
C01164,retail,32,F,Puebla,Student,2023-09-26 05:43:57.485938092,240240.6212975346
C01165,retail,47,F,Tlaxcala,Accountant,2025-11-19 20:03:05.189739751,956793.9773082712
C01166,retail,37,F,Baja California Sur,Freelancer,2023-12-15 21:07:52.546875078,1073203.5889308713
C01167,retail,31,F,Baja California,Lawyer,2024-05-15 20:35:36.612515214,1451510.86623199
C01168,retail,48,F,Guanajuato,Accountant,2023-06-09 00:20:21.433363396,471431.43085041165
C01169,retail,59,F,San Luis Potosí,Consultant,2023-10-25 16:48:50.488940818,504481.8071248826
C01170,retail,50,F,Nayarit,Teacher,2025-06-11 12:24:34.314552605,376760.72086554306
C01171,retail,53,M,San Luis Potosí,Lawyer,2023-07-18 19:16:25.631187956,826238.4632581546
C01172,corporate,35,M,Puebla,Government Employee,2024-09-25 20:01:00.319393598,427762.43016546365
C01173,retail,22,F,Sinaloa,Student,2022-11-21 17:34:29.658297943,241173.18801988632
C01174,retail,59,F,Campeche,Business Owner,2025-05-14 20:27:24.276791794,2936363.7137608123
C01175,retail,66,F,Colima,Retired,2024-01-19 10:58:14.312124856,575360.6440409492
C01176,retail,60,M,Tlaxcala,Student,2023-10-10 23:49:26.868478345,204176.3390242383
C01177,retail,37,F,Guanajuato,Business Owner,2024-10-01 14:04:17.284493162,1098437.9131134786
C01178,retail,28,M,México,Business Owner,2023-01-25 07:45:58.560682687,3564193.3322402444
C01179,retail,29,F,Quintana Roo,Consultant,2020-11-08 02:18:58.901000149,1225996.0184008677
C01180,retail,21,M,Tamaulipas,Student,2021-12-11 17:34:54.775536867,259959.1443258905
C01181,SME,40,M,San Luis Potosí,Teacher,2025-01-01 08:14:33.561586749,452296.4786388379
C01182,retail,61,M,Puebla,Doctor,2022-12-03 07:29:40.294591896,1325557.624909569
C01183,retail,40,F,Baja California,Engineer,2021-12-08 13:50:59.795417738,977821.2269224362
C01184,SME,45,M,Quintana Roo,Teacher,2024-02-19 14:50:14.028617274,560137.3924671414
C01185,retail,58,M,Nuevo León,Government Employee,2025-02-23 12:00:51.240419665,319298.5258941825
C01186,SME,37,M,México,Sales,2024-03-27 16:14:20.583091848,807781.5612821634
C01187,retail,66,F,Tlaxcala,Retired,2024-07-18 16:44:24.337838283,419473.5371589452
C01188,retail,65,M,Sonora,Engineer,2021-05-05 21:39:21.914109286,594931.0152039746
C01189,retail,40,F,Sonora,Student,2020-08-16 13:40:47.756470489,270671.378245151
C01190,retail,35,F,Sonora,Retired,2022-07-15 17:24:23.137825340,468914.20112824056
C01191,retail,50,M,Yucatán,Business Owner,2021-01-04 05:31:23.025028045,837623.1732605055
C01192,retail,37,F,Tamaulipas,Doctor,2023-02-05 22:23:22.656961758,1347310.8106957981
C01193,retail,28,M,Tabasco,Engineer,2024-10-22 18:51:12.463940006,804526.6591739673
C01194,retail,57,F,Sonora,Lawyer,2024-01-08 12:25:54.755113528,1505911.878423372
C01195,retail,56,M,Hidalgo,Government Employee,2020-10-05 15:00:33.823784331,828914.4691869876
C01196,retail,43,F,Baja California,Consultant,2020-12-12 03:55:42.507466174,649904.4155808617
C01197,SME,26,F,Baja California Sur,Doctor,2025-05-21 23:17:16.095255289,1229258.6894432856
C01198,SME,27,F,Zacatecas,Consultant,2022-04-18 21:57:28.050207298,1040205.9567850953
C01199,retail,43,M,Veracruz,Doctor,2023-10-15 18:24:47.146992610,1182481.8722058584
C01200,retail,36,M,Zacatecas,Teacher,2020-02-28 14:26:36.049504541,335418.8801757165
C01201,retail,37,F,Jalisco,Consultant,2020-05-07 06:07:52.587630645,1382275.9269186375
C01202,retail,54,F,Zacatecas,Government Employee,2025-01-13 07:54:07.564751637,844278.7936216675
C01203,retail,50,M,Oaxaca,Doctor,2021-06-21 09:44:17.407358828,1490770.649645416
C01204,retail,58,M,Sonora,Consultant,2022-01-24 21:58:16.285422604,980419.645033098
C01205,retail,30,M,Hidalgo,Accountant,2024-02-13 12:22:11.936886395,508587.4807261777
C01206,retail,37,F,Tabasco,Lawyer,2025-04-22 07:08:35.605052450,1039081.8092914592
C01207,retail,51,M,Quintana Roo,Engineer,2021-03-03 11:36:17.104469827,513511.75843419065
C01208,retail,47,M,Sonora,Engineer,2023-03-15 00:27:02.467477925,786141.734265544
C01209,retail,60,M,Michoacán,Engineer,2023-01-01 17:25:56.854252833,1140213.5540349132
C01210,corporate,47,M,Yucatán,Freelancer,2025-07-02 22:02:25.262219010,394351.28847558785
C01211,retail,64,M,Guerrero,Government Employee,2023-10-12 01:52:32.057186681,634404.2316156982
C01212,retail,48,F,Aguascalientes,Retired,2025-06-26 14:42:47.846979274,507678.2467270934
C01213,retail,54,M,Chihuahua,Retired,2022-08-30 12:57:19.407820927,330958.38385547587
C01214,retail,38,F,Hidalgo,Retired,2022-08-09 15:02:54.882985921,398547.81577081926
C01215,retail,42,M,Zacatecas,Government Employee,2021-05-05 11:11:24.187596117,937951.2016019563
C01216,retail,52,M,Zacatecas,Lawyer,2020-06-02 08:17:50.411654108,954874.7817432461
C01217,retail,61,M,Querétaro,Lawyer,2023-11-11 01:48:30.132418987,1362436.2581425682
C01218,retail,50,F,San Luis Potosí,Government Employee,2024-09-02 19:43:30.005919892,395866.4800535725
C01219,retail,41,F,Baja California,Business Owner,2023-02-13 00:50:23.294903890,3580427.821039976
C01220,retail,58,M,Nayarit,Doctor,2020-12-15 06:22:48.917423427,995401.366118132
C01221,SME,18,M,Morelos,Student,2021-09-26 21:45:53.212475033,207751.76507067407
C01222,retail,24,F,Nuevo León,Doctor,2022-03-01 07:14:48.068892917,886915.7513679198
C01223,retail,50,F,Quintana Roo,Lawyer,2023-04-24 03:05:26.447777945,656189.3088857909
C01224,SME,42,M,Zacatecas,Consultant,2022-02-16 09:47:00.523295534,1951790.5350040556
C01225,retail,49,F,México,Sales,2022-04-17 11:15:59.734288849,519038.47937118396
C01226,retail,42,M,Colima,Engineer,2022-04-24 19:36:15.296357522,1044331.6292204461
C01227,retail,48,M,Quintana Roo,Consultant,2025-12-10 09:52:39.275721551,1880134.8698676475
C01228,retail,32,M,Ciudad de México,Doctor,2021-04-26 02:16:47.285971458,942814.5094148939
C01229,corporate,48,M,Yucatán,Freelancer,2022-05-16 08:05:05.080229274,1069849.4659597443
C01230,retail,53,F,Colima,Accountant,2024-02-20 23:17:20.192047417,895617.8915393688
C01231,retail,56,M,Colima,Consultant,2022-12-27 11:55:56.308134167,1366966.161940605
C01232,retail,66,F,Guanajuato,Retired,2024-11-23 06:14:23.683767858,614085.8228375937
C01233,retail,44,F,Nayarit,Student,2025-03-26 17:57:46.595277011,193279.8602062816
C01234,retail,45,M,Morelos,Retired,2025-08-30 22:48:46.840496715,368620.4149188796
C01235,retail,23,M,Querétaro,Student,2023-01-20 16:06:26.567585774,195726.23589211956
C01236,retail,35,F,Quintana Roo,Consultant,2022-04-08 02:51:21.192322430,1843956.7512616478
C01237,retail,39,M,Chihuahua,Consultant,2024-01-17 19:52:26.024781616,648196.5884373689
C01238,retail,54,M,Quintana Roo,Retired,2025-05-08 08:16:35.351337731,690978.6696350982
C01239,SME,34,M,San Luis Potosí,Student,2020-09-08 15:55:54.962567204,193187.05565499802
C01240,retail,51,M,Baja California,Government Employee,2023-05-31 20:32:26.011149445,763274.4368747999
C01241,retail,41,F,Aguascalientes,Engineer,2022-03-09 13:22:58.024216987,962346.4945386258
C01242,retail,39,F,Durango,Business Owner,2022-04-17 04:30:54.176580318,4704359.495088317
C01243,retail,44,M,Colima,Retired,2021-07-15 12:31:24.153236367,395409.9524973002
C01244,retail,37,F,Michoacán,Engineer,2025-04-30 09:57:43.390986746,732408.6689719559
C01245,retail,36,F,San Luis Potosí,Government Employee,2022-07-02 11:44:41.405441267,892406.1607255386
C01246,retail,21,M,Jalisco,Student,2021-05-12 11:14:32.383128524,297430.0449040883
C01247,retail,39,M,San Luis Potosí,Government Employee,2024-10-22 15:22:40.553443777,321097.1752504461
C01248,retail,36,F,Michoacán,Teacher,2025-03-10 00:49:49.846588724,554127.4036225092
C01249,SME,35,F,Jalisco,Accountant,2021-09-21 09:36:09.734488275,570547.9989099756
C01250,retail,47,M,Sonora,Freelancer,2020-11-08 02:44:56.450882822,927963.0160573925
C01251,retail,49,M,Coahuila,Student,2020-12-05 16:46:17.452563400,272727.0538236049
C01252,retail,44,M,Nayarit,Student,2023-04-30 06:07:21.296386508,271503.829358455
C01253,retail,53,M,Oaxaca,Government Employee,2023-01-20 06:31:42.771915111,604858.2589367019
C01254,retail,48,F,Ciudad de México,Lawyer,2022-06-02 02:58:10.404938979,789361.821491395
C01255,retail,38,M,San Luis Potosí,Business Owner,2023-01-13 20:55:00.764070533,3214488.497854181
C01256,retail,36,M,Campeche,Business Owner,2021-11-16 20:05:09.965093532,4092864.5032464312
C01257,retail,45,M,San Luis Potosí,Retired,2024-11-11 02:43:35.077152856,660488.6617973543
C01258,retail,48,F,Sonora,Retired,2023-02-12 05:52:18.521343074,453690.3983449996
C01259,retail,58,M,Tlaxcala,Doctor,2021-06-01 00:38:35.793226101,971973.02366459
C01260,retail,56,M,Michoacán,Consultant,2023-05-06 05:46:49.091677617,678233.8285042724
C01261,retail,35,F,Querétaro,Student,2023-09-24 15:43:10.426519441,275712.930533438
C01262,retail,40,F,Guanajuato,Accountant,2024-07-11 06:10:36.734612166,774708.6922909997
C01263,retail,50,M,Ciudad de México,Accountant,2021-11-10 07:16:41.640449379,871929.538920243
C01264,retail,54,M,Morelos,Student,2021-05-05 07:17:00.211725928,199109.00731814862
C01265,retail,53,M,Querétaro,Sales,2025-11-26 14:48:12.883196658,254276.23776239884
C01266,retail,41,F,Guanajuato,Government Employee,2024-10-19 20:26:48.559470905,977308.092399295
C01267,retail,26,M,Oaxaca,Government Employee,2020-11-08 05:48:58.957611783,867622.5452721517
C01268,retail,30,M,Baja California Sur,Engineer,2023-10-05 11:18:18.878157155,780018.8866688318
C01269,retail,45,M,Puebla,Lawyer,2023-03-14 18:26:07.545457150,1148577.7990833437
C01270,retail,46,M,Sonora,Retired,2025-01-15 14:20:13.731818316,668080.3410626409
C01271,retail,28,F,Guanajuato,Accountant,2023-05-17 22:10:44.794678889,545355.4062749351
C01272,retail,42,M,Colima,Lawyer,2022-11-07 23:37:10.537029145,1563395.2253999365
C01273,retail,49,M,Yucatán,Consultant,2020-12-11 11:28:34.545341017,526894.3100370904
C01274,retail,28,F,Tabasco,Government Employee,2022-03-17 14:19:56.641382741,912999.8261887701
C01275,retail,55,F,Durango,Engineer,2023-07-18 11:47:01.397540759,912499.3937591267
C01276,retail,37,M,Chihuahua,Retired,2023-09-05 11:12:49.502939661,464910.5593054114
C01277,retail,57,F,Morelos,Student,2023-03-11 20:43:32.674459030,264775.630718872
C01278,corporate,35,M,Chihuahua,Doctor,2021-02-14 20:50:03.317551102,847355.8595475581
C01279,retail,29,F,Coahuila,Retired,2025-11-08 21:59:17.950894488,337994.9761411654
C01280,retail,36,F,Zacatecas,Engineer,2024-06-28 07:29:12.659895494,784889.9644816623
C01281,retail,40,F,Hidalgo,Lawyer,2025-09-22 17:54:27.044471602,1341440.0299423346
C01282,retail,37,F,Chihuahua,Accountant,2020-11-17 17:43:58.852924880,501183.947704567
C01283,retail,39,M,Baja California Sur,Lawyer,2025-01-21 21:20:42.580405337,1055391.1408344891
C01284,retail,46,F,Tabasco,Lawyer,2025-12-24 14:39:24.468063054,913071.6504676193
C01285,retail,39,M,Sinaloa,Retired,2020-03-30 21:06:45.631194039,540506.8608175765
C01286,retail,41,M,Hidalgo,Accountant,2025-07-19 15:24:23.444096748,1043495.8339718832
C01287,retail,21,F,Durango,Student,2021-09-28 02:06:30.836876454,199917.66197746227
C01288,retail,46,F,Sonora,Business Owner,2023-08-31 09:03:15.434837777,1513823.108150234
C01289,retail,40,F,Campeche,Sales,2024-05-11 02:24:16.211507790,640344.1123408747
C01290,retail,61,M,Chiapas,Retired,2022-07-21 00:01:10.799493253,454103.58251111873
C01291,retail,30,M,Puebla,Lawyer,2022-06-10 18:37:47.748038410,1461726.2447849675
C01292,retail,20,M,Nuevo León,Student,2025-06-20 14:01:13.939637319,214546.5271461135
C01293,retail,49,F,Tamaulipas,Sales,2023-07-06 04:17:10.409151372,604133.2953542452
C01294,retail,46,M,Nayarit,Government Employee,2021-12-01 12:36:16.358614978,570780.0915319284
C01295,retail,29,M,San Luis Potosí,Business Owner,2023-11-01 10:23:54.910275266,1909436.135532922
C01296,retail,23,M,Zacatecas,Lawyer,2020-02-19 21:10:55.789377325,1475156.423108167
C01297,retail,60,F,Coahuila,Freelancer,2021-05-18 02:32:20.930075419,995894.5444863231
C01298,retail,58,M,Puebla,Retired,2020-04-16 09:02:28.495123763,398028.4836202472
C01299,retail,18,F,Tlaxcala,Student,2021-08-08 06:22:07.257060555,254757.243499041
C01300,retail,36,M,Aguascalientes,Engineer,2025-09-24 20:14:03.052394325,625014.151506903
C01301,retail,61,M,Sonora,Doctor,2023-05-13 04:24:00.176193143,1353678.3089209949
C01302,SME,36,M,Morelos,Retired,2021-10-29 15:30:29.439949616,376563.12104924663
C01303,retail,36,F,San Luis Potosí,Accountant,2024-06-08 21:20:42.316440948,519668.49289058615
C01304,retail,38,M,Oaxaca,Engineer,2022-10-09 23:38:30.612630836,1157973.9169278382
C01305,retail,28,M,Tlaxcala,Freelancer,2022-08-19 04:51:10.100354226,622484.7034339774
C01306,retail,21,F,Oaxaca,Student,2021-07-30 05:02:50.371920886,257220.63310184533
C01307,retail,54,M,Veracruz,Sales,2022-10-08 17:29:58.754666339,775989.4929378646
C01308,retail,19,F,Sinaloa,Student,2025-09-26 00:40:50.668995833,262337.76420672913
C01309,retail,44,M,Nayarit,Business Owner,2023-11-01 19:53:54.762964344,3128038.7969549648
C01310,retail,52,M,Chiapas,Consultant,2020-10-04 10:23:21.972838014,1057420.560261098
C01311,retail,24,M,Querétaro,Doctor,2021-12-26 13:07:58.597791780,1442967.0440771445
C01312,retail,30,M,Chihuahua,Accountant,2021-03-14 07:43:33.466145188,493479.5390516513
C01313,retail,56,F,Durango,Sales,2020-01-10 13:49:04.775205607,824548.7024870474
C01314,retail,48,F,Tamaulipas,Business Owner,2022-07-20 19:18:57.648489891,3752350.6799530275
C01315,retail,34,F,Veracruz,Government Employee,2023-01-04 17:42:15.635548816,699988.044802794
C01316,retail,56,F,Nuevo León,Teacher,2021-11-05 11:14:46.538503929,429899.42934168375
C01317,retail,56,M,Durango,Accountant,2020-10-17 14:53:31.869828381,502231.0550674938
C01318,retail,45,M,Chihuahua,Business Owner,2025-12-28 07:21:53.742659955,2605590.8316102
C01319,retail,31,F,Durango,Business Owner,2024-08-06 22:31:28.068101098,4070166.722298867
C01320,retail,37,F,Durango,Freelancer,2022-06-14 05:01:26.522149074,945310.4703912302
C01321,retail,45,M,Puebla,Doctor,2024-01-12 14:26:20.238651026,1251810.187315581
C01322,retail,39,F,Guerrero,Student,2022-08-06 15:54:48.272284801,299100.9531377956
C01323,retail,53,M,San Luis Potosí,Engineer,2023-05-26 23:52:03.026487069,1180845.3120942535
C01324,retail,23,F,Campeche,Lawyer,2025-05-10 23:47:48.149702996,1080006.2493122227
C01325,SME,24,F,Hidalgo,Doctor,2020-10-26 22:23:18.920481681,934774.2323995713
C01326,retail,44,F,Sonora,Lawyer,2021-04-25 14:37:12.065730511,1156606.387624112
C01327,retail,36,M,Durango,Consultant,2024-11-05 04:19:19.078136395,1766865.7588455738
C01328,retail,34,F,Michoacán,Retired,2022-05-13 10:28:54.135242744,456353.84802841657
C01329,retail,20,F,Nuevo León,Student,2025-08-20 09:31:18.031223895,220318.17178834978
C01330,retail,42,M,Chihuahua,Freelancer,2025-10-27 11:35:41.212439440,941232.2418378618
C01331,retail,41,M,Sonora,Student,2022-12-18 16:57:02.687280367,258017.13955363794
C01332,retail,49,F,Veracruz,Consultant,2020-05-06 00:56:36.800845403,1953047.4738113347
C01333,retail,42,M,Ciudad de México,Lawyer,2024-10-06 05:15:03.121383068,1259112.5268607386
C01334,corporate,40,M,Jalisco,Student,2025-07-29 09:07:16.226045877,296097.6304001926
C01335,SME,56,M,San Luis Potosí,Engineer,2020-09-09 01:09:17.405547332,703655.7088632502
C01336,retail,26,F,Durango,Freelancer,2020-03-17 14:59:00.395882081,1064825.0251513459
C01337,retail,48,F,Colima,Student,2023-11-06 15:27:52.185047403,222111.36899204346
C01338,retail,21,F,Baja California Sur,Student,2025-03-26 04:18:27.349890436,277161.89876273903
C01339,retail,31,M,Morelos,Teacher,2023-07-15 03:34:41.846877182,670395.3997816609
C01340,retail,27,F,Nuevo León,Sales,2025-03-13 06:12:54.219261458,655074.8281462261
C01341,retail,51,F,Veracruz,Sales,2024-08-04 19:04:00.371830637,723557.635561666
C01342,retail,41,F,Baja California Sur,Doctor,2022-11-29 11:48:19.336903609,1471048.747354452
C01343,retail,41,M,Jalisco,Accountant,2024-05-08 09:26:01.985925423,662609.8990661409
C01344,retail,28,F,Tamaulipas,Teacher,2023-05-01 09:22:45.636840778,504634.0018194191
C01345,retail,38,M,Chihuahua,Consultant,2021-10-06 15:47:02.468124013,1847438.779439699
C01346,retail,32,M,Tlaxcala,Student,2024-08-27 10:18:14.119143230,260738.58045698734
C01347,retail,46,F,Nuevo León,Student,2020-05-27 15:32:47.438129951,284831.8061555044
C01348,retail,30,F,Nayarit,Accountant,2024-06-10 16:22:17.329928867,832778.77240506
C01349,corporate,57,M,Guerrero,Business Owner,2024-12-29 23:28:49.701512276,3880848.6932845036
C01350,retail,21,F,México,Student,2023-05-23 05:37:01.656770927,181567.5050349303
C01351,retail,32,M,Sinaloa,Consultant,2023-10-07 16:55:59.390536404,1009510.0343915229
C01352,retail,62,F,Chihuahua,Lawyer,2022-05-01 21:00:02.251957426,1524505.6548547011
C01353,retail,36,M,Puebla,Teacher,2021-12-26 23:31:25.562069083,461603.5841551587
C01354,retail,26,M,Guerrero,Accountant,2022-08-24 15:04:37.974717039,653993.0714358953
C01355,retail,44,F,Nuevo León,Business Owner,2020-05-17 20:10:10.397855912,4791675.565420428
C01356,retail,36,F,Coahuila,Freelancer,2024-05-25 09:53:02.891468071,752549.0444096448
C01357,SME,31,F,Quintana Roo,Lawyer,2021-04-29 03:22:33.521522880,830990.6945357488
C01358,retail,28,F,Oaxaca,Lawyer,2023-10-25 09:35:03.189603173,1166672.4988713735
C01359,retail,75,F,Durango,Retired,2020-09-04 11:07:40.268239810,483402.59334599244
C01360,retail,38,F,Nayarit,Retired,2020-08-21 01:03:53.656379902,694930.2240575685
C01361,SME,18,M,Baja California,Student,2020-06-18 22:31:02.587332442,266187.06289752445
C01362,retail,59,M,Hidalgo,Consultant,2020-07-06 00:47:30.696987944,1279103.7152685742
C01363,retail,49,M,Zacatecas,Government Employee,2025-10-28 00:32:39.631543332,602393.9646958115
C01364,retail,32,M,México,Student,2025-11-13 07:52:27.745986296,289860.3101427087
C01365,retail,30,F,Tamaulipas,Consultant,2022-09-29 16:29:12.025508772,1468912.2603563792
C01366,retail,50,M,San Luis Potosí,Student,2023-10-02 20:27:12.262890221,222730.77071181522
C01367,retail,39,M,Campeche,Business Owner,2024-08-13 11:43:21.423352464,2697911.0204225685
C01368,SME,18,M,Coahuila,Student,2025-11-16 09:43:20.346714845,213375.2521281162
C01369,retail,63,F,Baja California Sur,Student,2020-08-31 20:20:04.504525258,295252.40220421774
C01370,retail,36,M,Sinaloa,Consultant,2021-09-01 04:13:31.112062481,1552918.3294731465
C01371,SME,59,M,Michoacán,Consultant,2022-01-23 10:21:36.282732909,1088447.7856881858
C01372,retail,57,F,Sonora,Lawyer,2020-07-21 17:14:45.021567833,819856.0261721279
C01373,retail,29,F,Ciudad de México,Engineer,2025-08-22 22:28:13.575941752,623913.5364478582
C01374,retail,54,M,Quintana Roo,Engineer,2020-09-05 14:54:22.118483480,834420.0310572217
C01375,retail,34,F,Quintana Roo,Doctor,2022-09-08 18:22:33.076852216,1127297.402550918
C01376,retail,19,M,Morelos,Student,2023-10-01 22:51:18.983006815,230135.05444073252
C01377,retail,36,F,Sonora,Government Employee,2023-04-01 12:30:44.052047040,896265.0718650832
C01378,retail,46,M,Colima,Engineer,2025-04-12 07:58:05.294506562,1185429.160999381
C01379,retail,36,F,Zacatecas,Student,2025-05-04 00:28:30.267169773,222579.1355799489
C01380,retail,38,F,Nayarit,Lawyer,2021-08-02 15:55:22.992717023,953533.0555924822
C01381,retail,55,F,San Luis Potosí,Freelancer,2021-11-22 05:41:45.356797319,970111.5522126583
C01382,retail,43,M,Tabasco,Lawyer,2022-01-28 08:50:46.378642534,1139751.9833016372
C01383,SME,31,F,Hidalgo,Sales,2020-01-22 01:21:26.317557511,391419.80291539733
C01384,retail,50,M,Baja California,Retired,2022-12-06 08:53:50.093532825,331422.849014015
C01385,retail,44,F,Aguascalientes,Retired,2020-02-10 13:56:20.348550581,376255.7718437867
C01386,retail,18,F,Michoacán,Student,2021-06-01 07:37:15.201931218,180158.83676426206
C01387,retail,47,F,Michoacán,Student,2021-10-22 19:19:44.311076935,292972.5340597137
C01388,retail,46,F,Yucatán,Engineer,2022-05-21 21:28:15.040719946,801174.6438369259
C01389,SME,42,F,Guanajuato,Freelancer,2025-11-07 18:22:59.313293908,282847.25486459566
C01390,retail,52,F,San Luis Potosí,Government Employee,2024-04-12 01:53:28.534480689,415470.15479810897
C01391,retail,33,M,Campeche,Government Employee,2024-09-01 04:26:24.929904236,526336.7899236192
C01392,retail,46,M,Yucatán,Teacher,2021-05-22 13:46:11.536357413,520678.1289462308
C01393,retail,23,F,Guanajuato,Doctor,2025-07-12 03:31:21.352993407,1292601.959264613
C01394,retail,46,F,Sonora,Consultant,2022-08-17 10:22:58.411420919,961777.0911634506
C01395,retail,65,F,Yucatán,Accountant,2025-08-04 23:59:00.322187010,1070332.4951702878
C01396,retail,30,F,Chihuahua,Accountant,2021-12-01 07:25:53.629372842,932219.0922945414
C01397,retail,32,F,Sonora,Government Employee,2023-09-09 10:37:37.223324188,878059.9647218642
C01398,retail,33,F,Tlaxcala,Student,2020-10-07 15:37:50.643726005,218837.80630589082
C01399,retail,43,M,Guanajuato,Teacher,2021-08-17 15:50:30.064032870,452384.86331630754
C01400,retail,29,F,Sonora,Teacher,2023-08-28 18:34:37.562684703,515225.251801486
C01401,retail,47,M,Aguascalientes,Student,2024-06-14 21:46:12.623259780,234204.08710643122
C01402,retail,52,M,Ciudad de México,Engineer,2020-04-14 05:18:35.280113041,681924.5135743769
C01403,retail,48,M,Tabasco,Retired,2020-01-09 16:34:11.430943778,698772.9101725935
C01404,retail,20,F,Coahuila,Student,2025-09-13 22:56:37.864798799,281803.75776640116
C01405,retail,53,M,Puebla,Freelancer,2024-05-10 08:33:26.634217955,437987.5824452647
C01406,retail,53,F,Querétaro,Accountant,2021-07-10 06:58:35.147888380,1024679.8736776317
C01407,retail,51,F,Baja California Sur,Doctor,2024-07-03 15:06:26.414357338,1210820.7633249525
C01408,retail,46,F,Tlaxcala,Accountant,2025-01-19 21:46:47.647744580,408793.44676593365
C01409,retail,44,F,Ciudad de México,Freelancer,2021-07-07 01:42:46.233632898,546151.7271178286
C01410,retail,54,F,Baja California,Student,2023-06-14 10:45:52.855708013,183087.9568625184
C01411,retail,65,M,Tamaulipas,Student,2025-09-27 04:43:44.435587233,190532.55151717228
C01412,retail,30,M,Durango,Sales,2023-05-01 05:21:49.806798619,366335.428179253
C01413,retail,54,F,Morelos,Retired,2021-03-17 06:52:41.960151260,467979.87404843525
C01414,retail,40,M,Veracruz,Business Owner,2023-11-10 20:44:52.231033512,2339541.823002169
C01415,retail,40,F,Yucatán,Teacher,2022-04-30 01:12:10.087793993,359598.6177616039
C01416,SME,23,F,Aguascalientes,Engineer,2020-12-23 03:50:48.981345174,776189.1921809753
C01417,retail,38,M,Sonora,Student,2023-01-01 09:03:46.332599146,216521.0432757778
C01418,retail,30,F,Nayarit,Engineer,2022-12-18 03:43:43.287472195,787109.5673915639
C01419,retail,36,F,Chihuahua,Student,2020-02-08 11:09:47.069463244,200677.47866293803
C01420,SME,28,M,Chihuahua,Freelancer,2023-03-28 20:04:38.556728875,809711.648195424
C01421,retail,36,F,Ciudad de México,Retired,2022-02-06 12:44:15.800541758,270039.0960806039
C01422,retail,37,F,Durango,Engineer,2024-11-03 21:48:11.355109402,771514.4361467302
C01423,retail,43,M,México,Business Owner,2022-04-29 18:23:47.230434758,4548009.291293439
C01424,retail,22,F,Campeche,Student,2020-11-04 07:27:04.570692195,230360.85275460812
C01425,corporate,24,M,Colima,Student,2023-02-03 08:05:24.266176880,232930.03347097954
C01426,SME,46,F,Campeche,Lawyer,2023-12-10 22:02:17.838543257,681610.4532825971
C01427,retail,32,M,Baja California Sur,Teacher,2025-04-01 17:03:07.874668407,542146.3233201269
C01428,SME,54,F,Campeche,Business Owner,2021-05-13 14:57:03.441091608,4726532.974560052
C01429,retail,44,F,Aguascalientes,Business Owner,2020-07-09 04:23:08.996205762,1953924.9967489233
C01430,retail,49,F,Ciudad de México,Student,2024-12-21 02:42:43.798760868,227190.59108349652
C01431,retail,58,F,Guanajuato,Retired,2020-04-18 11:53:03.761147842,514671.73407038144
C01432,retail,38,M,Yucatán,Sales,2024-09-13 18:35:50.985117026,310587.3473178656
C01433,retail,35,F,Puebla,Doctor,2020-09-21 10:55:04.966150231,1465199.3645487526
C01434,retail,52,F,Quintana Roo,Accountant,2025-12-04 05:27:09.778059684,727318.139233446
C01435,retail,48,F,Nuevo León,Doctor,2025-02-28 17:53:51.671398197,880567.5281665833
C01436,retail,39,M,Puebla,Government Employee,2022-12-05 17:54:06.292423955,534659.4153696826
C01437,retail,58,F,Tlaxcala,Retired,2023-10-18 23:53:16.295697414,418224.2870308303
C01438,retail,39,F,Sonora,Accountant,2023-11-25 12:04:40.035549429,641764.6181799422
C01439,retail,42,F,Veracruz,Business Owner,2021-04-26 18:32:51.247617117,3680862.386660367
C01440,retail,42,F,Oaxaca,Government Employee,2020-07-30 16:48:54.053266741,541864.8560424045
C01441,SME,30,M,Coahuila,Business Owner,2020-05-12 21:12:11.207727008,2092572.3800078866
C01442,retail,42,F,Chiapas,Business Owner,2024-02-27 01:26:25.750905001,2084980.9735673515
C01443,retail,58,M,Zacatecas,Freelancer,2022-11-10 15:23:00.177345652,977849.2937398751
C01444,retail,47,M,Baja California,Government Employee,2023-06-11 04:24:29.611958235,515867.3735638268
C01445,retail,42,F,Nuevo León,Lawyer,2024-10-10 09:00:46.457169220,616797.7254106869
C01446,retail,40,F,San Luis Potosí,Lawyer,2024-10-25 01:05:46.981203562,1038642.5301560271
C01447,retail,45,M,Baja California Sur,Doctor,2022-09-05 04:40:27.534120348,994766.3040216069
C01448,retail,50,M,Zacatecas,Lawyer,2023-01-05 01:05:47.756174868,1690821.6095328524
C01449,SME,49,M,México,Retired,2023-10-05 00:56:30.016291499,465058.25698180404
C01450,retail,38,M,Coahuila,Accountant,2022-04-05 03:16:26.168596127,564202.9684693331
C01451,retail,45,M,Chiapas,Sales,2024-08-30 07:22:18.747456791,888030.1555710062
C01452,retail,47,M,Quintana Roo,Lawyer,2020-06-11 14:14:56.630946772,896093.3232309364
C01453,retail,29,M,Durango,Engineer,2020-12-13 03:43:16.811418967,1034117.6645795822
C01454,retail,44,F,Ciudad de México,Business Owner,2024-09-06 04:50:28.810537648,3493068.312671113
C01455,retail,18,F,Quintana Roo,Student,2022-03-23 12:15:36.482763380,235467.8333610274
C01456,SME,47,M,Jalisco,Sales,2023-10-17 15:30:07.157367785,513793.2224702731
C01457,retail,49,F,Querétaro,Lawyer,2023-08-13 13:07:11.212659967,1646859.847551107
C01458,retail,50,F,Tamaulipas,Government Employee,2024-03-19 15:18:52.757692314,632558.147108732
C01459,retail,37,M,Hidalgo,Student,2025-06-14 09:58:30.309442813,225043.2320647303
C01460,retail,45,M,Aguascalientes,Freelancer,2025-09-10 19:22:17.156057354,554250.5591446959
C01461,retail,59,M,Michoacán,Student,2022-05-05 11:23:50.266692377,213104.43644431286
C01462,retail,58,M,Oaxaca,Engineer,2023-11-30 00:13:08.261536603,786276.5750891278
C01463,retail,41,M,Colima,Retired,2020-09-19 21:16:35.505619494,303963.2143883198
C01464,retail,43,F,Morelos,Student,2022-01-29 02:29:38.264873266,187814.82905166718
C01465,corporate,55,F,Chihuahua,Teacher,2021-12-14 21:23:06.503706147,516587.55346439895
C01466,retail,23,F,Baja California,Retired,2022-01-11 22:23:54.307978738,454418.14222598285
C01467,SME,38,M,Yucatán,Lawyer,2025-08-27 12:20:38.634046576,808070.9092805596
C01468,retail,58,F,Hidalgo,Government Employee,2022-09-10 17:28:28.133104654,374759.5532511473
C01469,retail,53,F,Sinaloa,Freelancer,2020-06-01 09:56:50.527731034,343267.3783355025
C01470,retail,46,F,Colima,Sales,2021-06-05 15:55:09.352714067,454909.23983426567
C01471,retail,23,M,Sinaloa,Teacher,2023-03-03 03:24:20.976841112,480594.31848497037
C01472,retail,41,F,Ciudad de México,Government Employee,2021-07-04 22:29:09.066699217,435345.2698645976
C01473,retail,34,F,Veracruz,Lawyer,2024-05-01 07:35:11.881434275,1506750.736565828
C01474,retail,45,F,Hidalgo,Teacher,2020-12-06 06:37:36.243684628,377329.94496488804
C01475,retail,32,F,Nayarit,Freelancer,2025-09-19 10:52:20.035006144,324126.5740805348
C01476,retail,29,M,Nayarit,Retired,2021-01-23 15:18:00.429130731,697550.6857086698
C01477,retail,18,F,Ciudad de México,Student,2023-09-07 09:53:07.368898953,233725.8352988499
C01478,retail,56,M,Baja California,Accountant,2021-04-30 13:40:50.822296595,519005.08201928425
C01479,retail,37,F,Campeche,Doctor,2021-10-25 21:41:11.718928408,1426190.75817351
C01480,retail,43,M,Nayarit,Doctor,2023-09-02 18:50:24.575727925,961764.3683054409
C01481,retail,41,M,Morelos,Engineer,2022-11-09 22:13:05.311547968,1147906.8943312839
C01482,retail,29,F,Guerrero,Student,2021-08-16 16:03:17.812072681,194275.4213983844
C01483,retail,26,F,Michoacán,Doctor,2023-04-23 09:13:30.961179540,1389271.1289715988
C01484,retail,29,M,Hidalgo,Freelancer,2025-04-12 16:32:42.471742288,384267.29288970726
C01485,retail,33,F,Guanajuato,Lawyer,2024-12-25 04:34:39.614990140,1726006.1166279532
C01486,retail,46,F,Jalisco,Teacher,2020-11-10 16:03:00.568470116,529698.0313295501
C01487,retail,32,M,Durango,Student,2023-04-12 20:44:41.364049347,202789.8334034148
C01488,retail,62,M,Quintana Roo,Doctor,2023-02-24 02:53:09.102465682,1391374.882822161
C01489,retail,54,F,Tamaulipas,Freelancer,2020-02-04 09:34:41.834135861,590576.3827468595
C01490,retail,51,M,Tabasco,Consultant,2020-10-01 00:34:44.381326828,1599220.8647066585
C01491,retail,40,M,Puebla,Teacher,2021-05-11 14:52:57.893304656,557376.9320632429
C01492,retail,60,M,Nuevo León,Engineer,2021-03-27 12:54:07.002529042,1000006.8800003217
C01493,retail,39,M,San Luis Potosí,Government Employee,2025-04-14 09:41:26.506128564,540600.7698477993
C01494,retail,41,F,Puebla,Teacher,2022-01-01 07:50:53.761632689,675531.1337100742
C01495,retail,44,M,Morelos,Teacher,2022-09-22 15:00:39.640829732,523925.81834344275
C01496,retail,50,M,Ciudad de México,Lawyer,2020-08-04 02:58:44.633263574,693072.8095524294
C01497,retail,49,M,Jalisco,Consultant,2022-05-12 05:03:06.249174607,600101.0777741565
C01498,retail,36,M,Veracruz,Engineer,2024-12-23 11:40:15.477059732,1016761.4777250013
C01499,retail,35,M,Chiapas,Engineer,2020-02-21 18:46:40.503787432,1094982.9552794348
C01500,retail,49,F,Baja California Sur,Sales,2020-07-21 09:26:19.594086253,701932.4580888975
C01501,retail,50,F,Querétaro,Accountant,2023-07-29 12:40:23.716814848,594248.3955303417
C01502,retail,37,M,Colima,Engineer,2020-10-23 00:55:22.152782291,658132.9989509878
C01503,retail,22,M,Nayarit,Student,2025-09-19 14:14:00.818702801,247852.9561776648
C01504,retail,39,M,Tabasco,Student,2020-08-21 05:49:06.900326019,203613.73654376547
C01505,retail,49,M,Veracruz,Accountant,2023-02-01 13:14:11.874841596,665370.2086289651
C01506,retail,63,F,Baja California Sur,Doctor,2024-02-12 01:51:51.271477841,1240084.4904928028
C01507,retail,27,M,Quintana Roo,Doctor,2024-10-07 14:59:19.492082556,999438.2205139262
C01508,retail,36,M,Baja California,Consultant,2023-12-31 12:11:12.480233570,1063158.7580012688
C01509,retail,37,F,Tabasco,Freelancer,2021-06-20 22:16:22.965856765,560518.2553962793
C01510,retail,58,M,Guanajuato,Teacher,2023-08-22 08:52:06.335958839,484209.8664674795
C01511,retail,41,F,Tamaulipas,Retired,2024-01-06 06:26:03.037237094,553462.5951465361
C01512,retail,31,F,Chiapas,Retired,2020-04-18 16:53:25.368427464,602057.9083663563
C01513,SME,48,M,Sinaloa,Business Owner,2021-09-08 20:14:23.204479221,3559855.3268486555
C01514,retail,37,F,Veracruz,Engineer,2025-09-27 22:49:27.924108759,518317.5075160677
C01515,retail,27,F,Coahuila,Engineer,2022-11-25 00:09:13.712249605,1127788.6834433225
C01516,retail,31,M,Veracruz,Lawyer,2024-03-09 23:49:07.467111933,1297427.123851798
C01517,retail,62,F,Jalisco,Freelancer,2023-01-06 18:32:46.622943673,1120247.4141030307
C01518,retail,46,F,Tlaxcala,Teacher,2024-08-18 01:43:40.962840396,685549.8804406486
C01519,retail,43,F,Nuevo León,Doctor,2023-01-31 08:59:30.080935671,1127493.2156570684
C01520,SME,39,F,Baja California,Teacher,2025-01-10 10:50:16.240672204,666547.1573401054
C01521,retail,45,F,Sonora,Engineer,2020-11-23 09:19:48.423690504,755770.3127773236
C01522,SME,45,M,Ciudad de México,Doctor,2022-12-11 04:34:56.060103417,982265.0387257572
C01523,retail,45,F,Sinaloa,Business Owner,2025-09-02 21:01:49.773421101,1016610.2460412271
C01524,retail,43,M,Sinaloa,Government Employee,2025-05-22 03:20:23.373061160,616281.7698160395
C01525,retail,52,M,Durango,Retired,2025-07-20 17:09:40.018944040,559909.9654689527
C01526,retail,42,F,Nuevo León,Government Employee,2022-06-06 07:37:54.531795746,983785.9446289858
C01527,retail,30,F,Morelos,Retired,2020-08-07 09:49:24.302803843,484589.69635148614
C01528,retail,34,M,Sinaloa,Student,2023-02-03 04:19:37.671609200,268137.7142920436
C01529,retail,18,F,Coahuila,Student,2021-07-08 13:22:58.876234147,287538.5544547327
C01530,retail,66,M,Nayarit,Retired,2020-11-05 08:23:26.414713399,494433.9288032374
C01531,retail,52,M,Chihuahua,Student,2021-06-09 18:19:15.069758450,200012.00072961667
C01532,retail,32,M,Tabasco,Student,2023-06-18 02:57:16.271255357,281785.85803241533
C01533,retail,38,M,Ciudad de México,Freelancer,2025-03-09 11:34:50.240149251,774174.280417147
C01534,retail,34,M,Colima,Retired,2024-03-05 22:08:07.236613027,591330.8207857315
C01535,retail,60,F,Tabasco,Government Employee,2023-04-28 03:38:28.870320069,760935.2078536721
C01536,retail,24,M,Tamaulipas,Consultant,2020-04-22 17:45:14.485262982,591556.320318291
C01537,retail,43,M,Querétaro,Freelancer,2022-01-12 05:32:32.816674367,369115.13274483115
C01538,retail,40,F,Querétaro,Sales,2023-10-15 08:48:49.170864810,436062.62534275715
C01539,retail,51,F,San Luis Potosí,Doctor,2025-05-21 13:36:07.102464258,999295.758691434
C01540,retail,40,M,Ciudad de México,Sales,2024-12-02 12:56:10.153642355,795479.3475211853
C01541,retail,20,M,San Luis Potosí,Student,2020-04-23 03:44:55.541783359,251789.32158036582
C01542,retail,38,M,Aguascalientes,Business Owner,2020-02-05 18:19:31.321886779,1058514.0280784161
C01543,retail,30,F,Yucatán,Student,2025-09-18 13:12:14.622467497,226464.21604237583
C01544,retail,42,F,Baja California,Doctor,2025-02-16 19:04:14.653246724,1189432.0361351776
C01545,SME,59,F,Querétaro,Student,2020-10-17 05:42:34.149547053,210180.5910989024
C01546,retail,21,M,San Luis Potosí,Student,2021-02-27 08:37:37.021830677,184780.1073688525
C01547,retail,32,F,Yucatán,Business Owner,2024-10-17 03:49:34.176185739,2335134.459155624
C01548,retail,35,M,Campeche,Lawyer,2021-09-22 20:27:08.659097422,1153427.1418812608
C01549,retail,37,M,Tamaulipas,Doctor,2024-01-15 02:09:53.554190860,1433336.3641056754
C01550,retail,50,M,Oaxaca,Sales,2022-11-01 09:54:50.972458047,840438.9160929876
C01551,SME,39,F,Tlaxcala,Retired,2023-07-08 07:06:29.674303304,475181.6129776642
C01552,retail,46,F,Nayarit,Lawyer,2023-03-03 06:59:22.973585019,1165793.9405130402
C01553,retail,34,F,Durango,Freelancer,2024-09-15 03:03:56.655955601,840502.7003829698
C01554,retail,44,F,Zacatecas,Retired,2020-10-08 10:31:26.445523669,366156.08802144905
C01555,retail,51,M,Aguascalientes,Doctor,2024-11-27 01:45:16.942445695,1000000.2108983318
C01556,retail,33,M,Durango,Sales,2022-08-24 01:23:07.012396180,251662.6065968283
C01557,retail,51,F,Ciudad de México,Freelancer,2020-02-10 01:51:05.232946315,278211.9547948554
C01558,retail,42,F,Quintana Roo,Accountant,2024-05-24 10:17:21.840489593,524952.720432224
C01559,retail,54,F,Sinaloa,Retired,2024-08-11 20:59:47.351232895,538258.3726019526
C01560,SME,39,M,Hidalgo,Sales,2022-09-14 14:57:15.027065114,388227.4295382934
C01561,retail,46,F,México,Teacher,2022-09-13 00:50:39.782254014,349631.72599899134
C01562,retail,41,M,Nayarit,Lawyer,2023-10-17 20:09:29.763330241,1339566.2848014715
C01563,retail,40,F,Sonora,Accountant,2020-11-16 17:35:05.757720258,856225.6682599408
C01564,retail,45,M,Hidalgo,Consultant,2021-06-14 06:13:52.193208128,589509.7520110985
C01565,retail,48,F,Chiapas,Consultant,2023-06-29 02:57:39.496726476,1659347.904297371
C01566,retail,27,M,Yucatán,Retired,2021-10-01 08:32:25.997553360,522771.2874738825
C01567,retail,59,F,Yucatán,Engineer,2023-07-05 13:46:00.708746785,777946.2075583244
C01568,retail,19,F,Baja California,Student,2020-09-05 09:52:21.035117584,297982.85820196476
C01569,retail,33,M,Sonora,Retired,2022-06-06 02:20:04.251057591,254589.7189905349
C01570,retail,40,M,Coahuila,Government Employee,2023-03-17 18:51:50.405910123,681396.754302854
C01571,retail,46,F,Ciudad de México,Engineer,2023-05-15 00:19:08.068378287,611792.5458175977
C01572,retail,60,M,Nuevo León,Engineer,2025-03-30 19:02:49.243271562,730533.2670986616
C01573,retail,19,M,Jalisco,Student,2023-12-17 02:56:54.664855443,195984.4072238049
C01574,retail,35,F,Morelos,Sales,2021-08-05 01:33:30.966419267,684340.1007600133
C01575,retail,18,F,Oaxaca,Student,2023-12-13 06:39:04.963037481,228188.99277983027
C01576,retail,42,M,Oaxaca,Engineer,2025-07-17 04:35:42.861640700,1190410.6367709553
C01577,retail,45,F,Guanajuato,Freelancer,2025-07-22 03:29:58.351674045,853847.7711480445
C01578,retail,61,F,Querétaro,Lawyer,2023-05-27 05:07:28.383605259,1700802.6979876151
C01579,retail,43,F,Chiapas,Student,2021-05-30 00:12:25.424106755,208899.50336713216
C01580,retail,54,F,Guerrero,Sales,2021-02-25 18:59:10.556936417,457209.959834263
C01581,retail,49,F,Tlaxcala,Freelancer,2025-01-14 01:40:00.858377101,562682.6021525103
C01582,retail,36,M,Puebla,Accountant,2020-05-05 01:58:54.853540010,986961.3485234033
C01583,retail,25,F,Ciudad de México,Engineer,2023-12-26 11:18:24.611199836,648173.2506778291
C01584,retail,45,M,Tlaxcala,Doctor,2024-01-03 19:18:50.071936784,1462705.4913578392
C01585,corporate,24,M,Tabasco,Business Owner,2021-02-28 02:58:57.478423128,887390.1263275049
C01586,retail,57,F,Morelos,Government Employee,2021-07-31 08:18:45.683721530,922901.4999182071
C01587,retail,40,M,Colima,Doctor,2022-05-11 04:56:21.545129940,1115990.1662104847
C01588,retail,56,F,San Luis Potosí,Accountant,2023-03-04 16:02:19.930353528,768129.1497572004
C01589,retail,36,F,Tabasco,Sales,2021-08-27 05:23:46.689930845,898309.335016465
C01590,retail,45,M,Colima,Retired,2024-11-01 19:49:33.715535527,641522.4611957715
C01591,retail,44,M,Tlaxcala,Consultant,2021-03-18 11:18:16.362320950,1856033.2903215252
C01592,corporate,41,F,Guerrero,Doctor,2020-07-23 18:52:36.624019945,1209875.0900102826
C01593,retail,36,F,Veracruz,Sales,2023-05-17 08:02:11.678623617,871623.114999232
C01594,retail,46,F,Tlaxcala,Consultant,2021-11-27 23:40:07.074721936,1531708.836760947
C01595,retail,30,F,Nuevo León,Teacher,2025-11-17 07:46:42.756460024,627731.6322893844
C01596,retail,27,M,Durango,Retired,2023-12-21 14:56:45.995248640,574420.979368181
C01597,retail,56,M,San Luis Potosí,Freelancer,2020-02-18 05:22:02.218752537,980915.2117371951
C01598,retail,50,F,Baja California,Retired,2024-04-18 17:08:25.960341004,537087.5676850171
C01599,retail,42,M,San Luis Potosí,Business Owner,2021-08-27 01:42:41.731907901,3823557.7769891554
C01600,retail,61,F,Tamaulipas,Consultant,2022-08-16 09:26:55.422091848,1153908.1526753693
C01601,retail,38,M,Colima,Retired,2025-09-20 23:21:56.554787368,568091.0339147891
C01602,retail,57,F,Yucatán,Lawyer,2024-03-31 08:16:40.363772827,932172.939747917
C01603,retail,44,F,Jalisco,Government Employee,2020-05-08 21:24:15.544307900,744459.1882486588
C01604,retail,29,F,Nuevo León,Engineer,2021-09-01 10:43:08.914861773,866627.2265154084
C01605,retail,64,F,Campeche,Engineer,2022-07-16 10:23:33.454133451,1128977.230570999
C01606,retail,53,F,Ciudad de México,Teacher,2024-10-15 22:15:50.585888496,569289.8105680423
C01607,retail,40,F,Hidalgo,Government Employee,2024-08-20 13:20:36.155137499,717634.973658392
C01608,retail,50,F,Yucatán,Consultant,2023-02-08 18:50:26.580025437,969611.4686542803
C01609,retail,37,F,Ciudad de México,Doctor,2022-01-16 23:17:59.394527150,1403963.6055946266
C01610,retail,51,F,Sonora,Teacher,2020-04-16 11:12:54.194037095,321663.13022254925
C01611,retail,18,F,Hidalgo,Student,2024-07-29 03:56:26.349241301,287971.023568472
C01612,retail,29,M,Sinaloa,Student,2022-01-22 05:41:45.440448909,258357.96306221187
C01613,retail,53,M,Michoacán,Doctor,2023-04-01 21:19:18.828810633,932645.0070496933
C01614,retail,39,M,Sonora,Lawyer,2025-09-09 23:02:25.808728111,1683595.5058700768
C01615,retail,44,M,Querétaro,Teacher,2025-06-01 00:05:17.608429808,430541.91856590135
C01616,retail,25,M,Aguascalientes,Engineer,2022-10-21 22:22:34.182696330,617790.9858815917
C01617,corporate,64,M,Colima,Student,2020-04-13 09:15:46.929863738,218297.8465386613
C01618,retail,56,F,Tlaxcala,Business Owner,2023-03-13 23:39:33.623735436,4832611.973068835
C01619,retail,39,F,Ciudad de México,Government Employee,2022-10-24 10:14:27.287770168,826931.7022732082
C01620,retail,37,M,Yucatán,Teacher,2023-10-04 08:06:10.467721665,666718.1696616143
C01621,retail,54,M,San Luis Potosí,Student,2022-10-21 23:33:53.198404713,215864.94249345735
C01622,retail,65,F,Yucatán,Government Employee,2024-11-03 00:23:08.826867445,357707.5778520202
C01623,retail,53,F,Hidalgo,Doctor,2021-05-29 14:49:27.826744833,1193929.2216132004
C01624,SME,68,F,Morelos,Retired,2025-04-21 13:45:47.315796833,467350.83098808076
C01625,retail,30,F,Tamaulipas,Engineer,2022-11-21 05:38:03.070735661,1004424.0692814641
C01626,retail,32,F,Querétaro,Freelancer,2024-04-22 12:28:26.821615798,742675.7232528587
C01627,retail,27,M,Sinaloa,Doctor,2020-01-26 00:59:05.822561789,1077527.1393003052
C01628,retail,47,M,Ciudad de México,Retired,2021-05-27 19:18:55.601521576,252108.6390211545
C01629,retail,44,F,Coahuila,Lawyer,2023-12-30 21:30:53.887379468,1161296.337833421
C01630,retail,40,M,Quintana Roo,Engineer,2021-09-25 02:23:15.892912985,584450.0948723507
C01631,retail,51,F,Oaxaca,Consultant,2024-07-27 10:25:14.511873938,1883002.5766593341
C01632,retail,56,F,Quintana Roo,Sales,2023-04-01 02:32:24.137502631,849110.036550985
C01633,retail,23,F,Durango,Engineer,2025-07-29 08:58:48.658974086,1062555.1088132102
C01634,retail,34,M,Puebla,Government Employee,2022-05-02 16:04:41.178273968,410506.8251703885
C01635,SME,51,F,Tabasco,Engineer,2024-12-05 04:10:18.601151350,603207.3170549944
C01636,retail,36,F,Sonora,Teacher,2021-06-28 20:28:20.705058395,525324.6568124004
C01637,retail,32,F,Chiapas,Doctor,2022-10-04 17:25:11.215880260,1309223.9658307408
C01638,retail,54,M,Morelos,Teacher,2022-06-11 14:06:42.549480114,661816.6123673288
C01639,corporate,26,F,Baja California,Student,2021-04-10 15:21:12.174741556,287285.01909061807
C01640,SME,38,F,Ciudad de México,Sales,2021-02-27 05:18:05.375267529,350963.08283247094
C01641,retail,45,F,Baja California,Engineer,2022-03-21 11:37:36.209995179,1196832.7605273048
C01642,retail,35,F,Durango,Sales,2020-07-26 15:12:45.721017604,351918.51982268144
C01643,retail,51,F,Tabasco,Engineer,2020-10-17 19:54:01.781475358,1088083.6154604133
C01644,retail,35,M,Guerrero,Retired,2023-03-20 11:24:56.807955509,514126.0871920866
C01645,retail,58,M,Baja California,Doctor,2022-03-02 02:26:53.321134855,1274801.2102549751
C01646,retail,40,F,México,Freelancer,2021-11-25 19:56:49.193273074,803972.3811242932
C01647,retail,50,F,Sinaloa,Engineer,2022-04-11 04:20:01.247365129,1108778.2993624778
C01648,retail,50,M,Baja California Sur,Engineer,2020-06-24 20:56:55.257415720,945969.0147693239
C01649,retail,34,F,Baja California,Teacher,2023-01-05 10:30:12.759224618,639466.3772561012
C01650,retail,18,M,Coahuila,Student,2023-11-22 21:59:46.964129554,198524.31181658385
C01651,retail,46,M,Tamaulipas,Engineer,2022-01-31 23:02:27.800554731,1106695.5782291163
C01652,retail,42,F,Ciudad de México,Business Owner,2024-10-11 13:35:50.968967550,4969700.270767749
C01653,retail,48,M,Guanajuato,Consultant,2023-09-14 23:38:21.517578569,1492260.8539988159
C01654,retail,39,M,Tlaxcala,Freelancer,2025-06-02 12:05:19.569142779,1176362.080660549
C01655,retail,36,M,Querétaro,Lawyer,2025-05-12 12:38:33.977812389,863860.466158741
C01656,SME,66,F,Tamaulipas,Retired,2023-10-23 17:56:24.905793314,623178.2334390215
C01657,retail,24,M,Michoacán,Lawyer,2025-07-22 21:06:34.755616493,802856.5490907351
C01658,retail,50,M,Coahuila,Consultant,2023-03-28 16:14:25.220497423,1273914.6609651353
C01659,retail,35,M,Tlaxcala,Lawyer,2024-05-30 17:59:30.124128875,1396842.65379668
C01660,retail,37,M,Hidalgo,Lawyer,2020-04-27 07:34:16.766801984,1392315.3625345104
C01661,retail,38,M,Baja California Sur,Government Employee,2022-10-30 00:51:07.246823627,769603.3301573847
C01662,retail,32,M,Guanajuato,Freelancer,2022-04-10 01:00:34.944093755,520925.0139492144
C01663,SME,48,M,Baja California Sur,Government Employee,2021-12-28 00:15:34.833596666,981605.7416267567
C01664,retail,58,F,México,Student,2024-04-28 02:40:10.169701004,180786.36583222102
C01665,corporate,47,M,Colima,Teacher,2020-11-25 09:46:50.078517688,548400.0004819449
C01666,retail,43,M,Coahuila,Student,2020-06-30 21:29:52.995660314,283934.03244063875
C01667,retail,30,M,Chiapas,Government Employee,2021-11-26 13:02:43.139271987,923780.1347191818
C01668,SME,48,M,Chihuahua,Consultant,2020-11-16 22:17:59.897770002,1580308.82230665
C01669,retail,67,F,Sinaloa,Retired,2020-10-12 14:01:36.891165442,508666.0668482386
C01670,retail,37,M,Nuevo León,Business Owner,2022-05-18 10:32:39.804094489,2666541.1970577314
C01671,retail,37,M,Tamaulipas,Business Owner,2022-01-15 18:50:03.269319820,2632919.227651648
C01672,retail,35,M,Baja California Sur,Sales,2024-12-11 08:11:40.360920805,526314.8605293236
C01673,retail,36,F,Veracruz,Lawyer,2023-05-04 20:07:42.478188041,1439871.8767180098
C01674,retail,18,M,Guanajuato,Student,2022-06-12 23:29:51.688037387,267745.7439547521
C01675,retail,46,F,Chihuahua,Engineer,2024-09-18 20:32:31.812987980,860334.1589306836
C01676,retail,31,M,Tabasco,Teacher,2022-09-28 22:20:23.911804473,596325.4468605381
C01677,retail,22,M,San Luis Potosí,Student,2023-07-21 23:09:03.747645613,243415.15026535088
C01678,retail,51,F,Puebla,Business Owner,2022-03-03 03:02:02.780892246,1118612.4204243755
C01679,retail,29,F,Jalisco,Teacher,2022-04-24 18:45:51.104015702,640646.8793989342
C01680,retail,37,F,Morelos,Student,2021-12-21 19:31:05.829603381,284458.52472904295
C01681,retail,59,M,Baja California Sur,Business Owner,2020-07-01 17:27:40.647098806,1845783.501257986
C01682,SME,25,F,Tlaxcala,Government Employee,2024-11-14 14:51:02.025260528,850504.1766471958
C01683,retail,23,M,San Luis Potosí,Student,2022-09-03 15:25:30.118824368,241341.03101953873
C01684,retail,45,F,Campeche,Lawyer,2025-06-27 14:58:56.154864353,748832.7401754715
C01685,retail,55,F,Ciudad de México,Engineer,2024-08-07 12:00:22.585275602,778599.485014478
C01686,retail,23,M,Hidalgo,Business Owner,2022-05-03 12:51:11.427872579,1029173.4971419851
C01687,SME,46,F,Zacatecas,Engineer,2021-05-13 02:31:27.955898191,1050527.6835122674
C01688,retail,48,F,Chihuahua,Business Owner,2023-02-18 00:46:25.963776246,1543804.0861591827
C01689,retail,18,M,Durango,Student,2020-07-16 02:59:51.398134724,199727.19252530392
C01690,retail,51,F,Oaxaca,Accountant,2024-12-22 05:20:18.808303158,545976.5506206551
C01691,retail,52,F,Oaxaca,Teacher,2024-09-29 03:56:43.747093944,390452.6312269442
C01692,retail,38,M,Sonora,Consultant,2020-05-30 10:53:05.304930656,1510928.9455070205
C01693,retail,57,F,Puebla,Engineer,2021-07-03 10:19:55.801611381,947021.3260776459
C01694,retail,55,M,Hidalgo,Student,2020-07-07 18:24:29.729065533,195520.5242300163
C01695,retail,43,F,Quintana Roo,Lawyer,2022-09-24 15:37:09.419185649,1469303.7477420662
C01696,retail,36,F,Jalisco,Student,2023-10-13 08:08:38.038431035,221887.20142219693
C01697,retail,30,F,Guerrero,Teacher,2020-06-19 21:50:08.344145870,482989.54975414986
C01698,retail,41,M,Quintana Roo,Doctor,2024-05-11 00:38:26.203820599,887402.0967336172
C01699,SME,48,F,Hidalgo,Doctor,2020-06-30 17:16:05.703942069,1296038.947894891
C01700,retail,38,M,Durango,Lawyer,2024-01-24 15:39:41.583988365,1051466.9528677568
C01701,SME,18,M,Coahuila,Student,2021-10-25 23:24:30.518515842,255856.184522507
C01702,retail,57,M,Chiapas,Retired,2025-04-05 10:17:49.176980484,442249.8523178195
C01703,retail,44,F,Guerrero,Accountant,2020-04-17 10:45:21.970706598,434208.20932712615
C01704,retail,37,F,Tlaxcala,Business Owner,2022-01-21 03:33:47.392888439,3725005.836671397
C01705,retail,52,M,Sinaloa,Retired,2023-02-14 22:09:59.518698587,498629.22461918095
C01706,retail,60,F,Baja California,Engineer,2024-01-26 11:42:37.334382157,803971.879638383
C01707,retail,18,M,Colima,Student,2023-06-21 11:09:13.987006222,204186.44043693165
C01708,retail,47,F,Sonora,Sales,2024-07-26 20:12:31.126066694,655823.7139758568
C01709,retail,24,F,Colima,Doctor,2024-04-19 23:04:00.170569842,992638.4876733156
C01710,retail,47,M,Nuevo León,Consultant,2020-02-06 16:37:56.386728909,1143761.8771131928
C01711,retail,43,M,Chiapas,Freelancer,2024-12-17 06:36:17.350956889,256485.2035738987
C01712,retail,49,M,Veracruz,Consultant,2025-01-08 20:40:52.152668129,1665120.5374991465
C01713,retail,36,M,Colima,Business Owner,2024-12-24 10:52:34.967080303,1087159.5444351283
C01714,retail,19,F,Durango,Student,2024-12-20 18:43:32.981506794,286901.6437755934
C01715,retail,36,M,Hidalgo,Government Employee,2022-09-21 19:00:23.780122864,907303.1009081443
C01716,corporate,46,F,Ciudad de México,Student,2025-06-04 10:15:55.026767222,296531.7620680323
C01717,retail,54,F,Coahuila,Engineer,2022-05-14 09:13:22.509127400,1135909.7784047034
C01718,retail,27,F,Oaxaca,Retired,2023-08-18 04:08:18.585559992,687134.4158050057
C01719,corporate,54,M,Oaxaca,Consultant,2025-08-27 13:56:33.039325001,1830915.2535383096
C01720,retail,34,F,Nuevo León,Government Employee,2022-08-11 21:19:36.984472719,378756.13603833644
C01721,retail,46,F,Guanajuato,Sales,2024-06-05 20:22:45.128846069,534493.6487248167
C01722,retail,35,F,Colima,Freelancer,2021-09-03 16:59:11.238226254,276156.43796759634
C01723,retail,44,F,Zacatecas,Accountant,2023-02-07 11:25:30.599100858,781709.2899737423
C01724,retail,52,M,Querétaro,Student,2020-09-28 22:55:41.408325389,243571.34113426378
C01725,retail,27,M,Michoacán,Freelancer,2025-02-19 08:01:22.438670012,1122179.282294653
C01726,retail,33,F,Durango,Freelancer,2023-12-02 20:21:40.885046159,1169695.7148097283
C01727,retail,44,F,Chihuahua,Lawyer,2022-05-01 17:13:35.297844968,911573.115834217
C01728,corporate,70,F,Durango,Retired,2024-07-19 05:24:07.174888455,512041.36470579036
C01729,retail,31,M,Durango,Retired,2022-06-26 01:37:29.432640507,458999.2697856166
C01730,retail,66,F,Sinaloa,Retired,2020-09-28 02:26:27.987149218,496031.37536860345
C01731,retail,66,M,Tabasco,Retired,2025-02-12 20:18:51.275300648,489278.1745181379
C01732,retail,40,M,Nuevo León,Student,2020-01-12 14:49:31.452634940,289695.84322872525
C01733,retail,38,M,Campeche,Retired,2024-07-08 23:54:59.103878731,653257.4949893116
C01734,retail,33,M,Nuevo León,Accountant,2025-06-14 03:49:19.987725268,485915.80009274406
C01735,retail,41,M,Baja California Sur,Accountant,2022-04-25 10:07:46.733787746,641577.4700019814
C01736,retail,25,F,Morelos,Sales,2020-04-18 02:00:37.586860986,739304.5506103864
C01737,retail,41,F,Jalisco,Retired,2023-05-23 23:41:00.380814969,557794.8816106343
C01738,retail,59,F,Durango,Accountant,2022-08-17 00:17:51.390125240,841835.4201192226
C01739,retail,34,F,Chihuahua,Teacher,2022-03-07 12:51:39.605143830,697525.1667290311
C01740,retail,39,M,Yucatán,Doctor,2020-10-09 16:38:45.543813021,1035854.8770438547
C01741,retail,21,F,Yucatán,Student,2022-11-15 16:10:54.903864182,241830.35994253692
C01742,retail,46,F,Michoacán,Government Employee,2025-07-05 22:32:54.009615414,985406.2404262654
C01743,retail,45,F,Ciudad de México,Doctor,2021-04-02 15:08:49.084078211,1286887.290580851
C01744,retail,42,F,Puebla,Retired,2023-04-06 19:37:13.816794467,541906.771164651
C01745,retail,39,M,Guerrero,Student,2023-08-05 09:04:15.888611505,198569.82355335992
C01746,retail,38,M,Guerrero,Sales,2023-01-23 00:02:14.351414001,410327.2338964087
C01747,retail,48,M,Tamaulipas,Accountant,2024-10-13 21:08:58.532775546,664231.6100438805
C01748,retail,41,F,Jalisco,Government Employee,2020-04-17 17:35:42.192434114,625393.4351014134
C01749,retail,45,M,Sonora,Teacher,2022-09-16 00:57:35.429677734,498884.59309230273
C01750,retail,44,F,Baja California,Retired,2021-06-30 07:41:27.127717958,655962.633780522
C01751,retail,55,M,Durango,Government Employee,2024-07-04 06:47:14.551918138,375048.4972082478
C01752,retail,50,F,Campeche,Student,2025-08-24 01:19:40.323782735,209802.5567586496
C01753,retail,44,M,Zacatecas,Accountant,2021-06-08 12:06:02.703710683,500543.8061177128
C01754,retail,60,M,Tamaulipas,Sales,2024-02-09 04:11:22.546687022,727952.7070502478
C01755,SME,47,M,Chihuahua,Retired,2022-02-28 12:02:10.597770729,686761.8810789085
C01756,retail,57,F,Veracruz,Engineer,2024-12-06 02:43:51.602056722,1125773.4563322007
C01757,SME,49,M,Quintana Roo,Lawyer,2021-03-08 20:14:47.305945373,1467961.6458674232
C01758,retail,19,F,Tamaulipas,Student,2025-02-06 05:34:30.099068456,182582.75802302087
C01759,retail,57,M,Tlaxcala,Retired,2022-12-11 13:27:38.654436596,406164.23852972186
C01760,retail,43,F,Hidalgo,Freelancer,2024-12-16 10:36:51.933031816,1063618.9136207958
C01761,retail,41,M,Quintana Roo,Accountant,2024-02-13 22:21:36.387761878,857149.8308429094
C01762,retail,45,F,Jalisco,Accountant,2025-12-06 18:33:26.962193844,546721.1344762476
C01763,retail,37,M,Campeche,Freelancer,2023-12-03 04:22:04.302782941,666487.6011557251
C01764,retail,44,F,Durango,Freelancer,2024-08-24 09:40:24.842132082,287918.2195631891
C01765,retail,34,M,Durango,Doctor,2020-03-22 00:22:27.329583899,1164561.5964023485
C01766,retail,57,F,Chiapas,Student,2020-10-19 05:10:50.974673291,288124.3147506673
C01767,retail,40,F,Tlaxcala,Business Owner,2020-09-30 07:41:00.176907099,866491.0779678035
C01768,retail,37,M,Campeche,Student,2025-03-01 18:37:23.557106593,253667.59690104047
C01769,retail,30,M,Guerrero,Lawyer,2025-03-11 16:14:33.023347221,879723.4707013523
C01770,retail,45,F,Sonora,Student,2020-07-31 17:48:19.289194010,298847.1990465349
C01771,retail,44,F,Querétaro,Government Employee,2020-07-24 17:54:01.303634133,345571.2695941952
C01772,retail,46,M,Tabasco,Lawyer,2020-12-02 16:39:41.218150443,1340750.276992051
C01773,retail,29,M,Jalisco,Engineer,2022-02-20 11:55:51.978680685,679459.7378020867
C01774,SME,22,M,Coahuila,Student,2021-04-27 10:48:07.789627565,285896.4499688145
C01775,retail,49,M,Baja California,Accountant,2023-08-31 03:50:16.117409540,485350.98146714485
C01776,retail,59,M,Jalisco,Government Employee,2021-08-04 16:47:17.825097274,600477.2582154779
C01777,retail,29,F,Durango,Student,2023-11-27 21:00:53.814436441,202243.57075707338
C01778,retail,61,M,Tamaulipas,Freelancer,2023-11-30 22:17:05.233150563,999444.5218304045
C01779,retail,45,F,Michoacán,Government Employee,2025-05-11 12:03:30.830000454,546010.8478685537
C01780,retail,41,F,Zacatecas,Sales,2024-08-07 10:17:03.772642159,371363.76570972404
C01781,retail,37,M,Baja California Sur,Consultant,2025-06-26 09:19:07.398690007,1588852.3280160145
C01782,SME,25,F,Tabasco,Government Employee,2025-12-27 12:52:06.432548924,872052.9396992252
C01783,retail,53,F,Colima,Accountant,2025-03-06 06:11:02.281397433,723677.3035542371
C01784,retail,32,M,Quintana Roo,Doctor,2022-05-28 04:50:58.946898844,1065194.960430671
C01785,retail,32,M,Tamaulipas,Lawyer,2020-09-15 06:27:05.392007201,1358573.6629966998
C01786,retail,53,F,Morelos,Sales,2025-10-04 13:10:09.625134636,673408.4342070518
C01787,retail,19,F,Campeche,Student,2023-04-16 20:55:30.393086089,259290.10822174215
C01788,retail,23,M,Puebla,Sales,2024-10-08 12:08:47.772772189,429242.7430376704
C01789,retail,41,M,Veracruz,Teacher,2021-01-26 00:58:31.369404348,676521.9303486623
C01790,retail,45,M,Nuevo León,Consultant,2024-07-23 13:05:02.172182684,820166.5850598505
C01791,retail,47,M,México,Freelancer,2023-08-28 10:44:43.096143698,574158.6500464729
C01792,retail,38,M,Oaxaca,Student,2022-05-16 19:00:02.846681196,214043.55677422538
C01793,retail,72,F,Sonora,Retired,2020-10-04 13:14:37.748500193,669006.5097996468
C01794,retail,39,F,Durango,Sales,2022-07-06 01:49:39.834238015,788441.4209810398
C01795,retail,39,M,Veracruz,Lawyer,2020-09-28 15:41:41.209729835,1573527.1360149756
C01796,retail,32,F,Durango,Teacher,2023-12-27 08:44:51.450046453,301884.03746012977
C01797,retail,43,M,Quintana Roo,Sales,2021-10-28 18:00:06.962497162,695836.0110359087
C01798,retail,49,M,San Luis Potosí,Sales,2024-04-02 00:30:10.675679007,399678.1321073433
C01799,retail,56,F,Guerrero,Government Employee,2024-08-30 23:03:51.735121767,977421.9477795669
C01800,retail,24,M,Ciudad de México,Doctor,2020-10-01 14:14:36.515689026,1171526.5163762337
C01801,SME,39,M,México,Teacher,2022-07-06 17:53:06.507890523,525881.7652629793
C01802,retail,47,F,Tlaxcala,Lawyer,2023-01-02 16:01:22.069437979,1027779.7462707856
C01803,retail,49,M,Nayarit,Student,2023-01-26 19:00:56.125629673,244408.21140691167
C01804,retail,42,F,Oaxaca,Accountant,2020-07-01 18:24:57.254251420,924816.7810740886
C01805,retail,48,M,Aguascalientes,Doctor,2025-11-11 20:59:02.310014865,1193344.6697861794
C01806,retail,32,M,Baja California Sur,Freelancer,2024-07-23 08:53:45.102364797,841263.53115458
C01807,retail,60,F,Colima,Accountant,2022-09-25 02:59:37.733174824,730728.1270365012
C01808,retail,53,F,Coahuila,Retired,2023-03-31 20:42:08.729007884,572380.5862249841
C01809,retail,25,M,Zacatecas,Consultant,2025-11-14 13:17:18.291981004,1849339.4251915817
C01810,retail,29,F,Yucatán,Student,2022-12-01 13:32:12.081662403,186126.19504051574
C01811,retail,29,F,México,Freelancer,2025-04-22 12:42:39.300681751,307296.6379782067
C01812,retail,50,F,Colima,Government Employee,2021-05-26 10:47:12.607558570,779927.0657615096
C01813,retail,26,M,México,Business Owner,2023-02-23 01:31:03.085624129,2324129.363367984
C01814,retail,38,F,Tabasco,Lawyer,2023-09-13 06:20:53.362148378,937942.4072107489
C01815,retail,47,F,Querétaro,Teacher,2022-12-13 19:02:45.036465768,371437.49197822594
C01816,SME,41,F,Zacatecas,Freelancer,2024-12-20 03:16:47.300903705,772636.84940756
C01817,retail,45,M,Chiapas,Retired,2023-12-24 15:40:39.287688859,406389.9255481717
C01818,retail,29,M,Guerrero,Doctor,2022-07-22 10:59:13.128234898,1155573.0862387954
C01819,retail,49,F,Guerrero,Sales,2025-10-08 05:17:40.524675688,873065.7569002076
C01820,retail,34,M,Sonora,Business Owner,2021-07-05 18:35:00.126896112,3960551.634630651
C01821,retail,38,F,Ciudad de México,Freelancer,2023-12-04 18:47:31.808964269,995951.665224227
C01822,retail,44,F,Puebla,Doctor,2021-04-04 02:08:11.170655325,886938.6563420205
C01823,retail,43,F,Ciudad de México,Doctor,2020-02-27 04:03:02.317671881,1027486.5481381429
C01824,retail,42,M,México,Doctor,2022-07-27 07:46:54.413145856,874364.9366514803
C01825,retail,32,M,México,Doctor,2021-08-20 22:17:30.664541986,1477965.6196287752
C01826,retail,38,F,Yucatán,Doctor,2025-12-26 14:01:42.191193604,1277532.0127808563
C01827,retail,42,F,Tlaxcala,Business Owner,2020-01-15 13:17:02.410113388,782705.5205021469
C01828,SME,25,F,Oaxaca,Accountant,2021-03-21 20:44:07.184494710,732853.8507796169
C01829,retail,36,F,Guerrero,Lawyer,2021-11-25 02:02:28.482618301,916231.027386631
C01830,retail,46,M,Chiapas,Sales,2023-10-19 01:13:42.973304101,600973.7932824487
C01831,SME,26,F,Aguascalientes,Student,2025-11-07 05:08:00.213810130,201439.10103431012
C01832,retail,55,F,Querétaro,Teacher,2021-08-31 06:38:11.096635733,322742.2531081537
C01833,retail,57,F,Nuevo León,Freelancer,2025-07-09 00:56:15.312379766,523177.85545584833
C01834,retail,27,F,Guanajuato,Doctor,2024-11-23 02:20:28.419002842,1006855.2730004163
C01835,retail,58,M,Yucatán,Teacher,2024-01-31 16:18:12.817860022,586786.150856134
C01836,retail,40,M,Sonora,Business Owner,2024-10-29 07:20:23.633705108,2740560.5687198597
C01837,retail,47,M,Nayarit,Freelancer,2022-11-14 14:30:30.412974739,491328.094661387
C01838,retail,36,M,Chihuahua,Teacher,2021-12-12 14:56:17.797315257,528172.7778019027
C01839,SME,53,M,Morelos,Accountant,2021-06-12 06:53:48.781201106,449922.2430792568
C01840,retail,46,F,Jalisco,Consultant,2024-05-24 17:16:30.601839270,1493529.579983237
C01841,retail,32,M,Guerrero,Government Employee,2024-01-18 00:32:58.720906589,403102.7040259008
C01842,retail,28,F,Sinaloa,Retired,2024-07-31 03:15:05.474558156,375864.99589377025
C01843,retail,24,M,Chiapas,Student,2024-10-25 01:10:57.453113687,213855.02858349358
C01844,retail,44,M,Coahuila,Student,2025-11-07 01:06:24.614047258,235902.69623311673
C01845,SME,48,M,Tabasco,Doctor,2024-10-17 21:21:31.309801086,1467211.1096583307
C01846,retail,49,M,Sonora,Freelancer,2022-01-16 14:49:22.296170600,524659.5750946789
C01847,retail,40,F,Michoacán,Engineer,2020-04-14 12:53:59.643441703,696925.5892515262
C01848,retail,28,M,Sinaloa,Teacher,2025-03-31 13:48:10.410924168,367520.96292062686
C01849,retail,33,M,Ciudad de México,Business Owner,2023-12-01 04:53:35.312473776,2385466.662339434
C01850,retail,55,F,Tlaxcala,Lawyer,2024-06-06 12:30:05.161289543,818449.5162881967
C01851,retail,36,M,Quintana Roo,Government Employee,2025-11-26 13:55:48.460986189,396438.67319027765
C01852,retail,43,M,México,Accountant,2020-03-09 13:09:10.967362706,1000151.8814289557
C01853,retail,29,M,Campeche,Engineer,2021-01-27 09:08:26.101588645,536847.1668048593
C01854,retail,46,M,Yucatán,Consultant,2023-06-25 07:43:09.289254533,1566238.3900150976
C01855,SME,36,M,Oaxaca,Teacher,2024-10-22 05:59:31.924471073,381028.5629789295
C01856,retail,54,M,Quintana Roo,Retired,2023-11-21 13:48:18.135849822,255271.77219460616
C01857,retail,51,F,San Luis Potosí,Sales,2023-10-02 08:34:20.059559050,766845.0183629824
C01858,retail,36,F,Coahuila,Business Owner,2024-08-23 02:51:35.414631344,3719828.4349466707
C01859,retail,40,M,Tabasco,Accountant,2021-01-13 14:14:07.072655705,634009.568760945
C01860,retail,35,M,Jalisco,Retired,2024-08-05 16:29:54.080959160,285699.719583247
C01861,retail,24,M,Veracruz,Government Employee,2022-11-05 08:12:41.355825331,552470.4552600144
C01862,retail,31,F,Sonora,Accountant,2020-01-20 01:25:47.474075103,526929.4875388603
C01863,retail,44,M,Campeche,Sales,2021-04-17 04:28:53.067037543,856128.2421950648
C01864,retail,45,F,Campeche,Government Employee,2024-12-05 14:22:22.527157660,670736.7012014587
C01865,corporate,43,F,San Luis Potosí,Retired,2023-09-13 11:26:05.102432122,683730.6008207537
C01866,SME,38,M,Tamaulipas,Accountant,2024-08-30 13:37:34.305670722,645920.2366444211
C01867,retail,53,F,Jalisco,Lawyer,2020-07-05 04:36:45.414392761,1267755.9388720968
C01868,retail,42,M,Sinaloa,Freelancer,2025-06-14 21:49:59.905506067,390123.62021864956
C01869,retail,50,M,Coahuila,Accountant,2020-05-21 04:04:55.268478087,965901.1742553642
C01870,retail,20,M,México,Student,2020-07-22 03:34:01.509208972,184932.07858464273
C01871,retail,18,M,Guerrero,Student,2023-02-05 16:55:58.513620436,263474.5463677583
C01872,retail,45,F,Jalisco,Accountant,2025-05-25 06:33:05.745167385,674162.4563113274
C01873,retail,24,F,Hidalgo,Engineer,2023-11-17 21:38:55.071210861,904891.6202333281
C01874,retail,39,M,Veracruz,Accountant,2021-07-19 01:36:16.476803510,814581.9867007337
C01875,retail,38,F,Nuevo León,Accountant,2023-11-22 12:44:20.693758345,897557.2906891359
C01876,retail,61,M,Guerrero,Engineer,2022-05-16 18:05:39.414917386,642983.7465240849
C01877,retail,46,M,Michoacán,Lawyer,2025-06-18 17:01:12.050203770,1237663.6368446788
C01878,retail,43,M,Sonora,Student,2024-05-06 00:56:33.045134141,231231.5392931439
C01879,retail,52,F,Michoacán,Lawyer,2020-07-02 18:24:24.482666920,938617.6128135457
C01880,retail,46,F,Aguascalientes,Business Owner,2023-05-29 20:28:42.075116162,2831630.133615286
C01881,retail,36,F,México,Sales,2025-12-06 14:06:08.908947638,868810.7314282506
C01882,retail,54,F,Chiapas,Accountant,2021-05-19 21:58:02.238888434,1064220.411910263
C01883,retail,28,M,Chihuahua,Retired,2023-04-28 07:15:55.379256496,375468.07280010404
C01884,retail,45,M,Tabasco,Student,2023-12-08 10:28:50.916222727,286105.74399540573
C01885,retail,23,F,Sinaloa,Accountant,2025-09-06 09:22:07.750878098,1013729.2433258032
C01886,retail,44,F,Puebla,Government Employee,2023-05-04 18:19:30.037035465,474709.50290554046
C01887,retail,44,M,Morelos,Business Owner,2024-02-21 08:19:05.566674146,3275488.808569866
C01888,retail,62,F,Guanajuato,Consultant,2021-10-10 21:54:19.617635399,1804904.5088533966
C01889,retail,23,M,Tabasco,Retired,2021-08-29 21:28:26.973010951,481748.17587311345
C01890,corporate,34,M,Campeche,Business Owner,2020-04-22 16:42:49.948087367,2290009.077443798
C01891,retail,51,F,Nayarit,Doctor,2025-11-14 23:59:50.176225030,1255550.4519556744
C01892,retail,46,F,Oaxaca,Government Employee,2021-05-25 07:02:16.215998945,420697.7168352827
C01893,retail,44,M,Jalisco,Consultant,2024-07-10 19:12:06.020383918,742597.2341762669
C01894,retail,30,M,Quintana Roo,Accountant,2023-09-12 00:40:23.091581582,982853.1248880978
C01895,retail,34,M,Ciudad de México,Freelancer,2022-10-08 12:57:48.711414750,241874.9578130417
C01896,retail,56,F,Tamaulipas,Retired,2021-03-21 20:17:19.240930443,611634.2942815664
C01897,retail,41,F,Baja California Sur,Retired,2023-10-16 03:59:11.773493526,380722.6616359773
C01898,retail,46,F,Baja California Sur,Student,2020-02-05 02:30:48.423333461,237975.18203673483
C01899,retail,40,M,Guanajuato,Sales,2025-09-02 16:25:45.979617784,603285.3292962089
C01900,retail,27,F,Oaxaca,Business Owner,2020-05-10 09:23:55.706093816,3998398.642950198
C01901,retail,53,F,Quintana Roo,Business Owner,2023-02-23 13:39:32.798412215,4500590.225994434
C01902,retail,48,M,Querétaro,Consultant,2024-08-22 19:53:58.072494889,1706336.9923188237
C01903,retail,69,M,Veracruz,Retired,2023-04-01 19:38:52.499061853,507555.27121998114
C01904,retail,29,M,Chiapas,Student,2020-05-21 04:39:33.485987301,221761.98845559428
C01905,retail,51,M,Campeche,Sales,2025-09-27 01:33:00.646223779,592263.11278095
C01906,retail,26,F,Guerrero,Business Owner,2021-09-02 21:50:31.805855071,829093.2739198138
C01907,SME,43,F,San Luis Potosí,Government Employee,2021-08-02 05:35:21.529363443,471486.32564793015
C01908,retail,53,F,Guerrero,Government Employee,2022-12-07 19:04:32.632916669,556309.1222766713
C01909,retail,18,M,Campeche,Student,2024-09-12 19:05:22.586390289,218370.86265270464
C01910,retail,39,F,Baja California Sur,Teacher,2020-02-15 23:46:43.659073316,338058.87143940345
C01911,retail,35,M,Quintana Roo,Business Owner,2023-03-03 17:59:49.825365293,918242.6008344732
C01912,retail,33,M,Baja California,Student,2022-01-27 20:10:56.589386793,230486.19426367793
C01913,corporate,46,F,Campeche,Freelancer,2020-06-26 11:09:04.329732849,274799.8280979765
C01914,retail,55,M,San Luis Potosí,Accountant,2021-04-20 19:29:48.053113959,600345.9271871322
C01915,retail,40,F,Campeche,Engineer,2021-11-04 10:30:14.450085199,832378.4359529638
C01916,retail,44,F,Sonora,Sales,2022-07-02 03:11:31.642242683,386475.0363440891
C01917,retail,43,F,Zacatecas,Doctor,2025-08-18 23:45:50.937504424,855674.527976828
C01918,retail,42,M,Tamaulipas,Accountant,2024-11-20 15:06:52.771031432,702493.7215853257
C01919,retail,28,F,Coahuila,Retired,2024-07-20 05:59:05.203489463,451814.872797885
C01920,retail,55,F,Baja California,Business Owner,2022-05-15 07:16:05.522140054,4637142.389827793
C01921,retail,45,F,Guanajuato,Student,2021-05-31 21:56:46.908437427,195340.64494681862
C01922,retail,46,F,Chiapas,Sales,2025-10-01 15:44:40.354117905,649747.6104858362
C01923,retail,32,F,Tamaulipas,Retired,2020-01-18 00:55:27.111860772,393866.4745669833
C01924,retail,36,M,Hidalgo,Doctor,2020-09-18 02:45:55.960002620,886518.6048756754
C01925,retail,39,F,Campeche,Engineer,2020-12-22 21:21:04.490906112,775203.3678897837
C01926,retail,23,F,Ciudad de México,Government Employee,2021-02-19 00:25:27.280817029,599556.7376925361
C01927,retail,21,F,Coahuila,Student,2022-07-21 20:57:09.322000198,223628.10527940583
C01928,retail,34,F,Veracruz,Freelancer,2023-11-14 09:34:09.723547065,965733.5066680696
C01929,retail,48,M,Sinaloa,Freelancer,2025-05-26 09:03:58.434830087,1039207.3091604061
C01930,retail,34,M,Tabasco,Consultant,2025-06-06 02:40:06.286290950,723097.7913765879
C01931,retail,29,F,Tlaxcala,Lawyer,2021-12-04 13:17:58.100890528,801486.253860632
C01932,retail,32,M,Hidalgo,Student,2022-09-18 09:19:38.085844920,230546.53299479745
C01933,retail,36,M,Durango,Sales,2021-02-01 02:28:59.849121784,458123.1449049611
C01934,retail,37,M,Coahuila,Business Owner,2024-07-23 12:03:03.241749523,4224167.3227606565
C01935,retail,67,M,Nayarit,Retired,2022-12-16 19:28:48.479262069,698566.03821295
C01936,retail,54,F,Tamaulipas,Teacher,2020-08-21 05:54:22.935985873,372444.32968415634
C01937,retail,54,F,Nayarit,Business Owner,2020-05-09 19:45:07.138953698,3978940.611155303
C01938,retail,56,M,Baja California,Freelancer,2024-04-02 12:23:40.549572220,807247.4234634526
C01939,retail,30,M,Puebla,Lawyer,2025-09-15 05:34:58.490245531,1373309.5243860842
C01940,retail,27,M,Aguascalientes,Business Owner,2024-09-21 20:14:46.321318319,1837098.5811581812
C01941,retail,28,M,Hidalgo,Student,2022-01-16 05:49:32.247014331,191663.64385291678
C01942,retail,58,M,Quintana Roo,Freelancer,2022-02-22 16:57:37.706381442,743256.6491574317
C01943,retail,35,F,Baja California,Teacher,2024-11-29 07:04:21.270758723,545402.9530673857
C01944,retail,26,M,Campeche,Business Owner,2024-07-09 11:31:11.758630822,4841111.404543562
C01945,retail,36,F,Ciudad de México,Student,2021-07-07 22:13:43.719789567,261028.4029217293
C01946,retail,39,F,Colima,Freelancer,2022-05-07 19:56:03.112750863,643684.7438558216
C01947,retail,45,F,Sonora,Engineer,2024-04-18 16:08:10.586178591,1195801.7841534172
C01948,retail,45,M,Nayarit,Consultant,2024-03-16 22:54:54.444812897,1059858.835555229
C01949,retail,32,F,Veracruz,Government Employee,2021-06-11 17:52:18.911370897,413791.1138642394
C01950,retail,50,M,Michoacán,Accountant,2022-06-20 04:00:28.148421403,832586.6549293136
C01951,retail,34,M,Campeche,Retired,2024-04-24 04:03:40.071022997,369813.05129048426
C01952,retail,40,M,Campeche,Teacher,2023-06-21 18:22:28.252468509,668882.8569651004
C01953,retail,50,F,Nayarit,Sales,2020-05-16 19:50:20.064045615,528114.8647752941
C01954,retail,34,M,Baja California,Teacher,2025-08-12 23:50:01.559279762,359846.6895686441
C01955,corporate,35,F,Puebla,Doctor,2023-11-17 19:13:18.909560317,899141.5407461738
C01956,SME,49,F,Guanajuato,Consultant,2020-02-04 21:15:57.253517802,1474459.7586545115
C01957,retail,31,F,Oaxaca,Sales,2024-05-15 00:38:18.146902885,487833.6160833876
C01958,retail,37,F,Yucatán,Accountant,2023-10-05 20:52:29.602092154,654607.5466602916
C01959,retail,48,M,San Luis Potosí,Lawyer,2023-01-16 11:43:03.501955811,1334789.3586663604
C01960,retail,66,M,Campeche,Retired,2024-01-24 17:17:18.376952317,349680.56591981696
C01961,retail,49,M,Yucatán,Doctor,2022-07-06 02:29:13.096485776,901799.9262346723
C01962,retail,47,F,Yucatán,Government Employee,2025-08-14 01:14:51.550549430,760084.4147722556
C01963,retail,48,F,San Luis Potosí,Business Owner,2025-11-21 17:15:47.318624219,722519.26274706
C01964,retail,29,F,Jalisco,Freelancer,2022-10-11 06:10:21.967651161,1107365.8891174104
C01965,retail,43,M,Puebla,Retired,2021-07-26 17:02:03.956690758,332337.09732821386
C01966,retail,41,F,Zacatecas,Teacher,2022-01-25 00:04:34.823194168,479142.8719184359
C01967,retail,45,F,Morelos,Accountant,2024-10-18 22:41:52.808750760,548035.1860790103
C01968,retail,43,F,Veracruz,Engineer,2021-02-07 20:07:35.179375909,652753.986330505
C01969,retail,46,F,Veracruz,Business Owner,2021-06-25 02:57:26.349379036,4290506.71315944
C01970,retail,38,M,Sinaloa,Teacher,2021-07-28 10:28:56.920862937,534013.9903064218
C01971,retail,42,M,Colima,Consultant,2021-12-28 04:57:29.234825905,967175.8273943402
C01972,retail,27,M,Aguascalientes,Accountant,2025-10-11 00:38:43.341840250,575769.3620593438
C01973,retail,38,F,Tamaulipas,Engineer,2021-05-14 23:04:05.181070689,649003.9207816463
C01974,retail,58,F,Nuevo León,Consultant,2024-12-09 07:57:08.747593082,1331673.0839782902
C01975,retail,45,M,Zacatecas,Engineer,2025-06-12 06:11:22.061015664,1011553.3196912832
C01976,SME,41,M,Nuevo León,Lawyer,2024-10-19 11:46:44.905267291,904233.112351463
C01977,retail,64,M,Yucatán,Business Owner,2021-02-14 15:30:17.715432575,2128892.8900370253
C01978,retail,25,F,Puebla,Business Owner,2020-06-24 16:20:48.772781497,3797572.783323732
C01979,retail,28,M,Coahuila,Student,2025-07-11 04:20:42.739735102,268474.0992774663
C01980,retail,62,M,Aguascalientes,Freelancer,2021-10-23 01:05:25.808553171,407323.3591048202
C01981,retail,42,M,Aguascalientes,Retired,2023-08-03 06:36:50.974781169,421991.430723625
C01982,retail,39,M,Durango,Lawyer,2025-09-27 05:20:31.212581511,1643950.1400349278
C01983,retail,27,F,Hidalgo,Teacher,2024-02-07 05:07:48.980311960,596077.6388561438
C01984,retail,47,F,Querétaro,Government Employee,2021-08-31 07:37:22.665018717,413746.88931498805
C01985,retail,48,M,Veracruz,Freelancer,2020-01-08 18:03:23.288682913,585963.3139906627
C01986,retail,28,F,Chiapas,Freelancer,2025-08-26 17:50:50.995640376,1173294.7552093603
C01987,retail,40,M,Guerrero,Government Employee,2022-10-29 12:47:17.158398550,667764.8483083695
C01988,retail,37,F,Tamaulipas,Doctor,2022-08-04 08:51:20.580961527,1303543.030426474
C01989,retail,45,M,Tlaxcala,Retired,2024-02-12 12:53:07.880752505,291415.8501534796
C01990,retail,28,M,Baja California Sur,Consultant,2023-09-13 16:06:41.328946893,1748765.7756102472
C01991,retail,57,F,Tlaxcala,Student,2021-04-13 03:29:19.525769174,252574.7954275664
C01992,retail,52,M,Nuevo León,Sales,2025-11-10 15:12:08.608158842,364140.4564795608
C01993,retail,37,M,Campeche,Consultant,2025-09-18 13:47:20.249055444,1070318.0367772283
C01994,retail,39,F,México,Doctor,2022-11-29 00:32:34.179896594,858119.3997205977
C01995,retail,40,F,Hidalgo,Government Employee,2022-05-13 03:00:08.157771404,843908.1467181775
C01996,retail,32,M,Guanajuato,Student,2020-03-16 11:01:48.384185880,269386.2248762733
C01997,SME,36,F,Sonora,Teacher,2023-07-28 04:46:04.826884919,496092.8983114788
C01998,retail,38,F,Baja California,Consultant,2023-07-03 14:36:19.992176929,1178025.0449791611
C01999,retail,61,F,Tlaxcala,Lawyer,2022-04-08 20:07:43.688140568,1156110.0066936808
C02000,retail,53,F,Ciudad de México,Lawyer,2020-07-01 08:52:41.447705520,644960.1718771904
C02001,retail,53,F,Tlaxcala,Retired,2025-11-13 03:02:29.151213441,415710.60343323136
C02002,retail,46,M,Guerrero,Student,2022-11-14 01:49:01.554133774,195420.60626868068
C02003,SME,28,M,Campeche,Business Owner,2024-01-30 05:03:52.278450903,1494607.3422672017
C02004,retail,41,M,Zacatecas,Lawyer,2022-08-29 10:56:12.307456220,1754541.0125390473
C02005,retail,53,M,Sonora,Business Owner,2020-12-15 03:17:25.164936967,1825676.662783611
C02006,retail,26,F,Nuevo León,Engineer,2021-02-04 22:02:23.421595350,838537.9657572733
C02007,retail,49,M,Durango,Consultant,2022-08-06 03:43:31.298914158,1831689.6065849161
C02008,retail,69,M,Guanajuato,Retired,2022-06-02 15:54:44.106220111,436071.5362621669
C02009,retail,54,M,Coahuila,Student,2024-04-15 21:48:00.545020651,243434.70537243984
C02010,retail,58,M,Hidalgo,Retired,2021-02-04 08:55:06.631602507,325954.6462366088
C02011,retail,44,F,Ciudad de México,Retired,2022-11-01 12:58:42.275357847,378286.0117067075
C02012,retail,53,M,Guerrero,Engineer,2022-05-29 03:44:28.315871909,854280.4180333021
C02013,SME,33,F,Tlaxcala,Government Employee,2022-07-02 10:57:37.076579767,555431.4051197299
C02014,retail,51,M,Baja California,Business Owner,2022-05-17 02:28:21.640082521,864499.5510596263
C02015,retail,49,F,Veracruz,Engineer,2020-07-26 17:04:59.905319779,780580.7241953376
C02016,retail,45,F,Querétaro,Sales,2020-07-14 22:34:53.539511640,779819.5617070121
C02017,retail,57,F,Puebla,Accountant,2023-09-21 07:27:19.395135333,481241.72614994785
C02018,retail,35,F,Aguascalientes,Consultant,2025-07-16 19:29:06.291035113,528097.1102985406
C02019,retail,39,F,Tabasco,Teacher,2024-10-24 21:52:46.884338043,347481.2214047978
C02020,retail,43,F,Coahuila,Doctor,2022-03-26 16:29:58.753196428,1280809.8231239812
C02021,SME,29,F,Aguascalientes,Student,2025-02-24 18:57:38.524384020,275358.15129805735
C02022,retail,44,F,Sonora,Teacher,2023-12-31 10:17:37.365924812,319490.67096479784
C02023,SME,21,F,Sinaloa,Student,2022-07-12 07:00:46.941223740,286506.99597522034
C02024,retail,54,F,Michoacán,Lawyer,2022-06-15 15:50:11.475943170,1352791.0612232136
C02025,retail,42,F,Campeche,Doctor,2022-12-11 03:07:24.973980577,1162692.4620517003
C02026,retail,35,M,Veracruz,Freelancer,2020-08-18 06:53:57.007158768,453592.14160558494
C02027,retail,31,M,Colima,Business Owner,2022-04-06 07:26:54.466709275,2298311.72506361
C02028,corporate,39,F,Morelos,Student,2020-12-08 18:29:20.949648246,293637.7396948184
C02029,retail,50,M,Puebla,Lawyer,2024-04-07 09:51:29.649278100,1693856.6319218979
C02030,retail,48,F,Nuevo León,Sales,2020-07-20 03:14:41.118498836,656552.5852407113
C02031,retail,33,M,Campeche,Doctor,2025-05-13 23:27:37.593053816,1205238.4312787117
C02032,retail,31,M,Tamaulipas,Business Owner,2021-09-06 00:39:43.184294333,1605342.2664199658
C02033,retail,49,F,Campeche,Student,2023-03-09 11:03:00.150391651,294394.37782073603
C02034,SME,33,F,Colima,Business Owner,2020-12-03 00:18:43.937862980,3948185.1217606096
C02035,retail,42,F,Durango,Lawyer,2023-07-04 14:57:19.426089107,1058712.0197821343
C02036,retail,43,M,Sonora,Government Employee,2025-11-17 04:38:09.883003246,871082.8777642153
C02037,retail,45,M,Tlaxcala,Freelancer,2024-03-09 11:44:20.313663437,411874.8741415242
C02038,retail,52,M,Michoacán,Retired,2020-03-22 16:04:15.807629921,345953.10745275614
C02039,retail,26,M,Nuevo León,Government Employee,2021-03-18 03:09:14.412353538,853673.6551511559
C02040,retail,19,M,Aguascalientes,Student,2024-07-17 18:59:28.388727045,247117.51701203932
C02041,retail,35,F,Chiapas,Sales,2021-09-04 10:50:17.764070870,611293.4933778411
C02042,retail,63,M,Baja California,Teacher,2022-12-09 11:10:26.664496068,529468.9046190304
C02043,retail,66,F,Tlaxcala,Retired,2025-05-04 00:24:43.683953666,306613.1934641727
C02044,retail,63,M,Tabasco,Business Owner,2023-02-12 17:53:33.437661630,2203104.369465691
C02045,retail,39,M,Michoacán,Retired,2024-05-09 05:11:23.198118366,507886.42450855335
C02046,retail,20,M,Hidalgo,Student,2023-05-08 00:45:05.122786146,209710.8587772345
C02047,retail,18,F,Yucatán,Student,2023-12-10 22:27:49.444610642,240481.09914802207
C02048,retail,34,F,Veracruz,Retired,2022-01-03 08:02:23.541153991,500666.4142495429
C02049,retail,39,M,Chihuahua,Sales,2020-11-22 10:12:19.109551926,862829.963765925
C02050,retail,57,F,Campeche,Engineer,2024-04-28 13:49:54.024986902,672043.3121166592
C02051,retail,52,F,Sinaloa,Sales,2021-09-03 17:05:01.534503205,535582.6788695537
C02052,retail,44,F,Coahuila,Accountant,2025-10-27 20:27:35.849151340,1087058.8288921237
C02053,retail,31,F,Baja California,Business Owner,2021-02-06 15:05:40.869255252,1503196.654527038
C02054,SME,30,M,Quintana Roo,Student,2021-12-21 20:22:08.277250458,273603.1183314639
C02055,retail,45,F,Durango,Engineer,2024-09-25 22:09:56.599091059,624008.6461008257
C02056,retail,50,F,Jalisco,Government Employee,2024-06-12 14:09:48.780319337,895033.450990638
C02057,retail,46,F,Colima,Lawyer,2022-09-02 03:47:00.765550683,1185569.21279501
C02058,retail,29,F,Baja California Sur,Lawyer,2020-05-23 21:08:48.156964251,1766594.753813428
C02059,retail,49,M,Baja California Sur,Engineer,2021-08-05 23:35:36.973772728,619052.6472833622
C02060,retail,47,M,Tabasco,Consultant,2024-09-29 01:31:56.905247860,1531890.2065440274
C02061,retail,29,F,Baja California,Lawyer,2022-09-13 08:06:21.678156445,1434335.7957878297
C02062,retail,32,F,Tamaulipas,Business Owner,2020-06-22 13:01:59.686012256,3791165.1002823054
C02063,retail,50,M,Yucatán,Sales,2020-08-20 16:09:11.984094653,315629.79741425323
C02064,retail,39,M,Morelos,Lawyer,2023-09-19 22:16:06.685901540,946273.4744305634
C02065,retail,61,F,Nuevo León,Teacher,2020-12-25 19:03:57.277146939,435207.06891544804
C02066,retail,48,M,Durango,Freelancer,2020-12-07 18:42:08.837254838,524287.93232028757
C02067,retail,36,M,Guerrero,Business Owner,2022-04-10 06:51:56.995126258,3602589.76672195
C02068,retail,41,M,Tabasco,Student,2021-06-01 19:01:43.447142575,186579.61530333408
C02069,retail,42,F,Quintana Roo,Retired,2022-09-01 18:21:05.686177064,578536.1081719605
C02070,retail,33,F,Guanajuato,Retired,2020-12-13 17:37:34.928472487,486963.49513215607
C02071,retail,31,F,Ciudad de México,Lawyer,2020-01-31 04:57:07.458111282,807596.7759978423
C02072,retail,50,F,Veracruz,Doctor,2023-12-10 23:07:13.382562393,958283.3090513106
C02073,retail,52,M,Sinaloa,Accountant,2022-02-02 00:27:46.254176503,468306.3184542832
C02074,retail,49,M,Hidalgo,Sales,2020-12-09 11:07:23.087891278,548388.7131103133
C02075,retail,60,F,Chihuahua,Freelancer,2024-02-06 00:05:41.781680112,794921.9981810452
C02076,retail,35,M,Jalisco,Student,2025-08-04 10:41:35.378827476,249717.2268828203
C02077,retail,62,M,Yucatán,Doctor,2021-10-27 11:52:45.829523969,1473658.4730519778
C02078,retail,31,F,Querétaro,Sales,2025-12-23 11:21:14.098300570,442378.21676896815
C02079,corporate,29,M,Guanajuato,Accountant,2021-08-22 18:02:23.180991618,933456.6540018616
C02080,retail,20,F,Chiapas,Student,2021-01-19 23:43:03.617067370,266770.02823911764
C02081,retail,36,F,Yucatán,Retired,2025-10-05 16:17:53.468501261,277597.2026024808
C02082,retail,35,F,Baja California,Business Owner,2022-02-13 03:01:32.709158427,4699022.759908779
C02083,retail,48,M,Coahuila,Consultant,2022-11-15 04:37:07.509994385,1896956.809572544
C02084,SME,44,M,Morelos,Sales,2021-10-23 22:58:44.698180964,507618.26472482097
C02085,retail,27,F,Chihuahua,Retired,2021-04-03 18:32:48.917300204,437955.44343041634
C02086,retail,37,F,Jalisco,Government Employee,2023-09-17 12:02:16.841907530,873718.6703176768
C02087,retail,37,M,Campeche,Lawyer,2024-02-13 10:20:41.752859407,1194037.2815968986
C02088,retail,20,F,Baja California Sur,Student,2020-11-07 13:46:42.330539456,275904.88302259264
C02089,retail,30,F,Yucatán,Student,2020-08-22 07:23:13.873008666,184335.0564177528
C02090,retail,32,F,Guanajuato,Sales,2020-01-13 09:00:06.024693227,412676.14831799595
C02091,retail,59,M,Tlaxcala,Sales,2025-02-28 00:59:28.581237896,309192.33143742126
C02092,SME,44,M,Aguascalientes,Accountant,2021-11-12 11:15:57.168077061,717939.0907603189
C02093,retail,49,M,Jalisco,Government Employee,2025-11-25 14:03:55.308521993,897912.4653590715
C02094,retail,24,M,Chihuahua,Consultant,2021-05-19 18:55:05.108424292,1354682.1849868041
C02095,retail,56,F,Tlaxcala,Doctor,2021-06-09 13:32:49.797374619,1164233.997352518
C02096,retail,57,M,Quintana Roo,Sales,2022-11-30 20:34:06.670232884,487969.84713904036
C02097,retail,18,F,Tabasco,Student,2020-02-05 10:21:10.516432536,187633.24881705805
C02098,retail,33,M,Morelos,Business Owner,2020-06-22 11:08:31.856660575,3995562.3495099237
C02099,retail,47,F,Tabasco,Sales,2024-03-25 15:29:19.450364108,620998.5136548523
C02100,retail,49,M,Morelos,Accountant,2023-05-22 14:19:12.377927905,1051676.7859519771
C02101,SME,33,M,Quintana Roo,Doctor,2021-12-18 02:09:56.560092440,1102376.0889912862
C02102,retail,38,M,Guanajuato,Student,2020-09-23 21:30:35.174596827,228180.35788118962
C02103,retail,34,F,Tamaulipas,Lawyer,2020-08-29 10:24:06.117896619,1769217.3628340738
C02104,retail,43,M,Querétaro,Retired,2023-04-23 09:06:53.401389945,313521.0138828638
C02105,retail,56,M,Coahuila,Retired,2020-07-04 09:14:20.877762848,363562.9420981499
C02106,retail,32,M,Yucatán,Accountant,2020-12-14 09:55:41.233651381,741715.4389781626
C02107,retail,54,F,Hidalgo,Consultant,2024-05-08 23:04:15.456296410,1285316.975828926
C02108,SME,32,F,Colima,Business Owner,2023-02-12 19:41:00.034672498,3059482.0145678045
C02109,retail,31,F,Colima,Sales,2020-06-18 04:37:17.141567150,387871.6664770374
C02110,corporate,51,F,Ciudad de México,Freelancer,2021-08-24 21:08:53.041286805,1126848.975304658
C02111,retail,53,M,Tlaxcala,Freelancer,2023-12-15 09:21:08.573177462,903502.8005598292
C02112,retail,52,F,Sinaloa,Sales,2024-04-16 10:31:42.941073515,417986.1606536024
C02113,retail,26,M,Coahuila,Lawyer,2021-03-26 17:55:18.707800592,953031.892809045
C02114,retail,36,M,Sinaloa,Government Employee,2020-06-25 19:36:46.136562292,916251.8060499554
C02115,retail,51,F,Querétaro,Freelancer,2023-02-15 12:37:32.983057810,580355.7878442102
C02116,retail,42,F,Ciudad de México,Student,2020-03-04 19:11:23.568610354,246764.15975187675
C02117,retail,29,M,Guanajuato,Consultant,2021-02-06 20:26:10.864854154,680640.2884220174
C02118,retail,47,M,Baja California,Consultant,2024-01-11 07:21:02.984771229,877599.4493553283
C02119,retail,33,F,Tabasco,Consultant,2023-02-09 00:48:46.420212460,1124865.4526667385
C02120,retail,63,F,Nayarit,Government Employee,2020-04-28 14:02:44.703153754,759296.8206476369
C02121,retail,60,M,Veracruz,Doctor,2021-04-13 23:12:43.998320618,996154.7413555975
C02122,retail,49,M,Querétaro,Accountant,2025-10-15 15:17:04.681798628,1065534.0093450057
C02123,SME,58,F,Baja California Sur,Engineer,2025-08-26 08:43:17.869566779,654152.2265489718
C02124,retail,42,F,Nayarit,Engineer,2024-09-07 10:11:47.422122773,1045235.6018787835
C02125,corporate,51,F,Michoacán,Retired,2025-03-26 02:18:15.888969039,414069.8303290073
C02126,retail,59,M,Colima,Lawyer,2020-11-04 05:27:52.679591430,1600081.8856350617
C02127,retail,44,M,Quintana Roo,Retired,2021-06-01 02:00:26.148274967,665398.4934556598
C02128,retail,38,M,Colima,Business Owner,2020-09-23 08:25:38.132324148,1504167.10148502
C02129,retail,21,F,Chihuahua,Student,2025-04-01 01:23:01.830373709,238977.73652490223
C02130,retail,41,M,Sinaloa,Student,2024-02-29 01:00:11.259095666,198524.05923680426
C02131,retail,51,M,Sinaloa,Consultant,2023-06-12 02:12:45.599096360,1558738.5520041543
C02132,retail,53,M,Baja California,Retired,2023-08-31 15:57:07.273562380,624507.9687905775
C02133,retail,48,F,Michoacán,Engineer,2024-05-27 15:39:50.673248807,772627.9462484635
C02134,retail,35,M,Sonora,Business Owner,2023-01-05 09:18:28.223714719,2406029.2794760596
C02135,retail,18,F,Puebla,Student,2020-10-26 12:03:14.818319545,204460.977529108
C02136,retail,36,F,Ciudad de México,Teacher,2023-07-26 02:00:50.126769356,422614.16947352473
C02137,retail,38,F,Nuevo León,Government Employee,2024-02-04 23:07:10.522298145,526725.4652193647
C02138,retail,38,M,Puebla,Retired,2022-11-07 07:08:32.214645039,320008.5801213301
C02139,retail,49,F,México,Freelancer,2023-11-20 12:50:47.549221712,509952.54001755884
C02140,retail,65,M,San Luis Potosí,Engineer,2022-06-07 15:28:15.571314637,1135080.7380813349
C02141,retail,43,M,Baja California,Freelancer,2025-09-02 13:10:30.692644613,525386.1578663938
C02142,retail,39,F,México,Doctor,2023-10-19 12:17:58.413429248,992106.3041259557
C02143,retail,38,M,Querétaro,Consultant,2021-07-24 18:11:27.616930756,1076963.8089967598
C02144,retail,43,F,Guanajuato,Retired,2020-02-20 05:46:36.999044607,682123.827372153
C02145,retail,32,M,Oaxaca,Engineer,2022-08-05 04:31:25.934165345,1035206.1568987177
C02146,retail,43,F,Guerrero,Lawyer,2020-05-08 02:36:34.733193687,842086.1827956238
C02147,retail,47,F,Yucatán,Government Employee,2025-07-06 03:48:20.084881722,826786.8691237541
C02148,retail,44,M,México,Sales,2021-09-14 18:21:37.134277919,748053.4136353224
C02149,retail,47,F,Michoacán,Sales,2022-04-23 23:50:31.382425996,867590.0486792598
C02150,retail,47,F,Veracruz,Lawyer,2025-10-29 11:04:02.571713299,1669315.0217294162
C02151,retail,20,M,Tamaulipas,Student,2021-07-01 14:17:45.473723902,191423.49317070656
C02152,retail,49,M,Chihuahua,Government Employee,2022-07-01 19:01:06.464025133,618204.0335339517
C02153,retail,33,M,Baja California Sur,Government Employee,2020-09-14 04:14:18.935957911,792096.2076544468
C02154,retail,28,F,Chihuahua,Government Employee,2025-05-29 14:43:08.892767151,981359.1339777316
C02155,retail,28,F,Quintana Roo,Engineer,2021-12-04 22:33:58.395081770,559608.3878628196
C02156,retail,47,F,Sonora,Accountant,2025-02-20 19:26:48.352170830,657763.2924783018
C02157,retail,39,M,Baja California Sur,Accountant,2021-09-30 09:07:35.863272905,744557.1541026473
C02158,retail,21,M,Puebla,Student,2021-06-12 17:38:14.389398588,229589.71646753576
C02159,retail,47,M,Hidalgo,Consultant,2025-06-24 09:25:02.679098730,1183668.1203210468
C02160,retail,24,M,Guerrero,Doctor,2022-06-11 13:58:25.272714360,1058371.8669095633
C02161,retail,43,F,Colima,Lawyer,2020-02-09 19:40:34.588534718,1764748.1075746233
C02162,retail,44,F,Yucatán,Doctor,2024-12-19 20:40:51.736727315,1362272.1485176818
C02163,retail,52,M,Baja California,Doctor,2023-05-07 19:03:34.739196248,1315662.674894269
C02164,retail,63,F,Coahuila,Doctor,2023-04-14 22:51:52.290715764,1087491.3613758732
C02165,retail,25,M,Tlaxcala,Business Owner,2022-03-08 13:28:57.679687286,4490552.279179577
C02166,SME,41,F,Morelos,Retired,2022-07-03 22:02:00.066062930,292002.7725812819
C02167,retail,38,M,Coahuila,Consultant,2024-10-18 05:01:24.234497748,715127.9328047538
C02168,retail,47,F,Aguascalientes,Engineer,2023-03-07 00:03:07.675270880,1167841.451354615
C02169,retail,44,M,Campeche,Student,2023-09-10 01:20:34.244141347,248039.1633990098
C02170,retail,37,F,México,Government Employee,2024-04-01 23:09:06.202086068,411620.6024262443
C02171,retail,36,M,Campeche,Freelancer,2020-02-15 03:07:30.564330589,1149146.656896453
C02172,retail,28,M,Guerrero,Engineer,2020-04-22 12:50:29.245032696,1182391.267178164
C02173,retail,53,M,Michoacán,Retired,2023-07-31 15:54:05.028023926,646672.7621809125
C02174,retail,47,M,Puebla,Student,2022-06-22 08:45:22.038159112,208627.18115564928
C02175,retail,53,F,Nayarit,Sales,2023-03-10 13:55:11.127778869,431021.3693406937
C02176,retail,38,F,Jalisco,Sales,2021-08-13 12:50:17.388312238,514532.7611315699
C02177,retail,34,F,Jalisco,Consultant,2020-07-07 06:07:27.578739378,1368983.16810874
C02178,retail,29,F,Tamaulipas,Government Employee,2023-09-23 14:09:17.696490612,994527.978880068
C02179,retail,46,M,Guanajuato,Business Owner,2020-06-15 07:44:32.392212334,4811375.207514525
C02180,retail,29,F,Tamaulipas,Student,2023-05-28 18:53:22.463080126,290537.60818278755
C02181,retail,64,M,Michoacán,Business Owner,2024-10-06 20:02:29.126865285,1083888.1741745458
C02182,retail,26,F,México,Engineer,2020-07-16 21:28:22.794264479,1030017.1988232121
C02183,retail,45,M,Querétaro,Government Employee,2020-11-12 09:17:19.255189509,913792.9797836452
C02184,retail,60,F,Chihuahua,Lawyer,2020-11-03 09:20:22.672900080,999935.7687261692
C02185,retail,49,M,Veracruz,Lawyer,2022-02-24 06:50:06.343975441,863489.0606150033
C02186,SME,44,M,San Luis Potosí,Retired,2024-07-06 07:26:20.001152478,586799.4206905866
C02187,retail,30,M,Zacatecas,Freelancer,2020-02-06 06:06:36.725016057,290837.8472292632
C02188,retail,25,M,Hidalgo,Retired,2023-08-29 18:07:51.323947140,673387.1318247244
C02189,retail,51,M,Sonora,Doctor,2023-11-01 16:52:02.427606735,909254.5070570405
C02190,retail,60,M,Tamaulipas,Consultant,2023-01-09 11:33:54.120226974,1186307.2357931659
C02191,retail,36,F,Morelos,Retired,2020-07-07 04:52:25.619406776,692260.0151480429
C02192,SME,28,M,Campeche,Accountant,2020-01-30 00:59:35.068252840,1091755.1397961238
C02193,retail,18,F,Guerrero,Student,2020-04-11 03:22:22.766510900,273119.6103937511
C02194,retail,30,M,Nayarit,Sales,2025-09-28 01:36:35.463528352,795473.3543265639
C02195,retail,40,M,Tabasco,Business Owner,2024-03-16 17:33:27.759928933,4858835.158594194
C02196,retail,61,F,Colima,Doctor,2020-03-28 13:01:40.444609782,1449201.5840195678
C02197,retail,50,F,Guerrero,Lawyer,2021-08-05 12:50:10.264590650,1346530.9808492495
C02198,retail,45,M,Campeche,Accountant,2025-01-11 16:12:06.192801013,914232.621267092
C02199,retail,37,F,Veracruz,Engineer,2020-12-03 05:54:45.232286176,915644.1815405234
C02200,retail,35,M,Colima,Student,2021-01-17 13:14:46.392945293,240779.93937186289
C02201,SME,58,F,Tlaxcala,Consultant,2020-09-26 20:44:22.064702287,1821244.4056224374
C02202,retail,44,F,Baja California,Business Owner,2022-01-29 21:49:35.589686598,3873508.7202142975
C02203,retail,18,M,Tlaxcala,Student,2025-05-26 22:24:39.933058013,283178.8002603341
C02204,retail,33,F,Veracruz,Freelancer,2025-02-18 05:19:05.161471152,295911.05931637366
C02205,retail,31,F,Campeche,Teacher,2022-04-09 05:35:37.444402673,530594.6435349602
C02206,SME,35,M,Guerrero,Business Owner,2021-08-01 07:26:00.193188389,2116922.6914142976
C02207,retail,48,F,Sinaloa,Freelancer,2021-03-31 06:10:01.315574652,713394.4917000943
C02208,retail,40,F,Puebla,Retired,2020-11-05 05:20:27.159143648,525835.063051892
C02209,retail,41,F,Querétaro,Accountant,2023-02-17 14:42:49.600697510,992031.7762510712
C02210,SME,57,M,Durango,Consultant,2020-06-04 15:31:32.649337485,547816.6187156471
C02211,retail,33,F,Yucatán,Sales,2023-02-15 08:21:37.664065872,356589.3562264099
C02212,retail,64,M,Yucatán,Accountant,2020-06-13 08:17:04.235766194,1045012.9403419624
C02213,retail,33,M,México,Engineer,2025-02-12 23:01:18.614750455,1177090.4642169876
C02214,SME,43,M,Tamaulipas,Sales,2020-08-14 16:13:18.691034855,286024.79943602404
C02215,retail,38,F,Ciudad de México,Business Owner,2021-11-30 10:31:29.205240612,2126686.7663301635
C02216,retail,43,F,Ciudad de México,Accountant,2020-02-06 21:18:37.963152492,406810.9913670421
C02217,retail,47,F,Coahuila,Doctor,2025-10-17 16:36:25.239771974,1330214.3666843292
C02218,retail,47,F,Tabasco,Sales,2021-10-27 12:38:28.456228404,693261.7990968198
C02219,retail,32,M,Baja California,Freelancer,2024-01-21 20:17:02.046597006,764805.6802037492
C02220,retail,28,M,Coahuila,Freelancer,2020-04-22 11:22:04.835802771,891661.8649167382
C02221,retail,72,F,Ciudad de México,Retired,2025-07-08 17:21:42.592491032,492006.5834422316
C02222,retail,36,F,Nayarit,Business Owner,2024-08-16 23:11:03.179717253,1727017.2938371785
C02223,retail,50,F,Quintana Roo,Government Employee,2023-09-05 09:05:18.732412218,828034.3688025771
C02224,retail,22,M,Guerrero,Student,2023-09-08 13:18:52.807982031,273994.1158055639
C02225,retail,38,M,Coahuila,Freelancer,2021-02-02 14:06:50.681398123,1054202.7472751597
C02226,retail,40,M,Zacatecas,Retired,2025-01-21 21:50:09.562168068,679335.4593844686
C02227,retail,47,M,Nuevo León,Business Owner,2021-05-18 10:27:28.182850011,3914429.6780259563
C02228,retail,18,M,Querétaro,Student,2022-11-12 04:46:05.563966277,186546.02953378425
C02229,retail,43,F,San Luis Potosí,Engineer,2024-05-05 23:21:24.851670403,514587.020921121
C02230,retail,28,F,Michoacán,Business Owner,2025-07-30 17:00:30.520961804,3881444.6239001276
C02231,retail,45,F,Sonora,Freelancer,2022-08-25 16:26:41.037654330,256051.0209781761
C02232,retail,29,M,Colima,Student,2021-03-21 08:26:08.665474570,217913.6677401455
C02233,SME,31,M,Veracruz,Consultant,2021-12-26 08:09:08.842294935,704239.9674458377
C02234,retail,38,F,Nuevo León,Engineer,2025-06-04 08:45:14.385254012,1178230.9019814187
C02235,retail,29,F,Chihuahua,Accountant,2024-12-30 16:15:05.956612393,621476.2251499469
C02236,retail,36,F,Baja California,Freelancer,2022-03-06 19:10:42.335274893,255146.9633172297
C02237,retail,27,F,Veracruz,Freelancer,2022-09-15 02:52:35.345785112,1149608.4921234255
C02238,retail,20,F,Baja California,Student,2023-11-19 02:06:28.153553425,253049.93417645874
C02239,retail,54,M,Tlaxcala,Government Employee,2020-01-06 00:12:37.491941365,325276.3842333504
C02240,retail,26,M,Colima,Business Owner,2022-06-25 08:50:36.525345742,4283453.304872562
C02241,retail,39,F,Tabasco,Teacher,2023-10-03 08:18:48.236046185,361011.6337520656
C02242,retail,51,M,Durango,Lawyer,2020-09-03 19:37:09.275552782,1562924.3302297604
C02243,retail,34,M,Puebla,Sales,2025-05-17 09:37:04.482391041,641789.237786073
C02244,corporate,32,M,Puebla,Business Owner,2023-05-31 09:56:11.151388822,1461595.60005187
C02245,retail,44,M,Guanajuato,Business Owner,2020-11-13 12:43:19.904834866,3936172.3794363607
C02246,retail,55,F,Oaxaca,Doctor,2023-06-18 00:33:27.844313705,1118153.937427505
C02247,retail,27,M,Tabasco,Freelancer,2021-01-16 19:30:39.333744653,838101.5778570557
C02248,retail,40,M,Sonora,Student,2021-12-06 06:41:46.105316729,284342.56935195636
C02249,retail,21,F,Oaxaca,Student,2024-10-01 17:04:38.901115498,211236.03414959763
C02250,retail,37,F,San Luis Potosí,Lawyer,2024-07-17 00:03:13.150790366,1039165.9748179493
C02251,retail,42,F,Baja California Sur,Government Employee,2025-12-03 20:05:07.571654368,998091.2469219203
C02252,SME,31,F,Tabasco,Lawyer,2024-08-31 02:37:44.412111946,1209737.8723020891
C02253,retail,36,F,Michoacán,Lawyer,2024-08-01 22:03:18.872953898,1270203.767778662
C02254,retail,25,F,Baja California Sur,Accountant,2020-04-02 04:37:09.806932398,599807.2633204804
C02255,retail,42,M,Colima,Consultant,2025-10-02 07:52:50.221027198,1124041.2949321652
C02256,retail,54,M,Nuevo León,Teacher,2023-02-16 10:40:28.494428215,500621.20042110863
C02257,retail,28,F,Guerrero,Retired,2024-06-18 22:51:40.311190242,366300.38531930774
C02258,retail,34,F,Nayarit,Sales,2021-05-14 15:47:45.421521365,404794.82038912084
C02259,retail,48,F,Hidalgo,Freelancer,2022-12-30 15:41:21.807790329,800467.4163309342
C02260,retail,56,F,Guanajuato,Student,2024-07-10 01:34:19.266282074,202038.35696979845
C02261,retail,24,F,Zacatecas,Consultant,2020-10-10 13:41:19.235879314,1330187.155660121
C02262,retail,39,M,Tlaxcala,Engineer,2022-11-12 01:32:43.958258382,994350.522747674
C02263,retail,45,M,Hidalgo,Sales,2022-08-16 09:47:40.853724769,378867.6523822882
C02264,retail,40,M,Puebla,Sales,2020-08-11 15:25:52.306171289,734821.48601948
C02265,retail,18,M,Tabasco,Student,2024-06-29 20:19:00.241250847,223162.48466192777
C02266,retail,48,M,Baja California Sur,Engineer,2021-03-26 04:16:54.617968054,1194754.1690031814
C02267,retail,60,M,Chihuahua,Accountant,2024-03-27 03:06:45.238969099,1085354.746147303
C02268,retail,43,F,Tabasco,Doctor,2022-01-16 07:51:50.881600102,1359017.042057619
C02269,retail,29,F,Quintana Roo,Sales,2025-09-28 22:04:46.650555428,472768.8474649638
C02270,retail,35,F,Baja California Sur,Retired,2021-09-08 02:59:11.326333025,671745.4990140641
C02271,retail,63,M,Sinaloa,Government Employee,2023-11-09 11:10:51.490303520,999146.3024247831
C02272,retail,52,M,Sonora,Doctor,2022-09-27 14:35:52.161471433,1123595.4577378097
C02273,retail,49,F,Aguascalientes,Retired,2020-02-04 16:51:24.389979650,526565.8359928571
C02274,retail,46,M,Jalisco,Freelancer,2021-07-07 08:47:44.704121525,205987.00897072244
C02275,SME,34,F,Quintana Roo,Retired,2021-08-18 23:27:25.017611144,269589.9881820714
C02276,retail,39,M,Oaxaca,Engineer,2022-08-27 15:10:29.446058906,850418.9682747028
C02277,retail,41,F,Coahuila,Teacher,2025-07-14 06:22:29.984915564,543726.1588834225
C02278,retail,48,M,Sinaloa,Consultant,2023-12-20 03:45:51.260658271,968589.816229457
C02279,retail,60,M,Ciudad de México,Lawyer,2020-09-17 10:21:46.381539669,718955.8835894812
C02280,retail,55,M,Aguascalientes,Consultant,2024-05-20 14:29:16.988533808,1673409.005277708
C02281,retail,24,F,Durango,Consultant,2025-10-28 16:25:32.145013995,1128140.4763799263
C02282,retail,44,M,Hidalgo,Freelancer,2024-03-18 07:01:56.607526328,848849.0413831047
C02283,retail,50,F,Guerrero,Business Owner,2025-05-24 22:14:05.322361527,3495865.790298544
C02284,retail,49,M,Campeche,Freelancer,2025-09-12 08:38:05.289757035,746839.2299113354
C02285,retail,34,M,Coahuila,Teacher,2025-11-02 16:04:13.863500999,371396.00677448895
C02286,retail,76,F,Durango,Retired,2024-08-17 04:20:26.437526930,527237.2205766281
C02287,SME,26,F,Querétaro,Accountant,2025-10-19 07:56:31.010656920,625459.1285675329
C02288,retail,29,F,Yucatán,Government Employee,2024-03-16 21:10:21.089473261,873388.463742353
C02289,retail,44,M,Sinaloa,Business Owner,2025-09-09 18:00:15.102839489,1530746.6455885787
C02290,retail,67,M,Tlaxcala,Retired,2021-08-03 03:46:49.094746889,381017.0774405827
C02291,retail,31,F,Coahuila,Retired,2021-02-12 13:12:06.114086362,448138.1251404067
C02292,retail,38,M,México,Retired,2024-11-02 14:22:47.819206837,583006.6486044695
C02293,retail,54,F,Nuevo León,Doctor,2020-07-21 06:57:24.586810537,1304526.1247594738
C02294,retail,41,M,Coahuila,Doctor,2024-01-19 17:19:31.491963856,1035977.3047173871
C02295,retail,37,F,Sonora,Business Owner,2024-09-02 19:16:55.324568427,2896234.2435430093
C02296,retail,48,M,Jalisco,Accountant,2020-06-23 19:18:19.859060133,563964.4545794181
C02297,retail,45,M,Puebla,Accountant,2025-03-07 07:54:16.260812705,939256.4646109602
C02298,retail,54,F,Jalisco,Accountant,2025-11-14 01:35:46.880366399,537697.1160942992
C02299,retail,57,F,Nayarit,Retired,2023-02-07 12:57:40.760089359,618706.9304116266
C02300,retail,45,F,Durango,Lawyer,2024-12-13 12:29:41.477429819,1724237.8577708607
C02301,retail,45,F,Baja California Sur,Sales,2020-06-23 18:15:44.557916268,894551.4384286939
C02302,retail,44,F,Chihuahua,Sales,2022-08-12 03:14:20.515940242,807026.2592421772
C02303,retail,47,F,Tlaxcala,Business Owner,2024-07-14 07:19:47.556558232,1653305.8762929267
C02304,retail,42,F,Querétaro,Teacher,2024-04-02 16:12:28.479551064,466605.8691424212
C02305,SME,41,F,Quintana Roo,Sales,2022-01-30 11:08:26.268297665,307744.0387401101
C02306,retail,56,M,Querétaro,Retired,2024-09-10 10:43:45.282672257,324048.27650600596
C02307,retail,60,F,Zacatecas,Doctor,2023-10-27 19:22:00.915009645,834788.0077772391
C02308,retail,23,F,Ciudad de México,Teacher,2023-08-17 21:37:10.253826341,556435.8057049857
C02309,retail,42,F,Jalisco,Student,2023-12-15 03:18:20.381934903,243982.9893291018
C02310,retail,33,F,Puebla,Engineer,2023-05-05 17:20:27.263464875,1141909.8887634187
C02311,retail,38,M,Yucatán,Consultant,2023-03-16 19:57:45.148228264,1194511.9781991835
C02312,retail,46,M,Puebla,Student,2024-07-06 07:40:54.974394045,257077.44696002165
C02313,retail,50,M,San Luis Potosí,Accountant,2020-02-27 15:15:27.717307263,681118.6315852855
C02314,retail,40,M,Colima,Retired,2022-09-09 23:49:06.835616028,623256.4971671924
C02315,corporate,19,M,Aguascalientes,Student,2020-10-23 16:39:46.688531345,291166.01017364743
C02316,retail,30,F,Baja California Sur,Lawyer,2022-04-14 14:20:50.987894644,1118078.5158690256
C02317,retail,52,F,Tlaxcala,Engineer,2022-08-29 05:35:41.683156315,557891.0070347475
C02318,retail,18,F,Querétaro,Student,2023-12-28 16:04:33.738259644,199624.46303803675
C02319,retail,56,M,Chihuahua,Business Owner,2024-11-15 21:45:39.153205612,3798341.341513328
C02320,retail,48,F,Aguascalientes,Retired,2020-01-25 09:25:27.960079248,396370.6816323353
C02321,SME,57,F,Nayarit,Government Employee,2023-06-15 16:29:00.812663760,849770.2661546492
C02322,retail,39,M,Durango,Retired,2023-11-01 20:12:32.843763739,587392.5564905312
C02323,retail,18,F,Quintana Roo,Student,2020-10-01 13:31:02.928250681,263316.8944492455
C02324,retail,47,F,Morelos,Sales,2025-05-16 11:38:55.052952784,779241.7891092509
C02325,retail,57,M,Sonora,Teacher,2022-05-17 06:16:32.195135753,602623.1046649729
C02326,SME,53,F,Puebla,Accountant,2021-08-07 20:16:38.919435097,842812.1619981381
C02327,retail,34,F,Aguascalientes,Doctor,2025-05-04 16:15:36.880447179,802959.0502333778
C02328,retail,43,M,Querétaro,Freelancer,2024-09-18 03:57:01.973599244,715677.7237705678
C02329,retail,35,F,Yucatán,Sales,2021-09-14 04:03:44.857257464,636914.9757450738
C02330,retail,32,M,Quintana Roo,Consultant,2021-08-25 06:38:26.666219307,1940969.8119770046
C02331,retail,53,M,Colima,Accountant,2021-06-28 14:10:25.309311779,855338.0935643936
C02332,retail,27,F,Tlaxcala,Government Employee,2024-09-14 19:08:34.224427113,702832.2041286544
C02333,retail,31,M,Guerrero,Consultant,2025-09-16 14:48:02.218789818,1311791.3064231616
C02334,retail,28,F,Nuevo León,Engineer,2023-07-30 07:35:09.818141654,572305.1989127339
C02335,retail,24,M,Jalisco,Government Employee,2021-06-19 15:21:53.982999299,599334.3417891765
C02336,retail,43,M,Veracruz,Government Employee,2025-09-15 23:05:31.564569840,394049.1191041849
C02337,retail,55,F,Nuevo León,Freelancer,2025-09-29 04:28:25.174469755,252697.8032951749
C02338,retail,39,M,Tabasco,Teacher,2021-09-02 14:56:51.147742035,431788.0063267541
C02339,retail,23,M,Morelos,Consultant,2020-10-11 01:38:09.674324880,1468163.8984862664
C02340,retail,52,F,Tamaulipas,Accountant,2022-02-06 21:43:25.378173625,1006759.001332036
C02341,retail,62,F,Michoacán,Freelancer,2022-12-23 14:25:16.919113936,1010366.6776099798
C02342,retail,34,F,Nuevo León,Sales,2025-11-30 18:22:26.138926131,441548.697602538
C02343,retail,36,F,Chiapas,Engineer,2023-06-05 09:38:06.391785347,532197.6788462647
C02344,retail,48,F,Querétaro,Business Owner,2024-03-01 08:57:32.595653231,2431516.5592080047
C02345,SME,61,F,Nuevo León,Doctor,2025-08-10 15:19:34.299903844,1020345.8182441286
C02346,retail,35,M,Campeche,Engineer,2025-12-04 16:59:00.675860124,759885.5455709309
C02347,retail,26,M,Chiapas,Business Owner,2025-04-01 05:14:35.046542963,3104126.0048618936
C02348,retail,49,M,Chiapas,Business Owner,2021-08-11 03:25:18.794501764,830778.1802657485
C02349,retail,51,M,Sinaloa,Government Employee,2020-01-09 14:08:52.281902702,559564.3862668779
C02350,retail,42,F,San Luis Potosí,Doctor,2022-03-23 15:26:04.416365503,1191043.8752735995
C02351,retail,35,F,Aguascalientes,Sales,2021-07-12 14:26:50.826889988,530131.4970991139
C02352,SME,53,F,Nayarit,Lawyer,2023-04-04 22:39:05.396410683,1400675.398586235
C02353,retail,48,M,Tamaulipas,Lawyer,2023-10-26 10:24:08.692103642,823358.3364340006
C02354,retail,32,M,México,Retired,2022-08-07 07:50:09.083016160,319222.8029968145
C02355,retail,42,M,Puebla,Business Owner,2022-10-11 04:18:49.404704276,2023860.3314260782
C02356,retail,25,F,Tamaulipas,Sales,2025-02-13 19:04:05.131715236,316124.10893365555
C02357,SME,50,M,Nuevo León,Freelancer,2024-11-23 01:30:27.359829676,436262.1056238654
C02358,retail,38,F,Quintana Roo,Retired,2023-11-08 19:16:39.375775296,289107.09281833
C02359,retail,36,M,Jalisco,Doctor,2023-03-18 06:58:01.721681407,1081384.8294975942
C02360,retail,41,F,Tabasco,Freelancer,2020-10-20 06:28:23.342875253,911456.78390411
C02361,retail,42,F,Chihuahua,Lawyer,2024-01-18 08:02:22.261876058,943845.9833929474
C02362,retail,52,F,Zacatecas,Retired,2022-06-18 03:42:08.181238668,251678.91538106566
C02363,retail,49,M,Nayarit,Lawyer,2022-03-12 11:58:01.918137850,1268481.4795943447
C02364,retail,40,M,Zacatecas,Business Owner,2025-09-03 03:47:44.907691481,3675349.3449789286
C02365,retail,51,M,Colima,Retired,2023-09-09 19:59:48.316750202,426092.6733824993
C02366,retail,46,F,Chiapas,Lawyer,2023-08-09 09:02:20.868442262,956400.1785860898
C02367,retail,36,M,Querétaro,Retired,2020-03-04 11:29:15.600920538,470787.5004040261
C02368,retail,40,M,Colima,Business Owner,2021-04-27 08:52:56.960732581,1135330.6598296287
C02369,retail,40,F,Tlaxcala,Lawyer,2020-11-01 01:18:47.588534655,1372712.1079149242
C02370,retail,48,F,Chihuahua,Doctor,2020-04-19 04:05:02.495305152,1313308.7374466218
C02371,retail,37,F,Durango,Sales,2020-07-10 06:53:12.365018079,708010.6447928277
C02372,retail,37,F,Baja California Sur,Doctor,2023-07-10 07:30:39.299729128,1030067.186811359
C02373,retail,65,F,Hidalgo,Business Owner,2022-02-18 11:14:17.242980214,4323656.699825641
C02374,retail,53,F,Coahuila,Engineer,2024-02-25 19:36:45.520235897,1162795.0862503354
C02375,retail,32,F,Zacatecas,Business Owner,2025-09-23 05:02:28.483497852,1977419.4559477002
C02376,retail,48,M,Veracruz,Doctor,2025-01-02 22:33:42.709643869,983903.6938206838
C02377,retail,43,F,Campeche,Retired,2024-03-14 21:20:57.629667915,566848.2959837739
C02378,retail,46,F,Hidalgo,Sales,2024-07-22 09:36:30.071069784,710383.9815442474
C02379,retail,43,M,Chihuahua,Business Owner,2024-01-18 23:00:23.686581761,2894795.4256147356
C02380,retail,56,F,Michoacán,Retired,2021-06-15 22:40:15.466618114,665494.9249390323
C02381,retail,46,M,Querétaro,Sales,2021-02-21 21:05:58.559706115,345104.91226321156
C02382,retail,41,M,Tabasco,Government Employee,2024-01-12 10:47:39.047508557,634157.4412564444
C02383,SME,54,F,Puebla,Consultant,2022-01-09 13:46:59.201843799,552810.3424569828
C02384,retail,44,F,Tlaxcala,Teacher,2020-11-08 00:10:21.176675507,321062.42946318793
C02385,retail,43,F,Aguascalientes,Sales,2021-07-15 19:48:28.504198268,284895.0008727937
C02386,retail,45,M,Veracruz,Sales,2025-06-17 13:35:09.651072718,569662.8042939251
C02387,retail,40,F,San Luis Potosí,Teacher,2025-03-21 19:15:13.512477323,535586.4101701834
C02388,retail,42,M,Zacatecas,Business Owner,2023-09-10 01:49:22.613746548,714996.2384923517
C02389,retail,34,M,Hidalgo,Freelancer,2023-10-15 23:17:30.280122591,832547.0365658414
C02390,retail,32,M,Veracruz,Retired,2023-06-12 10:00:44.784665326,470365.82816360524
C02391,retail,30,M,Sonora,Government Employee,2022-09-05 21:39:02.506554186,456661.54404505045
C02392,retail,25,M,Baja California,Lawyer,2021-06-23 01:50:29.478774307,618120.161591934
C02393,retail,31,F,Oaxaca,Consultant,2020-03-13 13:22:30.139784974,734154.9558698423
C02394,retail,39,F,Tlaxcala,Accountant,2025-03-02 18:02:13.602637187,820233.1652462792
C02395,retail,43,F,Tamaulipas,Sales,2022-07-16 12:15:26.640368310,678246.7912711927
C02396,retail,38,F,Nuevo León,Engineer,2020-02-08 19:35:19.426844998,952943.4883694395
C02397,retail,18,M,Chihuahua,Student,2020-06-16 17:13:05.039594549,198379.63157524957
C02398,retail,60,F,Guanajuato,Freelancer,2024-08-29 11:39:29.077381536,1111215.2252165405
C02399,retail,55,F,Morelos,Retired,2023-06-07 15:10:42.244505439,434928.84405121824
C02400,retail,47,M,Ciudad de México,Engineer,2024-08-10 07:43:11.217509735,1037605.9633295169
C02401,retail,64,F,Zacatecas,Lawyer,2021-07-27 23:05:31.194592460,799777.2941268205
C02402,retail,30,M,Chiapas,Sales,2021-02-25 15:01:37.592975639,555870.1336451846
C02403,retail,64,M,Chiapas,Government Employee,2025-09-17 01:42:59.505360778,665065.3456912391
C02404,retail,30,F,Michoacán,Engineer,2021-04-20 18:04:57.423136875,1039249.4459350833
C02405,retail,44,F,Campeche,Doctor,2020-02-04 13:09:16.157772459,1235063.8760156631
C02406,retail,26,F,Zacatecas,Business Owner,2024-01-24 18:40:06.083594235,2417001.102435045
C02407,retail,42,M,Oaxaca,Student,2022-11-11 00:28:02.749293504,213902.04040771478
C02408,retail,46,F,Tlaxcala,Student,2024-04-03 03:06:23.287140858,296755.7830485613
C02409,corporate,40,F,Yucatán,Accountant,2024-02-06 11:27:10.539636444,599171.2799040484
C02410,retail,50,F,Zacatecas,Engineer,2022-03-30 14:17:53.427123318,590631.8737719699
C02411,retail,43,M,Hidalgo,Engineer,2020-06-01 11:47:05.530806781,710291.9839189898
C02412,retail,35,M,Morelos,Student,2022-03-17 09:23:12.792760777,219232.69489112118
C02413,retail,35,F,Ciudad de México,Accountant,2024-12-18 00:29:48.933666641,489501.78418582946
C02414,retail,51,M,Sinaloa,Consultant,2025-06-10 06:41:00.589396151,1562218.361726877
C02415,retail,34,M,Hidalgo,Retired,2020-05-15 03:19:08.227017576,528624.8755675657
C02416,SME,52,M,Michoacán,Engineer,2025-03-19 19:33:04.414295050,721631.1508539163
C02417,retail,56,F,Oaxaca,Teacher,2020-12-27 13:05:01.785176274,697201.0306120913
C02418,retail,21,F,Durango,Student,2025-09-21 18:39:37.550427778,258601.98379096488
C02419,retail,55,M,Durango,Government Employee,2023-05-11 15:44:48.516528487,792230.4738794258
C02420,retail,66,M,Oaxaca,Retired,2022-08-09 23:38:31.974316040,500732.7497293785
C02421,retail,45,F,Tamaulipas,Business Owner,2025-06-21 00:52:47.705037889,3071771.93609547
C02422,retail,49,M,Michoacán,Lawyer,2024-07-27 20:48:22.148134060,624026.7399162017
C02423,retail,54,F,Quintana Roo,Student,2024-09-07 04:56:08.225867797,272509.5241425614
C02424,retail,38,M,Oaxaca,Business Owner,2023-01-30 07:24:50.939667917,4616186.175152833
C02425,retail,44,M,Aguascalientes,Accountant,2025-04-15 06:36:58.960427111,485584.9066287001
C02426,SME,26,M,Guanajuato,Business Owner,2022-05-09 13:15:22.022304021,4121211.8545012507
C02427,retail,43,F,Yucatán,Student,2022-09-18 19:16:19.321798994,244117.37525064006
C02428,SME,47,F,Hidalgo,Doctor,2020-03-26 02:22:44.710973713,999716.6983705529
C02429,retail,48,M,Sinaloa,Doctor,2023-10-31 13:56:28.253421223,1444619.7682700926
C02430,retail,54,M,Nayarit,Teacher,2024-04-26 19:01:10.163564388,306948.37820038234
C02431,retail,32,M,Chiapas,Lawyer,2021-02-17 02:44:46.687629744,928870.5440401542
C02432,retail,35,F,Campeche,Consultant,2023-09-04 14:52:05.458639457,1829375.6320391474
C02433,corporate,64,M,San Luis Potosí,Lawyer,2021-05-22 02:50:17.772918657,1177217.8734639364
C02434,retail,40,M,Chihuahua,Lawyer,2020-01-26 13:07:15.434147157,1318706.7643150117
C02435,SME,44,F,México,Teacher,2021-09-22 08:52:30.850689197,599907.9475817691
C02436,retail,41,F,Quintana Roo,Business Owner,2021-05-30 05:28:57.353956546,1336286.6977339722
C02437,retail,32,M,Baja California,Government Employee,2022-10-14 22:51:11.105883089,450622.78787052014
C02438,retail,61,M,Campeche,Doctor,2022-08-31 10:42:14.582704399,1499041.195626834
C02439,retail,35,F,Jalisco,Freelancer,2025-11-24 19:17:02.137094451,437452.9437089343
C02440,retail,28,F,Campeche,Government Employee,2025-06-28 07:05:31.130905716,677442.2936491487
C02441,retail,36,M,Tamaulipas,Engineer,2023-03-08 02:47:55.525863428,709095.3876490497
C02442,retail,18,F,Tlaxcala,Student,2023-03-30 19:27:59.804618669,282171.2110059869
C02443,retail,34,F,Nayarit,Accountant,2024-08-17 09:15:41.126801906,1073230.0418679146
C02444,retail,30,F,Sonora,Retired,2021-03-19 08:21:14.297435897,313581.7275942569
C02445,retail,49,M,Oaxaca,Lawyer,2021-04-23 01:09:05.000684968,1320688.7554326332
C02446,retail,33,F,Michoacán,Sales,2021-10-12 02:06:10.884850613,777525.5580293568
C02447,retail,52,F,Ciudad de México,Doctor,2022-12-31 14:51:28.074753240,1376120.3271263957
C02448,retail,58,M,Zacatecas,Retired,2024-08-24 02:33:15.498659910,448201.89905847266
C02449,retail,51,F,Colima,Teacher,2020-07-05 02:09:01.346852893,390150.76210754993
C02450,retail,39,M,Guanajuato,Student,2021-02-28 03:50:04.152796555,226457.17827341924
C02451,retail,43,M,Jalisco,Consultant,2025-10-25 23:38:06.345221089,1626729.8146890914
C02452,SME,23,M,Morelos,Doctor,2021-10-23 01:10:17.379939483,1495645.5183743625
C02453,retail,40,F,Hidalgo,Student,2023-08-07 06:07:01.268866130,246515.25923481007
C02454,retail,31,F,Colima,Doctor,2020-06-20 13:32:34.530505316,936587.2811787943
C02455,retail,50,F,Jalisco,Consultant,2022-04-06 05:05:35.259350863,562902.1920909883
C02456,retail,72,F,Guanajuato,Retired,2021-04-27 17:31:16.837671192,674661.371643787
C02457,retail,47,M,Ciudad de México,Freelancer,2022-08-29 07:41:36.977618009,683033.6853054815
C02458,retail,18,M,Colima,Student,2025-01-23 07:46:20.254122292,265991.8368147942
C02459,retail,37,F,Jalisco,Student,2023-07-11 08:12:17.064907236,259222.38439857226
C02460,retail,43,F,México,Government Employee,2025-07-12 14:15:54.703760333,923610.7897766636
C02461,corporate,43,M,Sonora,Lawyer,2024-05-24 10:33:03.687812600,919308.9531481522
C02462,retail,33,M,Aguascalientes,Consultant,2021-01-16 05:17:09.377669274,1162580.5816443868
C02463,retail,44,M,San Luis Potosí,Retired,2023-02-16 06:17:20.891002087,661130.2880138413
C02464,retail,27,M,Guerrero,Retired,2024-09-27 11:10:17.120189772,513509.87188076245
C02465,retail,30,M,Chiapas,Sales,2024-10-08 02:39:07.498576971,296385.13502227474
C02466,retail,49,F,Sinaloa,Engineer,2025-10-13 04:18:04.248846596,636139.1180642863
C02467,retail,29,M,Jalisco,Retired,2023-07-25 00:51:38.339225820,356746.9948779965
C02468,retail,48,M,Sinaloa,Retired,2025-05-21 08:17:56.200614285,697204.4657609004
C02469,retail,25,F,Querétaro,Business Owner,2024-01-14 01:53:18.692717173,1663797.8813833962
C02470,retail,63,F,Michoacán,Retired,2021-03-12 08:59:15.415202192,641358.7019109968
C02471,retail,32,M,Nuevo León,Student,2024-03-10 17:51:38.821818541,189371.55608957334
C02472,SME,39,F,Tamaulipas,Retired,2022-12-09 15:27:15.208714056,331774.4937689286
C02473,SME,45,M,Michoacán,Retired,2023-02-16 03:32:29.617248433,642425.717306711
C02474,retail,35,F,Coahuila,Business Owner,2023-04-24 00:18:12.176243826,4565427.74888664
C02475,retail,43,F,Baja California Sur,Sales,2022-10-24 08:44:45.812565127,364527.7399655727
C02476,retail,48,F,Quintana Roo,Teacher,2020-04-12 15:22:04.746024815,391941.10353153857
C02477,retail,53,M,Colima,Business Owner,2021-12-01 02:48:08.400201118,2981440.05529562
C02478,retail,51,F,Puebla,Engineer,2024-10-20 07:35:39.877807024,536878.1191562824
C02479,retail,39,F,Zacatecas,Sales,2025-01-18 23:21:58.841525225,864435.6541301518
C02480,retail,40,M,Puebla,Sales,2025-02-25 12:37:45.069626156,485350.2333863188
C02481,retail,70,M,Jalisco,Retired,2020-01-02 12:18:35.110204781,470180.0738908341
C02482,retail,53,F,Oaxaca,Business Owner,2021-07-14 14:43:01.367925698,1151708.0320968123
C02483,SME,30,F,Baja California Sur,Teacher,2020-12-29 21:02:07.170258243,313017.88636225497
C02484,retail,43,M,Tamaulipas,Freelancer,2025-04-16 13:27:06.466428417,667817.3742868006
C02485,retail,37,F,San Luis Potosí,Lawyer,2022-12-13 08:37:54.798061006,746000.9657702822
C02486,corporate,40,M,Guanajuato,Teacher,2025-09-04 08:19:14.458060534,552128.1056081447
C02487,retail,27,M,Querétaro,Lawyer,2025-03-31 12:50:01.325520598,1553378.3584847683
C02488,retail,37,F,Jalisco,Doctor,2020-11-17 05:40:58.776631025,822169.8238771548
C02489,retail,63,M,Querétaro,Teacher,2022-11-09 23:20:00.836114560,544889.6131989302
C02490,retail,48,M,Baja California,Teacher,2023-01-03 01:26:14.718912608,626251.5159153766
C02491,retail,18,M,Campeche,Student,2022-09-02 13:41:09.670794134,232731.7969718164
C02492,retail,56,F,Zacatecas,Government Employee,2020-05-15 10:25:03.852082897,971794.2243947593
C02493,retail,55,M,Yucatán,Freelancer,2024-09-18 01:53:47.050919474,311195.0178871851
C02494,retail,37,F,Puebla,Lawyer,2022-12-06 02:38:18.179816200,987581.6791265595
C02495,retail,50,M,Tabasco,Business Owner,2020-05-30 12:34:54.489341374,1689322.8759979876
C02496,retail,31,F,Sonora,Lawyer,2023-06-30 18:34:24.478834612,1795430.3828403251
C02497,retail,36,M,Chiapas,Consultant,2021-07-11 18:12:58.593841656,941264.8254847224
C02498,retail,59,F,Nuevo León,Business Owner,2023-03-18 10:28:25.978925305,2368085.406021009
C02499,corporate,38,F,Durango,Lawyer,2024-01-19 19:31:46.560479743,1617140.6352672686
C02500,retail,19,M,Puebla,Student,2022-10-02 00:50:29.854830936,291596.55092187756
C02501,retail,41,M,Puebla,Student,2023-05-08 17:50:23.705797594,292530.6052662348
C02502,retail,41,M,Baja California,Doctor,2020-09-17 19:47:04.221551463,1190718.185222397
C02503,retail,56,M,Puebla,Consultant,2021-08-26 11:25:22.866905547,1494954.002374177
C02504,SME,42,M,Baja California Sur,Student,2020-05-10 00:45:04.511405099,221900.95638333677
C02505,retail,36,F,México,Teacher,2023-12-12 07:14:03.730124709,542864.0988988418
C02506,retail,54,F,Nuevo León,Doctor,2021-07-27 22:34:21.304964866,1011923.950663818
C02507,retail,43,M,Puebla,Lawyer,2021-04-10 06:34:02.877499789,1495234.7736595431
C02508,retail,32,M,Sinaloa,Doctor,2024-04-29 22:49:31.572523681,1015047.3887964487
C02509,retail,55,M,Veracruz,Sales,2025-08-10 00:23:40.410303139,821617.8397680501
C02510,retail,44,M,Baja California,Retired,2024-07-30 18:51:07.642546724,314567.89365636255
C02511,retail,42,F,Sinaloa,Government Employee,2020-01-30 04:41:15.675208297,700264.1622090468
C02512,retail,44,F,Baja California Sur,Student,2020-02-15 08:30:47.101131160,242481.58022849
C02513,retail,29,M,Tlaxcala,Lawyer,2022-06-05 16:25:31.663579376,916461.2329906062
C02514,retail,35,M,Guerrero,Teacher,2023-07-30 01:57:37.587625654,311200.8716728597
C02515,retail,42,F,Quintana Roo,Government Employee,2021-10-15 01:30:38.481473367,403973.7290115423
C02516,SME,39,M,Tamaulipas,Engineer,2022-03-18 08:07:46.839643915,1177566.7845346713
C02517,retail,57,M,Jalisco,Consultant,2021-06-15 11:38:35.324389999,1911957.7327635835
C02518,retail,44,F,Morelos,Lawyer,2023-02-01 19:07:05.204940063,743160.9872042651
C02519,retail,52,F,Michoacán,Accountant,2025-12-19 00:21:09.908889810,662402.5140687348
C02520,retail,42,M,Morelos,Teacher,2021-07-12 17:47:27.897191340,486051.1127788543
C02521,retail,54,F,San Luis Potosí,Doctor,2025-09-25 13:28:56.772770898,1134650.8296245257
C02522,retail,46,M,Ciudad de México,Lawyer,2021-05-26 04:03:04.911790596,958584.083378471
C02523,retail,42,F,Baja California Sur,Doctor,2023-09-26 20:37:10.501489779,1439067.8958218805
C02524,retail,41,M,Querétaro,Student,2023-03-18 21:33:18.414375047,289019.7805486057
C02525,retail,30,F,Yucatán,Consultant,2023-09-09 19:25:16.832415289,528392.6497320145
C02526,retail,48,F,Jalisco,Freelancer,2022-04-10 15:17:36.022364332,850002.0255188012
C02527,retail,41,M,Baja California Sur,Teacher,2025-06-09 09:13:16.013992452,329745.03774913144
C02528,SME,35,F,Chihuahua,Retired,2022-06-10 15:07:44.452699926,518874.545456736
C02529,retail,55,F,Quintana Roo,Consultant,2020-05-09 08:46:11.846502911,1800340.2114955948
C02530,corporate,26,M,Puebla,Sales,2023-06-09 23:16:37.859328003,672195.7667862426
C02531,retail,36,F,Nuevo León,Engineer,2021-12-30 16:30:55.011735114,828249.7993882482
C02532,retail,54,F,San Luis Potosí,Student,2020-09-11 15:10:44.067894748,294948.4453963204
C02533,retail,45,F,Zacatecas,Government Employee,2022-04-13 04:07:24.914372842,822619.7547108608
C02534,retail,41,M,Hidalgo,Sales,2021-03-10 04:32:30.753143985,412051.34159869514
C02535,retail,45,M,Chiapas,Lawyer,2022-02-28 04:17:49.850875101,1064324.6681993222
C02536,retail,44,M,Aguascalientes,Sales,2024-11-30 20:29:59.273773780,743919.7270013106
C02537,retail,23,M,Guerrero,Teacher,2025-07-23 05:57:24.326610524,307725.7185606703
C02538,retail,37,F,México,Engineer,2022-12-31 22:41:27.270720045,544774.375747093
C02539,retail,61,M,Sinaloa,Freelancer,2022-09-24 12:34:59.449724670,1059424.037882945
C02540,retail,34,M,Nuevo León,Sales,2024-08-16 19:06:09.819875298,277914.9362080042
C02541,retail,38,M,Baja California,Student,2023-06-04 21:19:52.730161046,261422.3394577396
C02542,retail,35,M,Baja California Sur,Accountant,2023-03-22 22:37:32.306662743,623234.4888450415
C02543,retail,40,F,Coahuila,Student,2022-10-23 11:00:47.390651229,279107.83202108287
C02544,retail,35,F,Tamaulipas,Doctor,2023-09-05 09:29:54.687157271,1393143.0932175047
C02545,retail,47,M,Guanajuato,Sales,2025-07-13 05:00:20.297696356,869671.3735922317
C02546,retail,44,M,Tamaulipas,Engineer,2023-06-19 13:27:29.320289537,566884.782675791
C02547,retail,51,M,Durango,Doctor,2024-05-11 21:35:07.080496295,1095993.3293075538
C02548,retail,29,M,Colima,Lawyer,2023-07-14 21:22:38.293229559,1288750.881905004
C02549,retail,37,M,Baja California,Accountant,2021-11-11 03:02:36.021252601,1041240.731769747
C02550,retail,39,F,Jalisco,Doctor,2025-06-25 05:38:22.153923614,986560.1683173198
C02551,retail,47,M,Hidalgo,Student,2020-01-30 17:43:44.623996670,188595.37051474524
C02552,retail,32,F,Coahuila,Accountant,2025-07-14 06:12:25.141081421,541235.4361804913
C02553,retail,52,M,Tabasco,Business Owner,2022-02-08 14:38:56.481419571,2830987.2877256395
C02554,SME,56,M,Puebla,Accountant,2025-10-17 06:09:17.125887218,876736.3826461555
C02555,retail,30,F,Ciudad de México,Student,2021-12-28 05:20:40.483439860,262881.5732314964
C02556,SME,36,F,Coahuila,Engineer,2024-02-06 03:32:40.929741780,552264.3896293265
C02557,retail,35,F,Aguascalientes,Doctor,2023-03-19 04:13:17.629545347,1332987.946603959
C02558,retail,73,F,Aguascalientes,Retired,2021-07-08 20:14:58.188361271,547108.3916881483
C02559,retail,36,M,Chihuahua,Government Employee,2020-04-29 08:52:24.968586859,585280.6385925338
C02560,retail,62,F,Sinaloa,Government Employee,2024-03-14 22:30:09.811403681,699760.9589823472
C02561,retail,26,M,Aguascalientes,Doctor,2025-01-20 21:50:39.558892971,1337419.0801444915
C02562,retail,30,F,Michoacán,Sales,2024-03-07 08:57:02.278166510,420360.5482931547
C02563,retail,33,M,Baja California Sur,Retired,2022-05-15 17:38:41.231334336,673016.0165653555
C02564,retail,31,M,Zacatecas,Freelancer,2024-01-18 08:45:09.984261300,337767.7427146317
C02565,retail,38,F,Hidalgo,Sales,2022-03-16 23:36:54.402734277,836445.729830126
C02566,retail,33,M,Puebla,Accountant,2023-04-09 07:26:41.134602473,918601.3101427273
C02567,retail,32,M,Campeche,Freelancer,2023-08-12 15:52:45.574492978,860519.2798478132
C02568,retail,55,M,Morelos,Engineer,2020-01-05 00:25:40.611037927,558035.6809890718
C02569,retail,56,F,Durango,Teacher,2025-07-30 04:48:53.993489702,667602.762026883
C02570,SME,53,F,Campeche,Consultant,2022-09-01 23:21:12.563033648,942995.8211409424
C02571,retail,48,F,Oaxaca,Engineer,2024-09-08 09:07:01.851938966,1021929.290030726
C02572,SME,43,F,Tabasco,Freelancer,2021-07-15 10:40:32.806673708,1084802.297491376
C02573,retail,36,F,Guerrero,Sales,2024-12-25 13:11:45.909104984,408784.51499481266
C02574,retail,30,M,Sonora,Doctor,2020-07-22 15:49:53.918647442,1440221.4542186256
C02575,retail,46,M,Hidalgo,Freelancer,2020-06-25 03:45:04.345460885,811942.2605356764
C02576,retail,27,F,Campeche,Accountant,2020-03-16 13:51:38.564071690,861322.9066400331
C02577,SME,30,M,Michoacán,Sales,2021-01-12 13:46:33.220206071,844434.2907016755
C02578,retail,55,M,Nuevo León,Accountant,2024-04-27 12:53:03.560357082,768714.972101957
C02579,retail,64,M,Coahuila,Doctor,2024-02-05 13:20:52.283348228,1108453.730978462
C02580,retail,46,F,Aguascalientes,Teacher,2025-04-04 00:43:37.582102788,553293.3402619628
C02581,retail,55,M,Michoacán,Teacher,2020-09-30 03:15:32.190004060,521609.9608469191
C02582,retail,39,F,Baja California,Freelancer,2024-08-22 08:31:41.692323231,261475.77392304075
C02583,retail,25,F,Aguascalientes,Teacher,2024-07-27 19:09:58.192101609,372196.9992646533
C02584,retail,49,F,Jalisco,Government Employee,2022-02-27 14:05:22.946187105,309496.54881258856
C02585,retail,48,F,Oaxaca,Lawyer,2020-09-04 10:36:06.177880680,729795.5155605411
C02586,retail,42,M,Chiapas,Lawyer,2021-10-28 21:38:46.050820578,1475820.3215827607
C02587,retail,39,F,Tabasco,Freelancer,2020-05-05 21:44:10.102862867,204711.16651651118
C02588,retail,53,F,México,Doctor,2024-07-04 08:28:01.232468439,1013084.1646309514
C02589,retail,30,F,Durango,Student,2023-08-13 05:40:25.914835582,233919.01784683697
C02590,retail,32,F,Puebla,Lawyer,2022-03-13 06:55:55.956591730,1725375.636730799
C02591,retail,29,M,Baja California,Student,2024-02-28 00:39:09.488870106,219241.1691418077
C02592,retail,43,F,Guanajuato,Consultant,2025-09-12 06:29:25.843268628,1674696.9277932239
C02593,retail,28,M,Michoacán,Doctor,2022-03-19 21:22:03.628673190,1086136.3144523962
C02594,retail,33,F,Nuevo León,Consultant,2023-11-01 09:53:05.701580998,647737.1686135002
C02595,retail,33,F,Campeche,Freelancer,2023-11-25 03:27:22.064900425,298843.8468406772
C02596,retail,38,F,Durango,Teacher,2025-06-11 10:51:45.267290405,472973.9604268271
C02597,retail,24,F,Querétaro,Student,2023-11-06 20:40:50.044899691,186946.0336650732
C02598,retail,43,M,Querétaro,Sales,2025-01-21 09:07:47.939650106,621553.0784390827
C02599,retail,56,M,Guerrero,Teacher,2020-01-14 09:53:17.295861330,497460.38779648667
C02600,retail,43,F,Baja California,Business Owner,2020-12-18 20:31:03.888909729,3720902.001028753
C02601,retail,60,M,Baja California,Freelancer,2020-03-07 08:43:59.137419535,385621.7150313583
C02602,retail,58,M,Ciudad de México,Government Employee,2021-11-02 03:51:44.406378575,715051.0705380386
C02603,retail,51,F,Guerrero,Business Owner,2021-08-07 17:01:48.012143135,1450446.8228079285
C02604,retail,42,M,Baja California,Lawyer,2022-04-27 00:10:59.757969088,1466681.1784008925
C02605,retail,42,F,Nayarit,Student,2025-11-06 06:56:54.042220632,216859.34614862304
C02606,retail,51,M,Zacatecas,Doctor,2022-07-07 03:22:14.513666301,1230091.9563055362
C02607,retail,37,F,Michoacán,Retired,2024-05-18 00:17:19.395854474,647205.6497085156
C02608,retail,19,F,Nuevo León,Student,2021-06-02 10:25:53.103455521,238588.58337592104
C02609,retail,47,M,México,Consultant,2025-04-05 21:54:57.055918787,788438.3571859996
C02610,retail,28,M,Sinaloa,Accountant,2024-05-23 00:08:26.319415020,1020286.9167668496
C02611,retail,30,M,Veracruz,Doctor,2022-12-18 21:17:10.017372470,1051006.0437417077
C02612,retail,42,F,Michoacán,Retired,2020-02-26 12:46:03.626892531,578614.5241590703
C02613,retail,40,M,Chihuahua,Teacher,2023-03-07 09:08:23.674493111,428038.59150735993
C02614,retail,25,M,Tabasco,Teacher,2024-05-21 05:52:12.405438059,419286.4752757933
C02615,retail,43,F,México,Doctor,2024-04-24 06:34:48.083170862,1249420.4235478884
C02616,retail,53,M,Yucatán,Retired,2022-12-11 11:28:54.424588374,320340.3021541207
C02617,retail,28,F,Guerrero,Consultant,2023-02-23 04:35:32.593079370,1800461.6732457455
C02618,retail,57,F,Querétaro,Government Employee,2023-07-17 21:35:35.436279720,571337.1782620834
C02619,retail,23,F,Guerrero,Doctor,2023-12-01 13:15:28.496517864,813494.2244553863
C02620,retail,67,F,Durango,Retired,2022-12-23 06:22:04.565182395,387446.71856122895
C02621,retail,37,M,Puebla,Retired,2020-01-22 14:25:59.354808035,603235.6310361004
C02622,retail,43,F,México,Government Employee,2023-04-30 20:54:40.643521411,901552.0580932054
C02623,retail,19,F,Quintana Roo,Student,2022-02-15 22:47:35.159377317,248146.20111408227
C02624,SME,41,M,Tabasco,Sales,2021-09-28 17:51:26.811652568,441171.350836972
C02625,retail,44,M,Yucatán,Consultant,2025-09-13 05:07:40.899695580,1291781.6833915259
C02626,SME,40,F,Campeche,Engineer,2023-04-25 21:31:10.258184427,1085463.5454174816
C02627,retail,35,M,Yucatán,Consultant,2024-04-22 18:43:17.830241671,974057.0606302089
C02628,retail,30,F,Durango,Teacher,2024-06-09 23:15:02.224193166,454175.1748753695
C02629,retail,55,M,Sonora,Retired,2024-05-03 07:49:56.805826976,492862.8995396529
C02630,retail,42,M,Nuevo León,Student,2023-06-11 19:55:44.982482102,286457.47061867506
C02631,retail,60,F,Quintana Roo,Teacher,2022-05-10 01:15:40.043037028,532860.1556815199
C02632,retail,35,M,Zacatecas,Accountant,2021-01-19 09:44:28.166905994,545330.8163858126
C02633,retail,36,F,Zacatecas,Accountant,2020-12-06 06:21:30.645730808,462372.915691025
C02634,retail,51,M,Jalisco,Sales,2022-07-22 05:37:33.409885535,311759.16701706976
C02635,retail,22,M,Durango,Student,2022-09-29 14:23:43.566495525,294030.89910397143
C02636,retail,27,F,Morelos,Retired,2023-10-25 12:55:11.796174942,620086.4363026747
C02637,SME,55,F,Querétaro,Accountant,2023-10-09 10:22:56.783811243,936099.0489426032
C02638,retail,27,F,Tlaxcala,Lawyer,2025-07-11 18:57:33.429859279,1195637.991368635
C02639,SME,20,F,Tabasco,Student,2025-03-02 10:52:14.414856049,260705.42661292775
C02640,retail,64,F,Tabasco,Teacher,2023-01-04 06:54:44.662888944,350932.24914729415
C02641,retail,25,F,Guanajuato,Consultant,2025-11-13 04:44:03.380972704,1431344.1944156354
C02642,retail,44,M,Nayarit,Consultant,2024-12-19 05:14:06.714589298,1716171.909648902
C02643,retail,42,F,Baja California,Teacher,2020-11-10 05:17:35.508468265,324855.55823324097
C02644,retail,18,M,Guanajuato,Student,2022-11-11 17:41:02.733594179,215538.34682753557
C02645,retail,38,M,Colima,Government Employee,2021-11-15 02:18:46.698622529,377195.1816327232
C02646,retail,47,M,Nuevo León,Lawyer,2021-02-09 23:53:49.843834006,912272.7035087049
C02647,SME,46,M,Sinaloa,Freelancer,2022-09-09 13:20:40.033177310,972524.644424477
C02648,retail,52,F,Michoacán,Government Employee,2020-03-07 09:39:14.585978762,532434.7484507476
C02649,retail,37,M,Campeche,Retired,2021-12-09 14:50:59.262640332,560358.4212334262
C02650,retail,50,M,Jalisco,Accountant,2024-06-15 19:13:17.790374748,941312.5379639614
C02651,retail,33,M,Querétaro,Teacher,2024-10-24 07:56:59.176512158,626656.2929076374
C02652,retail,25,M,Morelos,Doctor,2021-05-14 12:11:58.429580471,1411363.6837612903
C02653,retail,26,F,Guanajuato,Student,2020-05-20 21:04:04.621430594,251716.8950781284
C02654,retail,24,M,Yucatán,Sales,2022-04-24 02:46:04.347814508,432416.17143958795
C02655,retail,54,M,Sonora,Accountant,2024-08-17 05:24:54.985715692,505391.1229274403
C02656,retail,23,M,Sonora,Lawyer,2021-11-06 22:54:43.115376837,1204450.8887645805
C02657,retail,45,M,Baja California Sur,Lawyer,2025-01-20 10:16:19.429668954,724268.7813431239
C02658,retail,38,F,Campeche,Student,2024-11-17 06:40:07.365866259,289287.78820178314
C02659,retail,40,M,Puebla,Freelancer,2025-03-26 13:40:36.958495328,642480.6804232118
C02660,retail,58,M,Hidalgo,Sales,2022-11-03 13:50:04.959824648,817440.5676960285
C02661,retail,36,M,Morelos,Accountant,2025-03-07 10:23:08.702893293,896489.9778176581
C02662,retail,49,M,Veracruz,Accountant,2022-02-22 05:25:11.357668790,1000053.1511998611
C02663,retail,42,F,Oaxaca,Sales,2024-05-11 19:26:19.022089605,824573.6419735567
C02664,retail,40,M,Puebla,Consultant,2020-11-08 00:52:24.237886792,579940.3009120752
C02665,retail,69,F,Oaxaca,Retired,2023-12-01 06:28:41.447743728,576366.7567832215
C02666,retail,24,F,Durango,Doctor,2021-12-24 12:27:53.525807912,958583.6140397872
C02667,retail,57,M,Sonora,Business Owner,2022-09-13 05:53:18.062567373,4953977.683428032
C02668,retail,49,F,Quintana Roo,Engineer,2025-09-15 20:18:41.674927164,1044882.8602911503
C02669,retail,36,F,San Luis Potosí,Accountant,2022-02-11 20:50:06.081877729,402635.5057272595
C02670,retail,61,F,Guerrero,Sales,2025-04-20 07:09:44.937494268,852821.536587754
C02671,retail,19,M,Colima,Student,2022-05-03 19:46:13.827747092,215077.00057004346
C02672,retail,35,F,Baja California Sur,Teacher,2021-06-22 00:07:14.416213230,466661.8565081795
C02673,retail,27,M,Tlaxcala,Retired,2024-07-18 19:33:40.753580444,525529.1228031192
C02674,retail,46,M,Puebla,Teacher,2025-12-16 14:19:14.226648377,666524.8339274814
C02675,retail,28,F,Durango,Doctor,2025-02-08 19:05:11.329633729,1449129.5636044657
C02676,retail,47,F,Yucatán,Engineer,2020-06-09 02:38:33.967212196,894430.7973832802
C02677,retail,39,M,San Luis Potosí,Retired,2023-01-21 22:32:57.329623204,392526.33983964764
C02678,retail,36,F,Coahuila,Engineer,2022-08-26 14:57:50.553807149,695433.2383838668
C02679,retail,46,F,Veracruz,Lawyer,2020-02-16 06:12:30.177157115,1037276.8829312734
C02680,retail,38,M,Sinaloa,Business Owner,2024-07-26 20:49:17.037397118,1476209.0197314303
C02681,retail,28,M,Tlaxcala,Teacher,2021-04-23 12:13:36.743225991,567933.8771610567
C02682,retail,75,M,Durango,Retired,2020-07-26 05:29:43.170656762,487511.4508448805
C02683,retail,36,F,Coahuila,Student,2025-06-02 03:37:57.076582476,272816.53749707626
C02684,retail,18,F,Nayarit,Student,2022-09-17 22:03:25.635185864,191293.4521380488
C02685,retail,31,M,Oaxaca,Doctor,2023-07-06 13:31:09.812655131,1079934.4769439418
C02686,retail,26,F,Tamaulipas,Lawyer,2022-08-29 08:09:27.789192394,887835.6817039377
C02687,retail,51,F,Jalisco,Consultant,2021-01-03 01:28:47.277032698,1302779.8445753139
C02688,retail,45,F,Guerrero,Business Owner,2024-05-07 04:11:17.346980278,2713449.59806202
C02689,retail,46,M,Colima,Accountant,2020-10-14 00:19:23.138057063,714696.2653977715
C02690,retail,37,F,Sinaloa,Accountant,2022-07-11 20:56:52.667787396,620957.8580143917
C02691,retail,38,F,Coahuila,Teacher,2022-12-22 08:35:29.962952971,590738.9566352252
C02692,retail,37,M,Chiapas,Sales,2020-03-10 22:51:48.343209122,563019.4893378462
C02693,retail,41,M,Aguascalientes,Lawyer,2024-03-06 13:14:10.005534707,842692.7380196112
C02694,retail,52,F,México,Accountant,2025-06-24 18:11:51.270410926,783213.7784773282
C02695,SME,46,M,Ciudad de México,Consultant,2023-11-17 01:46:00.600334102,1395008.830731247
C02696,retail,48,F,Guerrero,Accountant,2022-03-22 09:33:02.674340360,414965.79546540993
C02697,retail,47,M,Querétaro,Teacher,2024-06-18 03:29:52.190791738,381511.66811806627
C02698,retail,52,M,Nayarit,Student,2020-12-20 18:00:17.467090676,209088.711619184
C02699,retail,45,M,Guanajuato,Consultant,2024-07-13 07:31:41.883687251,872112.9913198593
C02700,retail,46,M,Durango,Engineer,2023-06-10 02:44:39.753439019,667192.3480978919
C02701,retail,56,M,Durango,Teacher,2024-03-05 14:33:32.659893263,408656.7402679379
C02702,SME,34,F,Nayarit,Business Owner,2020-08-07 01:08:31.789657829,1829727.3356229854
C02703,retail,31,M,Sonora,Business Owner,2025-03-31 17:31:00.138350675,4501496.884560342
C02704,retail,27,F,Aguascalientes,Teacher,2024-06-07 08:31:49.757819202,427859.4685458543
C02705,retail,44,F,Tamaulipas,Engineer,2022-11-05 23:13:02.002830171,744834.2498190858
C02706,retail,19,M,Oaxaca,Student,2022-03-02 04:26:13.663666034,211941.5376872411
C02707,retail,47,M,Sonora,Engineer,2020-06-03 09:21:09.342630752,1177303.01925415
C02708,retail,40,F,Guanajuato,Engineer,2022-02-08 15:10:09.412332419,874844.0956553295
C02709,retail,55,M,Tlaxcala,Sales,2021-08-09 15:59:24.399081332,646855.5847809997
C02710,retail,33,M,Baja California,Government Employee,2020-07-30 20:25:32.891371627,814841.818931434
C02711,retail,39,F,Sonora,Freelancer,2022-03-15 18:20:20.761536054,533714.402503442
C02712,retail,55,M,Guanajuato,Business Owner,2020-05-23 10:42:46.971286991,4865756.816769151
C02713,retail,58,M,Sinaloa,Teacher,2020-08-11 05:05:46.105563131,360930.6213559076
C02714,retail,33,F,Baja California,Sales,2022-09-09 20:24:24.925277699,547579.9481359243
C02715,retail,44,F,Tabasco,Lawyer,2020-12-11 02:09:39.334010780,774527.2602621826
C02716,retail,45,M,Ciudad de México,Retired,2020-07-24 13:50:33.504420259,605669.8761929187
C02717,retail,46,F,Aguascalientes,Consultant,2021-12-24 13:14:22.775613951,660976.6453505913
C02718,SME,38,F,Veracruz,Student,2020-01-06 15:57:06.411066147,246468.50630923337
C02719,retail,57,F,Quintana Roo,Student,2025-10-11 16:56:21.487895050,192576.85780635488
C02720,retail,19,M,Yucatán,Student,2021-01-12 17:42:48.291265803,234319.8792440534
C02721,retail,36,F,Chihuahua,Consultant,2021-04-30 14:57:25.142533704,920462.2666169299
C02722,retail,47,M,Querétaro,Accountant,2024-06-01 13:16:57.092265953,1032308.6338682864
C02723,retail,47,F,Baja California,Teacher,2025-05-11 20:06:47.434251665,321238.37112417864
C02724,retail,58,M,México,Doctor,2022-10-29 07:09:25.709024369,1254956.9907978012
C02725,retail,56,F,Aguascalientes,Student,2024-12-27 12:10:36.305360182,263430.8432061677
C02726,retail,38,M,Sonora,Accountant,2023-09-13 03:14:26.097023825,1022288.3606489483
C02727,retail,57,M,San Luis Potosí,Lawyer,2025-02-21 10:28:53.791344503,1653276.225302849
C02728,retail,33,F,San Luis Potosí,Accountant,2022-01-26 15:24:09.724654430,1083940.3776816055
C02729,retail,53,M,Nayarit,Student,2023-09-09 23:22:11.900784723,210469.376431007
C02730,retail,63,M,Campeche,Government Employee,2020-03-22 20:07:50.399471576,492378.0381288182
C02731,retail,56,F,Tlaxcala,Business Owner,2023-01-21 04:33:11.975089146,2408359.128026473
C02732,retail,43,F,Hidalgo,Sales,2025-01-09 00:53:38.151028346,599425.5749906886
C02733,retail,38,M,Campeche,Teacher,2021-05-28 08:30:27.602065386,446857.13458243
C02734,SME,23,M,México,Government Employee,2023-01-18 14:03:41.566816030,818208.2276778186
C02735,SME,45,F,Baja California,Accountant,2024-04-29 16:25:20.497387618,405981.5448818092
C02736,retail,28,F,Tabasco,Government Employee,2024-05-25 04:29:32.912292749,312358.0385590458
C02737,corporate,32,M,Ciudad de México,Retired,2022-03-28 13:45:36.711723770,572226.2579806722
C02738,retail,27,F,Guerrero,Retired,2021-09-09 06:27:42.185191109,647405.4332690565
C02739,SME,36,F,Jalisco,Retired,2022-12-22 18:09:49.751634166,599447.1307269363
C02740,retail,41,M,Oaxaca,Doctor,2020-01-30 20:13:11.698744888,881964.2464911023
C02741,retail,45,M,Campeche,Retired,2020-02-15 20:48:06.926065488,670739.2470933556
C02742,retail,34,M,México,Retired,2022-12-12 23:39:08.683258179,484861.20024072414
C02743,retail,54,F,Yucatán,Accountant,2020-06-30 04:10:42.921327383,919607.3487549808
C02744,retail,39,M,Campeche,Sales,2021-07-17 04:44:09.695271504,380680.22952726384
C02745,retail,32,M,Chiapas,Business Owner,2022-07-20 04:06:39.615720693,3059821.7618124923
C02746,retail,44,F,Durango,Government Employee,2021-10-21 01:39:56.038850296,531042.8927513352
C02747,retail,65,M,Guerrero,Government Employee,2020-01-03 18:01:50.727369320,982333.5162308838
C02748,retail,46,F,Guerrero,Government Employee,2024-11-18 05:59:47.784524098,631937.7720650338
C02749,retail,37,M,Colima,Sales,2024-09-16 15:55:10.122374584,741125.7962200348
C02750,retail,23,F,Campeche,Accountant,2023-03-02 09:58:14.945682848,822262.9586836973
C02751,retail,39,M,Baja California Sur,Engineer,2020-04-13 00:16:19.007020977,566009.2184048122
C02752,retail,44,M,Tabasco,Lawyer,2020-12-03 09:28:33.928811037,1251513.84941691
C02753,retail,37,F,Aguascalientes,Student,2025-04-25 10:21:56.360638609,244826.4443120286
C02754,retail,22,F,Nayarit,Student,2020-06-22 23:02:37.636834702,265885.8376105381
C02755,SME,31,F,Oaxaca,Freelancer,2023-08-26 21:55:18.437688930,521908.3385155741
C02756,retail,59,F,Sinaloa,Sales,2025-01-30 19:45:16.307188413,809424.7349251863
C02757,retail,59,F,Yucatán,Doctor,2021-05-22 15:31:48.297836427,1235823.073090786
C02758,retail,31,F,Jalisco,Freelancer,2022-10-28 00:45:02.829388214,239341.35339511253
C02759,retail,50,F,Morelos,Student,2021-03-13 19:17:38.305980198,264821.001451534
C02760,retail,27,F,Chihuahua,Business Owner,2020-04-12 08:09:41.716473114,4599958.620146798
C02761,retail,58,F,Chihuahua,Consultant,2022-08-21 20:00:08.019671601,1524721.3261052934
C02762,retail,44,F,Durango,Retired,2023-10-25 11:28:26.661942427,420999.1669748846
C02763,retail,53,M,Nuevo León,Doctor,2020-05-26 09:37:03.242368510,1213454.772073161
C02764,retail,21,M,Zacatecas,Student,2024-03-03 03:57:13.261700367,200567.96392060764
C02765,retail,50,M,Durango,Sales,2024-06-09 04:01:50.652618454,640816.6590688756
C02766,SME,41,F,Sinaloa,Engineer,2024-02-27 02:01:48.090212653,850695.4221671924
C02767,retail,52,F,Veracruz,Freelancer,2023-08-25 12:18:18.308645074,226157.71461540373
C02768,retail,52,F,Sonora,Student,2022-11-04 21:57:25.088277876,218627.10823575145
C02769,retail,42,M,Baja California Sur,Teacher,2022-09-09 10:33:28.344798735,376499.0908879002
C02770,retail,34,M,Aguascalientes,Accountant,2025-01-14 10:02:40.333964802,673456.7393855249
C02771,retail,51,F,Nayarit,Sales,2021-06-20 09:25:29.160954361,407191.3209001459
C02772,retail,41,F,Yucatán,Lawyer,2022-03-22 14:58:47.039361826,1601099.271693327
C02773,retail,31,M,México,Retired,2023-07-21 18:58:08.348454868,563958.2677341113
C02774,retail,30,F,Oaxaca,Doctor,2022-08-25 01:02:04.900668096,1318081.0592612557
C02775,retail,24,M,Campeche,Teacher,2020-10-12 11:32:29.379049638,444347.28493265423
C02776,retail,35,M,Zacatecas,Doctor,2023-09-03 20:03:47.569770582,802412.4590593514
C02777,retail,55,F,Nayarit,Accountant,2023-05-03 14:03:26.006679671,553407.8036939709
C02778,retail,44,F,Durango,Engineer,2022-03-29 19:49:13.825701111,1028709.4984005938
C02779,retail,35,F,Querétaro,Government Employee,2021-01-28 23:10:48.171142065,721986.3679473649
C02780,retail,51,M,Yucatán,Freelancer,2020-07-28 15:17:49.306895503,738578.7042411959
C02781,retail,32,M,Querétaro,Lawyer,2020-12-14 01:30:41.338726749,936624.2030896412
C02782,retail,43,M,Nuevo León,Engineer,2023-04-22 07:11:18.380819449,553019.7045865989
C02783,corporate,39,M,Morelos,Retired,2023-05-09 07:30:30.726851900,603190.696471474
C02784,retail,51,F,Durango,Doctor,2020-10-05 01:43:53.594627097,827058.9362518446
C02785,retail,23,M,Sinaloa,Teacher,2022-08-30 15:15:48.298004801,323654.646681506
C02786,retail,31,M,Campeche,Accountant,2020-09-17 03:08:08.849903746,606454.9598769649
C02787,SME,22,M,Sinaloa,Student,2024-09-12 18:23:09.141802903,248752.61422139104
C02788,retail,38,F,Chiapas,Government Employee,2020-12-22 21:05:22.665356185,994559.5538391449
C02789,SME,56,F,Coahuila,Business Owner,2025-07-24 05:39:50.325089079,1089758.8648278662
C02790,corporate,35,F,Nuevo León,Retired,2022-11-26 09:57:33.860075595,462927.3328424307
C02791,retail,35,M,Yucatán,Engineer,2022-03-27 18:47:24.621021711,921227.9138954357
C02792,corporate,52,M,Nuevo León,Freelancer,2023-04-14 05:33:20.667418657,1023106.0635548937
C02793,retail,54,M,Colima,Student,2024-01-17 07:39:18.876140610,262754.35942772205
C02794,retail,40,M,Aguascalientes,Student,2021-01-25 10:35:08.671729448,276929.79729499156
C02795,retail,50,M,San Luis Potosí,Business Owner,2021-06-07 04:54:12.606729372,2946617.2530778716
C02796,retail,29,M,Colima,Government Employee,2022-08-23 15:17:57.000085513,603779.99642358
C02797,retail,58,F,Nuevo León,Lawyer,2020-02-02 15:56:08.784526710,1342474.5994587424
C02798,retail,67,F,Morelos,Retired,2023-01-22 07:18:32.096298269,655392.7651374075
C02799,corporate,48,M,Ciudad de México,Business Owner,2020-01-30 21:43:45.859348773,3068643.3481398453
C02800,retail,18,F,Oaxaca,Student,2024-09-05 15:31:27.973610976,252671.77989612689
C02801,retail,35,M,Quintana Roo,Sales,2025-04-03 09:21:05.256705366,469684.8375642874
C02802,SME,49,F,Michoacán,Freelancer,2025-08-25 22:11:44.654627446,796122.0416713045
C02803,SME,36,F,Ciudad de México,Consultant,2025-03-30 00:32:21.311752143,1441646.8119887984
C02804,SME,57,F,Nuevo León,Accountant,2024-10-10 19:00:56.720186036,927398.593652259
C02805,retail,49,M,Michoacán,Accountant,2023-10-30 09:17:57.143972803,800524.25868578
C02806,SME,33,M,Puebla,Consultant,2022-12-22 16:23:48.347205555,796325.639547981
C02807,retail,42,M,Sonora,Student,2025-01-13 16:00:12.340151276,249831.71203677988
C02808,retail,31,M,Tabasco,Engineer,2025-09-17 04:44:02.222795926,708510.2842248558
C02809,retail,39,F,Hidalgo,Student,2025-04-01 05:05:24.399766918,190479.0267295038
C02810,retail,35,F,Nuevo León,Lawyer,2025-10-23 18:28:48.840164343,1590520.5831849647
C02811,retail,56,F,Chiapas,Government Employee,2023-05-27 10:45:47.931177932,346250.5450496981
C02812,retail,67,F,Tabasco,Retired,2023-10-13 11:59:24.059775995,534267.0874649952
C02813,retail,24,F,Baja California,Sales,2023-04-13 15:26:40.167678055,892522.486944273
C02814,retail,18,M,Zacatecas,Student,2025-03-02 06:56:16.669592015,190514.38819593264
C02815,retail,39,M,Campeche,Student,2022-03-06 20:44:59.764381231,206416.04140619357
C02816,retail,23,F,Guerrero,Lawyer,2020-11-10 13:45:10.910208365,1512965.8159655496
C02817,retail,42,M,Nayarit,Freelancer,2020-11-03 23:00:15.587815605,296894.2285775053
C02818,retail,50,M,Baja California Sur,Retired,2024-04-27 22:20:47.416578267,624727.0941958412
C02819,retail,59,M,Yucatán,Business Owner,2022-08-27 01:21:42.753353342,701161.5264040522
C02820,retail,44,F,Puebla,Consultant,2021-03-23 08:09:40.780429079,1834921.900775157
C02821,SME,39,F,Sinaloa,Lawyer,2022-12-13 13:19:05.816533853,680187.8496044462
C02822,retail,18,M,Nuevo León,Student,2023-03-05 15:35:04.515073226,290638.50381088303
C02823,retail,42,F,Sonora,Engineer,2021-12-05 14:18:46.396435617,1105186.7276867311
C02824,retail,42,F,Querétaro,Retired,2023-04-23 05:26:56.934653798,492803.9430578124
C02825,retail,49,F,Campeche,Government Employee,2024-01-29 01:03:26.109496668,844564.8178269365
C02826,retail,33,F,Campeche,Sales,2022-05-13 12:34:34.103763304,298670.02600200236
C02827,retail,36,F,Michoacán,Sales,2022-01-12 06:26:17.799551965,337846.2389105889
C02828,retail,24,F,Guanajuato,Engineer,2022-12-15 23:51:25.963255447,758501.5097742137
C02829,retail,18,M,Tlaxcala,Student,2025-07-13 22:19:41.011908211,244495.56802878
C02830,retail,28,M,Yucatán,Lawyer,2022-08-23 05:53:12.658431266,1641857.9799423183
C02831,retail,23,M,Yucatán,Consultant,2024-03-19 11:38:28.849040846,1314021.2139476086
C02832,retail,46,M,Sonora,Engineer,2022-10-07 18:08:24.661967414,965644.2929485699
C02833,retail,35,M,Sonora,Business Owner,2020-01-06 18:06:27.036006862,3623503.686860415
C02834,retail,35,M,Hidalgo,Lawyer,2024-11-22 06:45:55.283048404,1653082.6306713875
C02835,retail,30,M,Puebla,Doctor,2023-06-23 00:53:44.063711574,1343729.097466255
C02836,SME,18,M,Yucatán,Student,2024-05-15 03:59:19.523946755,297244.6128479713
C02837,corporate,60,M,Guanajuato,Student,2024-06-05 08:14:59.423198104,182401.53659521518
C02838,retail,29,F,Coahuila,Accountant,2020-03-20 10:54:38.399448151,545480.2814184057
C02839,retail,37,F,Tabasco,Government Employee,2025-01-26 17:19:42.763054399,951312.9452480237
C02840,retail,24,F,Jalisco,Retired,2022-03-18 07:04:52.785254227,606499.8915365171
C02841,retail,53,M,Campeche,Accountant,2021-10-28 06:29:40.561014219,587154.1895872105
C02842,retail,43,M,Colima,Government Employee,2023-03-26 22:10:27.690513533,981973.6328309823
C02843,SME,32,M,Guerrero,Freelancer,2020-03-26 20:45:06.831624376,1069881.8971157433
C02844,SME,37,M,Hidalgo,Engineer,2024-06-09 04:29:11.778790941,545260.1231577061
C02845,retail,62,F,Sinaloa,Government Employee,2021-01-26 14:01:02.734681095,867917.7027759259
C02846,retail,41,M,Ciudad de México,Accountant,2024-08-04 09:33:55.827283759,949142.1138330837
C02847,retail,39,F,Ciudad de México,Accountant,2023-10-24 02:08:05.123215131,554807.3571870995
C02848,retail,30,F,Baja California,Student,2021-02-04 02:47:11.128744841,260310.25057708364
C02849,retail,19,M,Baja California Sur,Student,2024-12-15 15:15:49.278454554,296428.0805096782
C02850,retail,40,F,Puebla,Consultant,2022-07-02 11:35:43.291069868,1513803.8705419768
C02851,retail,45,M,Guerrero,Accountant,2021-08-22 16:16:21.136895778,969636.4464149446
C02852,retail,55,M,Morelos,Student,2020-09-24 10:59:07.167757580,191926.48175783086
C02853,retail,18,F,Campeche,Student,2023-12-21 18:55:36.617233974,267295.7821808449
C02854,SME,28,F,Tabasco,Accountant,2020-08-19 03:23:33.107020104,543328.5043502141
C02855,retail,35,F,Veracruz,Doctor,2022-01-19 14:11:41.753641329,850297.9925716894
C02856,retail,41,F,Jalisco,Accountant,2021-12-13 15:41:10.215317583,786454.7491987464
C02857,retail,40,M,Puebla,Doctor,2020-07-03 21:59:09.864843360,1325428.5294292788
C02858,retail,40,M,Ciudad de México,Lawyer,2024-03-01 19:37:31.960742220,1256094.38527891
C02859,retail,46,M,Colima,Consultant,2023-06-30 17:38:47.801462162,1897396.2425615443
C02860,retail,31,M,Aguascalientes,Retired,2025-09-18 13:59:32.044566805,563050.5511710767
C02861,retail,53,M,Veracruz,Teacher,2024-12-06 01:26:18.272521223,347030.0471730223
C02862,retail,47,F,Hidalgo,Government Employee,2024-02-03 04:23:40.912405955,954163.670324317
C02863,SME,38,F,Tamaulipas,Freelancer,2021-02-27 04:16:01.885570472,352888.1353427541
C02864,retail,61,F,Baja California Sur,Engineer,2022-09-25 02:42:24.723941231,1030779.568773619
C02865,retail,60,F,Veracruz,Freelancer,2024-04-18 22:10:06.819803905,348543.8278467692
C02866,retail,53,M,Jalisco,Lawyer,2021-03-21 03:59:05.939373167,1798297.3295396254
C02867,retail,18,F,Nuevo León,Student,2022-11-11 01:20:44.574782993,219862.8331626977
C02868,retail,60,M,Tabasco,Accountant,2023-05-07 22:51:59.572636941,747151.0213723067
C02869,retail,51,M,Chihuahua,Retired,2025-07-11 04:35:24.879697959,460077.34498064563
C02870,retail,66,F,Campeche,Retired,2021-01-23 14:54:15.019121240,295853.844091255
C02871,retail,56,M,Oaxaca,Doctor,2020-12-12 17:06:55.957651398,1145810.9940112117
C02872,SME,60,F,Aguascalientes,Retired,2023-01-23 12:19:38.040963593,317277.84694125125
C02873,retail,52,F,Tamaulipas,Engineer,2023-07-28 12:51:06.305340536,1061387.3744563581
C02874,retail,58,F,Durango,Teacher,2023-05-02 23:29:47.616405154,683326.3316772508
C02875,retail,65,F,Hidalgo,Retired,2023-08-29 09:32:45.403957552,613627.1066729033
C02876,retail,44,F,Guerrero,Retired,2022-07-23 12:18:13.612845257,443979.22899663565
C02877,retail,23,M,Guanajuato,Government Employee,2020-01-24 03:18:46.236888724,301659.98023947055
C02878,retail,38,M,Campeche,Accountant,2020-07-09 02:14:34.930757851,425650.4591050382
C02879,retail,46,M,Morelos,Government Employee,2020-12-02 08:46:16.868764826,646525.0964918702
C02880,retail,42,M,México,Freelancer,2022-06-27 04:42:39.910877507,879487.9808276102
C02881,retail,27,F,Puebla,Lawyer,2024-07-26 10:29:53.117452627,1583417.6977029762
C02882,retail,22,M,Tlaxcala,Student,2024-03-06 15:51:26.775426233,251944.380837165
C02883,retail,33,F,Baja California Sur,Freelancer,2021-05-27 12:01:45.397957435,1178314.1045566301
C02884,retail,51,F,Tlaxcala,Government Employee,2025-08-17 02:39:39.223494802,645645.1163830138
C02885,retail,60,M,Durango,Teacher,2021-04-22 10:15:59.588161468,540012.1200117127
C02886,SME,52,M,Puebla,Doctor,2025-05-24 03:17:44.939061680,961071.8563215788
C02887,retail,54,M,Jalisco,Student,2020-10-27 01:02:25.815301485,220759.59745199894
C02888,retail,41,M,Nuevo León,Engineer,2020-05-11 20:40:45.475707075,978192.9004582686
C02889,retail,21,F,Puebla,Student,2025-04-23 10:05:44.442585978,252197.5616808387
C02890,retail,36,M,Campeche,Accountant,2020-08-23 23:14:30.857004285,658754.5856398717
C02891,retail,38,F,Sinaloa,Business Owner,2022-05-08 13:14:33.690488166,1181522.5108690525
C02892,retail,36,M,Jalisco,Government Employee,2020-09-10 14:42:26.615661576,539830.9930056455
C02893,retail,42,F,Chihuahua,Retired,2025-01-30 12:36:38.622262181,269870.0596177548
C02894,retail,47,F,Guerrero,Doctor,2024-05-21 02:22:42.180438684,1206537.6389515721
C02895,retail,52,M,Yucatán,Consultant,2025-04-26 06:00:09.468512965,984523.5374126408
C02896,retail,38,M,Veracruz,Lawyer,2020-02-07 23:00:46.735891161,1055818.590086692
C02897,retail,19,F,Sonora,Student,2024-01-21 01:00:22.561799400,249011.16161551274
C02898,retail,36,F,Baja California,Engineer,2021-07-06 22:37:54.445577711,906902.0399694752
C02899,retail,42,M,Morelos,Freelancer,2024-06-14 18:11:02.492710988,788343.899751558
C02900,retail,56,M,Aguascalientes,Engineer,2020-11-30 04:35:11.447816171,844114.3381032923
C02901,retail,35,M,Morelos,Engineer,2020-12-17 03:35:29.842593844,841686.1915227114
C02902,retail,48,M,Sinaloa,Lawyer,2021-01-20 12:29:24.872147201,1585464.1543389205
C02903,retail,45,M,Chiapas,Retired,2023-06-04 01:43:26.534492002,460399.9714677834
C02904,retail,42,M,Michoacán,Student,2020-12-11 12:00:35.247764050,244324.15529197647
C02905,retail,53,F,Jalisco,Lawyer,2025-01-29 08:53:04.544026872,1785876.840032836
C02906,retail,34,M,Oaxaca,Student,2020-06-30 12:58:59.529756592,201726.18725321858
C02907,SME,35,M,Durango,Business Owner,2021-12-12 07:49:56.718467992,3823610.952381427
C02908,retail,41,M,Puebla,Sales,2025-02-16 21:14:55.919359398,557572.1380697447
C02909,retail,34,F,Sinaloa,Government Employee,2021-02-08 02:28:12.228845435,881380.0064523203
C02910,retail,48,M,Baja California Sur,Freelancer,2022-11-20 13:26:27.078324563,604032.9666478697
C02911,retail,33,F,Baja California Sur,Teacher,2023-03-31 03:35:22.981815156,421196.0737975931
C02912,retail,44,F,Tamaulipas,Doctor,2021-04-27 22:24:02.625968384,945450.5440380388
C02913,retail,40,M,Nayarit,Lawyer,2024-06-01 15:07:39.080844644,1646685.4584006472
C02914,SME,44,M,San Luis Potosí,Business Owner,2023-08-06 03:27:23.002865971,3788813.1099410546
C02915,retail,36,F,Quintana Roo,Student,2022-11-28 15:35:42.685921881,189228.1311143585
C02916,retail,37,F,Nayarit,Consultant,2023-03-23 00:32:53.749503773,1570236.06784459
C02917,retail,43,F,Campeche,Student,2020-01-26 00:40:17.913874922,184201.91075346616
C02918,retail,44,F,Coahuila,Lawyer,2020-07-21 10:09:36.738560637,817951.8805394707
C02919,retail,41,F,Aguascalientes,Retired,2025-03-17 18:21:29.170064066,516759.5606087449
C02920,retail,62,M,Michoacán,Student,2022-07-05 04:01:27.381820766,235621.70337834518
C02921,retail,30,F,Morelos,Consultant,2022-06-29 19:47:17.442029246,1760726.2126362422
C02922,retail,41,F,Colima,Accountant,2024-06-07 21:37:13.133466256,825523.872668626
C02923,retail,23,M,Chihuahua,Doctor,2025-03-18 18:20:23.667736364,1475483.1586067802
C02924,retail,46,F,Baja California,Teacher,2025-03-12 22:33:24.250188681,642074.2741186544
C02925,retail,28,F,Sonora,Freelancer,2023-03-31 10:22:00.884097841,540215.6376752853
C02926,SME,38,M,Durango,Retired,2024-07-22 14:23:15.376261947,625368.759978818
C02927,retail,37,M,Yucatán,Engineer,2023-10-14 14:35:38.811370319,1108955.5744247618
C02928,corporate,45,M,Morelos,Business Owner,2024-11-01 20:04:04.102751515,4869818.429151978
C02929,retail,35,M,Nuevo León,Consultant,2023-11-29 16:43:35.165465271,518844.4036250881
C02930,retail,34,M,Tamaulipas,Business Owner,2024-09-19 16:46:02.894458873,4461401.386128289
C02931,retail,59,M,Campeche,Engineer,2021-11-03 06:11:51.397084481,548926.790861682
C02932,retail,45,M,Hidalgo,Business Owner,2025-10-12 18:29:28.279583515,2970898.788857127
C02933,retail,35,M,Puebla,Engineer,2025-05-07 21:44:37.358491835,790264.8924902626
C02934,retail,38,F,Tabasco,Teacher,2024-04-01 12:41:13.373205247,667953.5683070596
C02935,retail,61,M,Sonora,Retired,2023-07-11 06:17:25.636837400,432318.7331988674
C02936,retail,39,M,Nuevo León,Student,2025-12-12 02:55:44.985736505,251525.71690584428
C02937,retail,33,M,Yucatán,Retired,2025-09-12 10:31:22.183766317,561346.0944334783
C02938,retail,33,F,Michoacán,Freelancer,2023-04-23 17:14:36.572248722,219029.77562415347
C02939,SME,35,M,Yucatán,Retired,2021-02-16 00:50:03.637731382,515919.6550737645
C02940,retail,34,M,Hidalgo,Lawyer,2021-04-26 01:34:05.786356466,1221590.7203877019
C02941,retail,26,M,Veracruz,Accountant,2021-02-26 19:25:18.683205587,815806.6417436509
C02942,retail,28,F,Zacatecas,Government Employee,2025-03-20 23:43:53.919520509,353020.91638304037
C02943,retail,32,F,Chiapas,Business Owner,2021-12-09 12:38:21.070708107,938901.046654157
C02944,retail,49,M,Guerrero,Sales,2020-03-18 05:03:56.386126515,365403.99688583973
C02945,retail,37,M,Coahuila,Retired,2020-08-27 12:22:17.749619106,641276.1735464036
C02946,retail,39,M,Tabasco,Teacher,2021-08-18 04:29:27.842828576,442588.7838195958
C02947,retail,57,M,Ciudad de México,Student,2020-06-07 23:00:02.126405799,232084.3401308698
C02948,retail,57,F,Chiapas,Teacher,2025-11-12 19:00:14.188594470,456066.9025279562
C02949,retail,38,M,Campeche,Teacher,2021-06-03 17:46:26.372655916,585748.7663965335
C02950,SME,34,F,Durango,Doctor,2024-02-22 23:26:18.018872755,981633.1453466956
C02951,retail,31,M,Michoacán,Lawyer,2022-09-02 05:18:52.081607259,682072.090829693
C02952,retail,50,F,Guanajuato,Sales,2021-12-26 03:10:15.821967606,495814.0588900704
C02953,retail,39,M,Tlaxcala,Sales,2020-02-29 06:31:33.948418620,723093.8257073732
C02954,retail,37,M,Ciudad de México,Teacher,2020-09-14 13:50:49.631430346,665988.1275123893
C02955,SME,32,F,San Luis Potosí,Sales,2021-06-14 18:21:13.720356622,283034.06747283705
C02956,retail,32,M,Chiapas,Student,2024-09-20 07:29:00.909863446,277260.34500170103
C02957,retail,45,F,Sinaloa,Accountant,2020-10-17 15:25:03.400771663,446326.1746452141
C02958,retail,26,F,Guanajuato,Engineer,2021-10-17 20:26:39.156475735,731462.7632028649
C02959,retail,53,M,Veracruz,Student,2022-09-15 22:14:32.625356553,182676.20567418475
C02960,retail,35,F,Ciudad de México,Sales,2023-05-12 05:58:14.357516689,842503.0158641143
C02961,retail,40,M,Morelos,Teacher,2022-08-20 00:35:05.490780431,582716.3048690461
C02962,retail,25,M,Tamaulipas,Business Owner,2021-03-16 02:33:42.748540595,2287281.867004158
C02963,retail,41,F,Querétaro,Student,2021-01-22 18:09:56.323600871,225295.1674075284
C02964,SME,38,F,Guanajuato,Teacher,2020-02-26 14:29:28.616524509,555937.7852434488
C02965,retail,41,M,Puebla,Engineer,2023-03-28 05:42:11.505385443,562753.9030560146
C02966,retail,59,F,Chihuahua,Sales,2021-12-24 22:00:33.570260327,344281.7554306717
C02967,retail,44,F,Sonora,Sales,2025-09-18 04:43:45.374428672,800696.5847569765
C02968,retail,32,M,Michoacán,Student,2021-04-03 11:27:31.250276699,204277.7726483155
C02969,SME,33,F,Nuevo León,Business Owner,2025-11-25 17:05:23.919751028,3824666.236799502
C02970,retail,49,F,Jalisco,Student,2020-01-03 00:15:49.980895039,207096.57414155465
C02971,retail,57,F,Baja California Sur,Government Employee,2023-12-17 08:48:19.310089478,361702.5101826845
C02972,retail,45,M,Durango,Government Employee,2021-04-23 16:05:50.276988763,930023.5543248045
C02973,retail,50,F,Puebla,Accountant,2025-10-04 00:48:38.776344829,1031171.8498940715
C02974,retail,49,M,Quintana Roo,Teacher,2021-11-20 23:21:23.476458980,542125.3643622036
C02975,retail,59,F,Campeche,Accountant,2021-12-09 22:34:16.203908387,723424.1531177275
C02976,retail,18,F,Querétaro,Student,2022-05-28 18:54:31.692789013,246331.74344974014
C02977,retail,50,M,Puebla,Retired,2021-06-18 06:01:03.051263185,433657.7501533888
C02978,retail,53,M,Baja California,Accountant,2023-10-28 00:50:55.311714069,930022.9883805631
C02979,retail,25,F,Hidalgo,Engineer,2022-12-20 21:31:52.249447219,1028193.2494011817
C02980,SME,31,F,Guanajuato,Retired,2022-06-24 12:39:35.736345256,618541.643362245
C02981,retail,31,M,Guerrero,Government Employee,2025-07-16 21:58:39.897473970,666048.7784845757
C02982,retail,33,M,Aguascalientes,Accountant,2022-04-15 13:12:40.861949792,960940.1044667488
C02983,retail,36,F,Querétaro,Consultant,2020-01-23 08:33:30.196862635,733578.0503843524
C02984,retail,44,M,Puebla,Engineer,2020-05-14 23:22:46.340595760,521094.34105892864
C02985,retail,52,M,Ciudad de México,Retired,2024-12-13 07:48:43.991971504,541624.5199224325
C02986,SME,54,F,Guerrero,Retired,2022-10-09 12:21:24.737756254,297464.313524348
C02987,retail,31,M,Coahuila,Government Employee,2021-04-16 14:56:58.365128740,685469.48842837
C02988,retail,31,M,Morelos,Government Employee,2020-03-13 05:57:21.576101289,804788.1896256963
C02989,retail,57,M,Tlaxcala,Retired,2021-09-20 11:24:10.809314270,433188.8488877013
C02990,retail,49,F,Durango,Sales,2021-03-10 13:11:06.480680682,278517.3068142319
C02991,retail,42,M,Chihuahua,Government Employee,2020-07-31 12:19:41.186090292,920992.867340612
C02992,retail,47,F,Tabasco,Government Employee,2023-04-25 08:22:57.369173383,330271.57248505566
C02993,retail,41,F,Coahuila,Teacher,2023-01-13 17:47:49.468146515,661901.9086930228
C02994,retail,48,M,Nuevo León,Freelancer,2025-03-24 07:14:37.230838778,252630.64055616254
C02995,retail,37,F,Jalisco,Business Owner,2022-04-21 14:33:27.850248340,3861186.5785740567
C02996,retail,45,M,Sinaloa,Teacher,2022-05-08 07:30:59.176711524,669939.6297362121
C02997,retail,23,F,Tabasco,Lawyer,2022-05-10 14:47:57.716374832,1688377.283421612
C02998,retail,33,M,Veracruz,Lawyer,2022-03-04 15:51:12.672570120,1672062.782826897
C02999,retail,33,F,Veracruz,Government Employee,2025-11-13 03:20:17.709524083,918155.9193253259
C03000,retail,37,M,Guanajuato,Business Owner,2021-10-06 05:06:07.961222194,2894762.3533311505
C03001,retail,30,M,Baja California,Sales,2024-01-25 07:04:28.575022909,612499.6012599674
C03002,retail,35,F,Aguascalientes,Freelancer,2020-07-28 01:12:02.741465230,819718.0929776189
C03003,retail,23,M,Zacatecas,Consultant,2022-04-08 18:21:50.312107077,1843923.4941016464
C03004,retail,48,F,Sonora,Freelancer,2024-09-19 08:33:12.823057927,1038161.2577239515
C03005,retail,41,M,Durango,Freelancer,2024-11-09 20:38:36.336790761,982979.3498768916
C03006,retail,21,M,Guerrero,Student,2020-08-20 02:30:28.437645225,261087.58051749296
C03007,SME,31,F,Ciudad de México,Business Owner,2025-06-24 07:17:52.206713088,3359050.622928517
C03008,retail,46,M,Quintana Roo,Sales,2021-08-15 12:01:39.637632470,849604.3793940588
C03009,retail,35,F,Sonora,Engineer,2021-08-19 06:31:00.579937784,634851.1237428802
C03010,retail,33,M,Tlaxcala,Consultant,2023-12-29 20:59:08.055639789,789087.6990033038
C03011,retail,41,M,Guanajuato,Lawyer,2021-06-08 12:35:49.492902266,1778964.4173721967
C03012,retail,46,F,Aguascalientes,Doctor,2020-02-14 04:34:29.110523090,1187211.8762513536
C03013,retail,24,M,Oaxaca,Business Owner,2024-10-14 01:19:53.027372626,2778509.258000225
C03014,retail,48,M,Durango,Business Owner,2021-10-08 21:11:43.486465974,4357560.962347855
C03015,retail,32,F,Tlaxcala,Freelancer,2025-11-23 21:05:39.303763071,1049768.7725517238
C03016,retail,41,M,Nuevo León,Freelancer,2021-07-19 23:56:00.804631460,376598.192967418
C03017,retail,41,M,Tabasco,Consultant,2022-06-15 08:13:58.309412502,760358.6339720361
C03018,retail,35,F,Quintana Roo,Lawyer,2023-02-15 22:36:51.949918354,1554318.5133432557
C03019,retail,29,F,Zacatecas,Business Owner,2024-01-28 23:22:13.541784075,4078220.243875249
C03020,retail,38,M,Puebla,Lawyer,2025-10-06 13:51:34.747848188,870224.2504132546
C03021,retail,61,F,Sinaloa,Retired,2025-03-13 05:41:39.751238554,628680.4028195635
C03022,retail,25,F,Guanajuato,Doctor,2025-08-20 20:42:50.539610701,1136036.2712634956
C03023,retail,62,F,Baja California Sur,Government Employee,2025-11-10 04:40:51.603222980,628992.850260516
C03024,retail,38,M,Tabasco,Teacher,2023-09-08 21:24:44.578327388,694278.4228808756
C03025,retail,42,F,Michoacán,Accountant,2022-09-19 17:49:32.882303698,763450.7368220098
C03026,retail,28,M,Zacatecas,Retired,2020-06-19 16:40:54.741828019,311670.55739940767
C03027,SME,32,F,Querétaro,Consultant,2024-06-24 20:11:58.923486032,920234.010729597
C03028,retail,35,F,Durango,Doctor,2023-02-08 01:16:10.797769777,1033577.8142379052
C03029,retail,29,F,Baja California,Engineer,2022-11-14 11:10:11.706967809,1170927.8150011816
C03030,retail,39,F,Nuevo León,Retired,2025-05-07 04:29:48.977725875,368817.08691011806
C03031,retail,37,M,Campeche,Accountant,2020-10-16 09:34:22.033415035,701282.4879505435
C03032,retail,64,M,Michoacán,Teacher,2024-12-15 05:33:12.651440118,599854.9694267858
C03033,retail,28,F,Chihuahua,Sales,2025-01-02 07:26:51.472113932,428162.87473076256
C03034,retail,43,M,Guanajuato,Doctor,2025-09-28 09:31:19.182731423,1291150.1388926303
C03035,retail,44,F,Morelos,Retired,2020-02-27 17:46:09.119892493,343383.12587808503
C03036,retail,29,M,Yucatán,Doctor,2020-03-21 02:08:58.846040183,969762.4756120774
C03037,retail,50,F,México,Teacher,2024-04-12 12:15:43.642007899,694533.7612841274
C03038,corporate,37,F,Querétaro,Doctor,2022-05-06 02:15:41.166394713,1058261.455437419
C03039,retail,18,M,Campeche,Student,2021-04-09 08:54:11.043980658,267563.0635602706
C03040,retail,49,M,San Luis Potosí,Doctor,2025-09-28 02:04:52.735662298,1388045.0079213998
C03041,retail,28,F,Sinaloa,Retired,2023-09-25 15:33:01.464121274,406083.889017974
C03042,SME,29,M,Colima,Retired,2020-02-23 22:25:27.439596881,410726.63281065715
C03043,retail,50,F,San Luis Potosí,Retired,2020-09-18 18:19:48.486968825,597890.5802700093
C03044,retail,37,F,Tlaxcala,Teacher,2021-12-02 21:11:32.576329537,542801.1447048739
C03045,retail,53,M,Tlaxcala,Business Owner,2025-01-31 08:28:30.700897283,2255533.603229949
C03046,retail,56,F,Nayarit,Freelancer,2024-05-22 10:53:43.746856848,949566.8130783697
C03047,retail,34,M,Jalisco,Teacher,2022-08-22 13:16:52.954850895,645482.8663416575
C03048,retail,51,M,Sonora,Engineer,2025-08-22 18:42:57.398110169,664527.0345085815
C03049,retail,32,M,Baja California,Accountant,2023-03-15 12:19:43.483785471,417049.31808439636
C03050,retail,68,F,Michoacán,Retired,2022-03-25 01:20:13.936937032,373366.45406750543
C03051,retail,33,F,Querétaro,Consultant,2023-10-19 11:13:57.307263663,1511735.133289196
C03052,retail,54,M,México,Student,2020-09-27 02:29:34.236346079,289831.18544748053
C03053,retail,52,M,Puebla,Doctor,2025-05-03 11:10:45.527953814,1404145.9243010094
C03054,retail,45,M,Chihuahua,Business Owner,2022-06-30 00:07:31.431525144,1655333.797558355
C03055,retail,33,F,Ciudad de México,Sales,2024-10-20 09:17:48.676904599,822650.989280421
C03056,SME,40,M,Guerrero,Consultant,2024-07-31 18:08:27.113150671,1716098.390959882
C03057,retail,18,F,Durango,Student,2024-05-03 01:32:05.749232025,268128.84841151297
C03058,retail,44,M,Coahuila,Freelancer,2023-05-10 11:14:37.737347201,888227.5670346109
C03059,retail,46,F,Chiapas,Business Owner,2020-03-13 16:46:39.599630913,4170498.5214047967
C03060,SME,43,F,Sonora,Doctor,2020-03-12 19:21:38.149269868,1403211.517718084
C03061,retail,18,F,Quintana Roo,Student,2022-10-31 18:32:11.121622030,278294.1948924401
C03062,retail,26,M,Colima,Government Employee,2025-06-04 08:54:21.043093638,385293.9614999987
C03063,retail,33,F,Tabasco,Teacher,2020-09-09 18:05:47.997617626,588862.6298585637
C03064,retail,45,F,Guerrero,Consultant,2021-04-18 00:33:19.307984454,1761957.172444501
C03065,retail,45,F,Aguascalientes,Engineer,2023-05-19 22:32:52.624060892,629994.3904300752
C03066,retail,39,M,Durango,Accountant,2020-05-23 01:03:57.689068832,549658.4948243746
C03067,retail,49,F,Guanajuato,Sales,2022-06-05 05:22:01.152240849,760885.8193697934
C03068,SME,29,M,Tabasco,Consultant,2024-05-08 12:45:18.242074518,1015894.1439350403
C03069,retail,49,M,Quintana Roo,Teacher,2021-02-27 05:07:08.724834173,459880.80171192635
C03070,retail,47,M,Oaxaca,Government Employee,2022-08-23 20:05:39.792464391,564011.8714281586
C03071,retail,46,F,Chiapas,Sales,2022-09-17 14:10:33.208510628,388341.3383145075
C03072,retail,39,F,Hidalgo,Sales,2020-10-16 18:56:20.589269275,860217.2287757557
C03073,retail,63,M,Nayarit,Student,2020-03-13 06:32:31.049615223,276704.0021499569
C03074,retail,47,M,Durango,Student,2021-07-07 06:34:59.405243958,210064.94339222534
C03075,retail,30,F,Puebla,Sales,2021-07-02 18:29:14.588297013,318956.7689244976
C03076,retail,44,M,Sinaloa,Business Owner,2022-09-10 02:03:24.338211012,2302224.1926071486
C03077,SME,51,F,Morelos,Lawyer,2023-11-26 22:01:39.947890256,1098370.5261782138
C03078,retail,34,F,Nuevo León,Accountant,2025-01-30 16:53:32.911341338,404964.50117543765
C03079,retail,55,M,Campeche,Sales,2025-12-13 14:52:03.981239024,826649.7887784195
C03080,SME,46,M,Ciudad de México,Sales,2020-09-23 20:38:50.262379286,803335.3787603924
C03081,retail,18,F,Nayarit,Student,2020-03-22 20:12:51.911442762,282020.4447172527
C03082,retail,45,M,Michoacán,Retired,2023-02-12 18:09:34.855158987,612612.2701015747
C03083,retail,37,M,Coahuila,Lawyer,2023-02-20 17:37:35.051439959,1479751.8428965418
C03084,retail,48,M,Zacatecas,Student,2024-10-18 11:55:45.791353498,256143.11801352742
C03085,retail,53,M,Sinaloa,Lawyer,2020-09-08 20:01:25.805652232,1752348.0691276907
C03086,retail,44,F,Guerrero,Sales,2022-06-07 02:59:15.571995205,712625.1573005503
C03087,retail,61,F,Sonora,Engineer,2020-08-23 00:05:47.483421152,941172.192513488
C03088,retail,39,F,Campeche,Teacher,2023-05-10 06:35:43.742145282,615530.8239825157
C03089,retail,49,M,Puebla,Sales,2024-03-03 16:42:11.043815705,410073.35734297783
C03090,retail,51,M,Tamaulipas,Doctor,2022-03-19 01:17:14.017515724,1477002.8423356803
C03091,retail,40,F,Guerrero,Consultant,2021-04-22 23:10:32.127190574,528742.98420758
C03092,SME,51,F,Guerrero,Business Owner,2024-12-04 06:33:54.472446283,3488142.0215191715
C03093,retail,34,F,Sonora,Engineer,2022-03-23 10:14:05.748883862,553966.0173968035
C03094,retail,36,M,Campeche,Doctor,2024-08-07 18:08:07.055040344,1397314.9846325908
C03095,retail,26,F,Guerrero,Doctor,2020-03-30 01:24:45.024107817,1477349.0514131845
C03096,retail,44,M,Quintana Roo,Freelancer,2020-03-07 21:19:41.061672833,608611.1384032362
C03097,SME,45,F,Colima,Engineer,2024-06-12 06:50:10.143157958,1100016.1447884506
C03098,retail,56,F,San Luis Potosí,Lawyer,2020-08-04 02:45:58.188242919,1002865.9492666452
C03099,retail,51,F,Yucatán,Student,2025-09-20 04:34:06.794882043,199128.6027384165
C03100,retail,38,F,Veracruz,Consultant,2024-01-08 07:24:32.796987408,914974.3665477869
C03101,retail,27,F,Veracruz,Business Owner,2024-09-01 21:56:39.534520328,1997920.7485763032
C03102,retail,47,M,Yucatán,Business Owner,2025-03-03 05:11:48.504074242,3411873.192341805
C03103,SME,55,M,Baja California Sur,Accountant,2025-09-25 17:38:09.840076049,957304.422613313
C03104,retail,51,F,Michoacán,Lawyer,2022-11-03 16:38:43.893645338,846260.062093026
C03105,retail,55,M,Baja California,Government Employee,2023-01-12 13:10:52.779744960,361744.4721343099
C03106,retail,39,M,Chihuahua,Sales,2021-06-07 08:30:06.885953902,394073.9195168988
C03107,retail,36,M,Tamaulipas,Teacher,2024-03-29 16:02:11.431248874,418615.42550269526
C03108,retail,33,M,Morelos,Engineer,2025-10-12 15:54:34.865091295,695870.5418108508
C03109,retail,41,F,Guerrero,Business Owner,2020-04-21 08:27:28.946130896,1645787.2207191866
C03110,retail,41,M,Ciudad de México,Lawyer,2022-02-27 08:47:43.025176552,1159200.712938683
C03111,retail,44,F,Michoacán,Business Owner,2021-10-11 01:04:48.928394299,4380727.088669207
C03112,retail,40,F,Coahuila,Sales,2021-06-07 17:40:24.378557075,315226.62509332044
C03113,retail,40,M,Colima,Consultant,2020-11-29 14:39:46.399943311,1793045.9023470255
C03114,retail,32,F,Coahuila,Retired,2025-08-12 06:22:36.876249259,473654.29096073314
C03115,retail,53,M,Puebla,Freelancer,2023-05-05 04:02:19.153886868,860468.6668149306
C03116,retail,42,F,Chiapas,Government Employee,2020-03-14 03:06:27.551532663,870757.7997896275
C03117,retail,39,M,Quintana Roo,Sales,2022-01-08 19:22:31.871551012,447812.81114945735
C03118,retail,33,M,Coahuila,Doctor,2023-10-24 10:38:19.807238267,1467965.1778802606
C03119,retail,26,M,Nayarit,Business Owner,2021-08-10 23:57:06.650051795,1060066.030194737
C03120,retail,57,M,Nayarit,Retired,2025-06-05 19:42:17.009405354,487450.42771653103
C03121,retail,48,F,Michoacán,Consultant,2020-10-10 19:58:17.193799408,882205.3080012337
C03122,retail,22,M,Coahuila,Student,2020-07-26 23:20:39.657069859,228953.96363443928
C03123,retail,51,F,Puebla,Freelancer,2020-10-27 19:04:24.262988452,648864.5771286889
C03124,retail,53,M,Baja California,Freelancer,2024-11-12 17:49:18.371456387,1114512.6376306755
C03125,retail,43,F,Yucatán,Sales,2021-08-22 13:42:42.816098481,537028.4319480519
C03126,retail,61,F,Morelos,Business Owner,2021-07-23 03:42:02.870586572,3701176.5380339236
C03127,retail,44,M,Sinaloa,Student,2024-08-13 07:14:05.159695694,294212.5324668759
C03128,retail,24,M,Tabasco,Lawyer,2024-11-09 22:09:46.581634577,1193439.5920357786
C03129,SME,46,F,Colima,Accountant,2024-06-29 02:43:44.919162077,685817.358484972
C03130,retail,44,M,Baja California,Lawyer,2022-01-05 06:44:18.963881559,1767563.1049907603
C03131,retail,34,M,Nayarit,Engineer,2020-03-19 08:39:30.850108548,1079374.276149506
C03132,retail,48,F,Nuevo León,Sales,2023-03-22 14:49:18.605507762,860853.330125401
C03133,SME,21,F,Oaxaca,Student,2023-04-22 07:46:10.758500232,227667.4244335841
C03134,retail,53,F,Ciudad de México,Teacher,2021-01-16 09:48:15.800486176,578530.4525481202
C03135,retail,31,F,Guerrero,Sales,2025-10-01 10:54:44.296461660,412247.12286843534
C03136,retail,30,F,Querétaro,Consultant,2023-08-05 00:53:21.157658860,1798733.879127517
C03137,retail,40,F,Nuevo León,Teacher,2020-05-20 00:08:25.096002798,673232.6041479437
C03138,retail,47,F,Veracruz,Government Employee,2023-08-09 21:22:50.573775937,487506.78547662636
C03139,retail,43,M,Yucatán,Accountant,2020-07-02 05:36:43.437415115,473452.7900274099
C03140,retail,33,F,Colima,Engineer,2025-12-10 05:13:24.265717588,640514.5228473484
C03141,retail,35,M,Querétaro,Doctor,2025-04-12 12:46:39.453542366,1242983.12424037
C03142,SME,28,M,Colima,Lawyer,2024-07-27 17:16:16.226682451,926620.2166997571
C03143,retail,39,F,Durango,Lawyer,2020-06-16 07:29:00.977178899,1366333.6406834414
C03144,retail,54,M,Tamaulipas,Teacher,2025-12-29 12:00:15.527687779,440075.8307924924
C03145,retail,41,M,Nayarit,Student,2023-08-15 22:35:25.843917684,290021.1699593004
C03146,retail,52,M,México,Sales,2020-04-30 13:52:29.081443013,544188.9471831182
C03147,retail,59,F,San Luis Potosí,Retired,2022-12-16 12:27:37.845763058,473930.3764505478
C03148,retail,34,F,Zacatecas,Sales,2025-09-13 17:43:30.966613634,476242.5741742789
C03149,retail,39,M,Guanajuato,Doctor,2023-08-01 08:18:15.922651890,851126.5597503788
C03150,retail,68,M,Puebla,Retired,2020-04-02 07:40:53.081046701,472136.79583657056
C03151,retail,59,M,Sonora,Teacher,2025-09-09 07:18:20.286007279,609746.5552959485
C03152,retail,21,F,Jalisco,Student,2022-05-13 02:05:05.014235152,294362.7233574497
C03153,retail,46,F,México,Doctor,2023-01-02 02:43:48.893323083,853603.0086754881
C03154,retail,42,M,Jalisco,Sales,2022-12-05 06:23:46.279253659,768309.1895587051
C03155,retail,51,M,Guerrero,Government Employee,2025-05-10 11:10:31.156219727,486943.281684975
C03156,retail,33,F,Campeche,Teacher,2021-03-13 14:45:33.042044233,629127.6965224163
C03157,SME,31,F,Baja California Sur,Business Owner,2024-07-07 23:26:01.146697429,2170658.693301646
C03158,retail,33,M,Guerrero,Engineer,2020-09-18 09:21:10.946440545,580103.382318873
C03159,retail,35,M,Sinaloa,Retired,2024-02-02 09:22:42.642490094,525409.2613885346
C03160,retail,51,M,Sonora,Engineer,2022-04-12 22:24:22.984437517,1125733.9669416123
C03161,retail,27,F,Coahuila,Retired,2025-07-02 08:57:37.584829136,331715.14897975844
C03162,retail,34,F,Coahuila,Consultant,2023-06-25 09:56:36.719787847,532707.5311817966
C03163,retail,20,F,Querétaro,Student,2022-04-12 15:33:45.287708678,286061.891584259
C03164,retail,54,F,Sinaloa,Engineer,2024-03-26 21:55:47.803715671,988481.429992431
C03165,retail,57,F,Nuevo León,Student,2025-02-06 05:21:47.631913414,277044.3496223747
C03166,retail,38,F,Jalisco,Engineer,2022-10-03 21:28:03.728047620,541886.5171075473
C03167,SME,38,M,Aguascalientes,Student,2024-10-05 22:39:30.892960724,286855.5231819234
C03168,retail,47,M,Coahuila,Doctor,2020-12-05 15:29:08.479562951,1093409.643517332
C03169,retail,59,F,Sinaloa,Lawyer,2024-11-22 23:30:12.478046886,1677141.4979433399
C03170,retail,46,F,Yucatán,Teacher,2021-10-11 22:52:35.103285787,325969.9519661204
C03171,retail,33,M,Querétaro,Sales,2022-09-09 08:42:43.320726674,825125.8993037224
C03172,retail,22,M,Durango,Student,2024-07-18 17:54:03.163887065,260805.85808267648
C03173,retail,28,M,Nayarit,Government Employee,2021-05-12 19:41:23.142404805,687988.508553861
C03174,retail,42,M,Hidalgo,Doctor,2023-10-27 17:02:08.424412020,843246.6388857877
C03175,retail,34,M,Colima,Retired,2024-12-15 06:29:12.302645297,559788.5766307181
C03176,retail,44,F,Ciudad de México,Doctor,2020-02-22 15:26:01.156542985,1218442.518652875
C03177,retail,35,F,Sonora,Business Owner,2025-10-25 20:19:44.856382789,3823043.0867481055
C03178,retail,29,F,México,Lawyer,2021-06-19 13:50:50.008362430,1460060.88703762
C03179,retail,27,F,Colima,Accountant,2024-05-24 13:53:00.775158506,710614.469937426
C03180,retail,60,F,Sinaloa,Freelancer,2025-01-07 01:19:56.923375658,404681.4220339663
C03181,retail,52,M,Aguascalientes,Retired,2024-07-16 01:00:10.111640708,663536.6627537014
C03182,retail,62,M,Baja California Sur,Doctor,2020-04-10 19:24:20.323303024,1447913.6362709273
C03183,retail,48,M,Nuevo León,Doctor,2025-10-14 06:28:09.822261301,948352.1222324828
C03184,retail,36,F,Veracruz,Retired,2025-04-07 01:16:49.988924170,533794.6227622355
C03185,retail,57,M,Ciudad de México,Retired,2021-12-17 07:39:49.599402945,341291.94404321106
C03186,retail,41,F,Nuevo León,Lawyer,2025-01-08 23:16:10.977747476,1633470.2753997806
C03187,retail,44,M,México,Engineer,2023-12-27 21:32:19.616471293,568749.4206363248
C03188,retail,41,F,Zacatecas,Engineer,2023-11-11 19:12:35.684457182,1193139.156511628
C03189,retail,18,M,Jalisco,Student,2020-05-19 09:17:20.726114724,253304.04053425515
C03190,retail,61,F,Sonora,Retired,2020-11-07 16:18:40.426301325,260310.68307475906
C03191,retail,47,M,Aguascalientes,Sales,2021-11-10 03:33:53.280763960,823238.0469413947
C03192,SME,45,M,Baja California Sur,Accountant,2025-03-04 08:32:16.425046084,879121.4222842504
C03193,SME,41,F,Baja California,Freelancer,2022-03-25 05:00:03.233358999,897323.0422058295
C03194,retail,43,F,Sinaloa,Government Employee,2021-01-04 10:31:06.804390958,492522.89299041755
C03195,retail,34,F,Veracruz,Doctor,2025-04-08 20:13:41.438888178,1035757.7865196579
C03196,retail,49,F,Aguascalientes,Doctor,2025-12-28 10:39:46.335874188,1440093.0561349108
C03197,SME,26,F,Tabasco,Teacher,2022-11-13 09:17:19.062579301,553983.8276227737
C03198,retail,44,F,Nayarit,Business Owner,2025-04-08 08:33:55.362114005,772902.8078878883
C03199,retail,48,M,Aguascalientes,Retired,2025-07-09 17:30:10.481528186,397333.4820905912
C03200,retail,39,M,Ciudad de México,Sales,2023-12-16 11:16:04.671017905,639053.6979354398
C03201,retail,46,M,Coahuila,Government Employee,2025-09-11 18:27:26.501158616,403604.7135721552
C03202,retail,30,F,Veracruz,Engineer,2025-03-23 10:48:19.442271180,568803.8681144131
C03203,retail,30,F,Hidalgo,Sales,2022-02-18 18:27:46.976919855,288600.22212441446
C03204,retail,44,F,Morelos,Consultant,2024-04-12 04:44:37.146692356,1445870.2387071112
C03205,retail,50,M,Hidalgo,Student,2022-02-07 14:56:23.695372559,218472.01168472753
C03206,retail,19,M,Hidalgo,Student,2022-10-20 13:40:47.235199486,224841.81237039264
C03207,retail,48,F,Durango,Government Employee,2024-02-02 19:44:26.960272220,342028.31993294525
C03208,retail,35,M,Tamaulipas,Doctor,2020-10-25 09:00:53.473138810,1316613.9152279273
C03209,retail,39,F,Chihuahua,Engineer,2022-09-13 04:26:54.115519873,1036730.5178333237
C03210,retail,25,M,Chiapas,Accountant,2022-07-21 15:24:18.538307980,980605.7181987041
C03211,retail,31,M,Durango,Sales,2022-05-24 20:08:39.033378631,673581.8269283972
C03212,retail,53,F,Jalisco,Government Employee,2024-12-29 17:02:01.226932439,841302.7743169497
C03213,retail,42,M,Yucatán,Retired,2023-12-30 21:29:22.528092160,509752.4621170687
C03214,retail,37,M,Guanajuato,Teacher,2022-12-11 03:17:53.390652384,496655.3158954157
C03215,retail,40,F,Chiapas,Engineer,2022-12-15 01:19:23.871134795,681869.0385096895
C03216,retail,47,F,Campeche,Business Owner,2024-03-12 03:54:21.900081775,929523.429968456
C03217,retail,47,F,Baja California Sur,Teacher,2020-06-11 22:17:00.547428618,416729.07847329706
C03218,retail,41,F,Jalisco,Consultant,2021-11-12 14:50:40.721821121,1525440.0034119939
C03219,retail,55,M,Hidalgo,Teacher,2020-11-09 03:53:13.153933232,670734.8948389372
C03220,retail,53,M,San Luis Potosí,Doctor,2023-07-10 13:37:41.147949331,979349.8645073379
C03221,retail,46,M,Quintana Roo,Lawyer,2025-07-16 14:05:02.980444471,1403819.646264642
C03222,retail,42,M,Chiapas,Business Owner,2024-11-05 01:52:40.815777774,2756452.458885477
C03223,retail,49,M,Guerrero,Engineer,2025-05-06 15:56:47.255329041,939284.5201208986
C03224,retail,45,F,Sinaloa,Sales,2022-10-17 15:20:24.216427161,251054.19950929628
C03225,retail,54,M,Tamaulipas,Consultant,2023-09-08 05:36:15.584965946,683979.7983006228
C03226,retail,52,F,Quintana Roo,Business Owner,2021-11-08 18:49:24.135645738,1633191.0494650346
C03227,retail,29,M,Durango,Doctor,2022-05-20 07:10:01.714068659,1425416.7291092891
C03228,retail,28,M,Baja California,Doctor,2023-06-27 13:07:21.435917041,828369.3978204892
C03229,retail,33,M,Yucatán,Teacher,2023-09-11 08:04:07.665272436,527854.1147062936
C03230,retail,53,F,Coahuila,Accountant,2022-07-29 03:22:06.486702469,1050048.4504221461
C03231,retail,23,M,Coahuila,Business Owner,2025-02-28 04:32:51.898577632,3503901.298916437
C03232,retail,46,F,Campeche,Consultant,2023-05-15 15:12:42.092313475,1226606.667918953
C03233,retail,46,F,Guerrero,Freelancer,2020-08-03 03:45:58.424628485,585992.1655148477
C03234,retail,55,M,Zacatecas,Doctor,2020-06-12 05:23:03.176251644,1236937.251471672
C03235,retail,44,F,Zacatecas,Business Owner,2025-03-30 02:55:10.459765531,2765656.627829185
C03236,retail,25,F,Tamaulipas,Student,2021-11-20 18:42:31.924839263,264650.138555495
C03237,retail,30,F,San Luis Potosí,Doctor,2020-01-18 19:31:20.877001937,1232442.8240060853
C03238,SME,27,M,Campeche,Consultant,2020-05-23 23:17:44.561262309,1351113.5851346161
C03239,retail,35,F,Coahuila,Engineer,2025-07-18 04:34:12.441973097,1169768.2214280386
C03240,retail,39,F,Oaxaca,Doctor,2021-07-24 15:28:16.659401654,1384985.1840406845
C03241,retail,28,M,Hidalgo,Sales,2024-11-02 05:32:47.225883258,645758.2704224022
C03242,retail,59,M,Colima,Engineer,2021-04-05 21:55:55.953598101,877055.6985102146
C03243,retail,26,M,Jalisco,Retired,2022-02-11 01:39:47.637904111,575775.409661631
C03244,retail,58,M,Veracruz,Doctor,2020-08-12 20:31:55.545593109,1362741.6825949992
C03245,retail,56,M,Baja California Sur,Doctor,2024-06-19 13:39:27.630469032,1006666.2558123041
C03246,retail,52,M,Baja California,Freelancer,2023-06-03 23:41:58.820888577,866947.8498626044
C03247,retail,33,M,Durango,Business Owner,2025-03-30 03:55:53.082698787,1281164.2302855554
C03248,retail,46,F,Chihuahua,Business Owner,2024-08-16 23:25:38.675837959,2550941.123567773
C03249,retail,26,F,Quintana Roo,Sales,2022-02-19 21:58:40.417131296,859984.6755692774
C03250,retail,52,F,Coahuila,Business Owner,2025-01-23 04:29:35.142571537,2103087.5578552885
C03251,retail,41,F,Michoacán,Accountant,2025-05-13 10:47:56.171252284,507964.660427411
C03252,retail,37,M,Chihuahua,Student,2025-12-17 11:05:00.360049257,197537.64903314947
C03253,retail,27,M,Michoacán,Government Employee,2024-11-03 03:19:02.191289565,575610.3928127356
C03254,retail,18,F,Tabasco,Student,2023-01-12 22:30:10.928883430,207021.38303139427
C03255,retail,29,M,San Luis Potosí,Accountant,2020-07-01 23:33:28.783737200,698844.9897107268
C03256,retail,55,M,Guerrero,Consultant,2025-06-26 13:52:14.492753755,1578329.2747148578
C03257,retail,37,M,Querétaro,Retired,2021-04-02 23:07:50.794790182,649672.7825597819
C03258,retail,39,M,México,Lawyer,2020-07-27 08:25:18.820561774,732199.9479000829
C03259,retail,49,M,Querétaro,Student,2022-09-29 13:31:35.600042631,272209.7583399534
C03260,retail,63,M,Zacatecas,Doctor,2022-07-12 06:18:12.984859170,872436.302660516
C03261,retail,57,M,Baja California Sur,Sales,2023-09-15 20:43:53.358838948,496632.6564275435
C03262,retail,30,F,Tamaulipas,Student,2024-05-28 15:48:17.671876880,299586.7652189545
C03263,retail,18,M,Michoacán,Student,2021-12-13 14:44:51.250594265,188241.39718435102
C03264,retail,70,F,Nayarit,Retired,2024-05-12 21:39:09.256960096,260296.48783388746
C03265,retail,69,F,México,Retired,2021-10-02 22:35:50.757712956,400142.2336955634
C03266,retail,44,F,Quintana Roo,Consultant,2024-08-30 21:23:30.821938980,1926682.1948347953
C03267,retail,26,M,Chihuahua,Sales,2020-01-06 10:39:59.674251628,263024.97649180924
C03268,retail,53,F,Morelos,Freelancer,2024-06-27 13:00:10.995114741,422711.73593843053
C03269,retail,40,M,Baja California,Sales,2022-10-14 15:22:29.653695352,642056.1575224733
C03270,retail,40,M,Baja California,Government Employee,2023-07-25 12:43:00.902208339,463627.57483464235
C03271,retail,52,F,Morelos,Retired,2020-02-11 08:12:20.336515977,274213.48002420686
C03272,retail,46,M,Nuevo León,Doctor,2023-08-15 07:22:42.016315690,836711.3453601105
C03273,retail,27,M,Chiapas,Lawyer,2023-03-11 12:25:09.605592959,1270991.771295659
C03274,retail,38,M,Campeche,Doctor,2022-12-22 07:39:49.353867931,1193326.2986600995
C03275,retail,49,M,Tamaulipas,Retired,2022-06-09 15:36:11.616581218,567913.9241609906
C03276,retail,48,M,Nayarit,Accountant,2024-12-10 04:15:53.182625412,492218.9238581194
C03277,retail,45,F,Colima,Government Employee,2024-02-15 07:45:05.173661322,649896.6849103242
C03278,retail,53,M,Ciudad de México,Student,2021-07-24 12:53:57.721042580,252114.50112767145
C03279,retail,37,M,San Luis Potosí,Freelancer,2024-03-14 10:52:53.213483967,422376.08074668504
C03280,retail,44,F,Quintana Roo,Student,2023-03-08 21:34:49.971193377,245681.6679542953
C03281,retail,18,F,Sonora,Student,2025-08-29 09:54:58.560641829,264989.3092719111
C03282,retail,36,F,Nayarit,Government Employee,2020-10-31 08:50:42.700096486,993589.4312554202
C03283,retail,51,F,Yucatán,Business Owner,2021-12-01 01:00:59.093181910,3264618.227840483
C03284,retail,37,F,Yucatán,Doctor,2021-08-19 07:31:54.026286366,1402834.4190382431
C03285,retail,36,F,Querétaro,Accountant,2020-09-08 14:36:32.454066121,983571.758307752
C03286,retail,29,M,Guanajuato,Doctor,2024-02-02 14:50:31.940881145,1458187.7686179145
C03287,retail,54,F,Michoacán,Teacher,2021-07-02 22:02:04.193975982,589222.9618510203
C03288,retail,48,F,Michoacán,Doctor,2021-09-10 22:44:10.214190156,949170.5024741836
C03289,SME,51,F,Zacatecas,Freelancer,2022-12-04 03:23:27.693723455,498091.4257512823
C03290,retail,21,F,Campeche,Student,2025-05-15 15:29:27.595150690,274162.9803163146
C03291,retail,40,M,Puebla,Retired,2021-12-06 23:46:39.405495963,484370.75704305293
C03292,retail,38,M,Ciudad de México,Retired,2022-01-21 00:31:53.081078739,363089.1424391163
C03293,retail,38,F,Hidalgo,Student,2025-10-21 10:47:29.220449283,258801.09744053878
C03294,retail,34,M,Sinaloa,Business Owner,2025-02-17 06:20:31.599582916,4598105.282485871
C03295,SME,37,F,Oaxaca,Engineer,2024-09-11 22:47:39.100082832,750383.2588244274
C03296,retail,52,M,Colima,Retired,2025-09-14 22:11:37.293574200,518310.7850437136
C03297,retail,19,F,Guanajuato,Student,2020-03-17 08:08:46.611129288,249780.64520631102
C03298,retail,63,F,Puebla,Teacher,2020-06-07 19:02:17.301931967,350789.99502803414
C03299,retail,47,M,Ciudad de México,Sales,2023-01-02 08:52:28.595902075,308659.3331658266
C03300,retail,41,M,Nayarit,Government Employee,2020-11-16 04:16:37.428336909,922599.628139229
C03301,retail,52,M,Yucatán,Accountant,2023-07-14 01:38:08.165720580,1053476.7575539926
C03302,corporate,24,F,Oaxaca,Sales,2023-04-20 07:56:22.731708827,837758.0665394696
C03303,retail,34,F,Baja California Sur,Student,2022-09-25 12:00:50.414409045,227598.97198771822
C03304,retail,40,M,Quintana Roo,Student,2023-11-24 03:53:04.766923753,214514.698628112
C03305,retail,58,M,Veracruz,Government Employee,2023-01-16 05:34:46.334095162,959521.5363554254
C03306,retail,41,F,Nayarit,Teacher,2021-03-17 15:49:39.788373218,653121.8301919859
C03307,retail,47,F,Nuevo León,Business Owner,2022-12-17 17:59:03.040756815,4225215.385089784
C03308,retail,34,M,Ciudad de México,Teacher,2023-11-15 23:05:32.749484031,433674.3346620253
C03309,retail,47,M,San Luis Potosí,Engineer,2024-01-30 23:43:04.640768426,947120.4666390948
C03310,retail,62,F,Nayarit,Freelancer,2021-05-05 21:18:56.410018313,950421.0261758269
C03311,retail,53,F,Querétaro,Student,2022-10-27 11:57:01.787535475,249139.0917127689
C03312,retail,41,F,Michoacán,Retired,2024-05-23 17:34:32.811320838,520902.5519890978
C03313,retail,50,M,Jalisco,Business Owner,2020-10-09 22:29:23.690442852,3953758.2230707817
C03314,retail,48,F,Nuevo León,Lawyer,2020-10-29 00:28:52.111520299,1520194.3447399135
C03315,retail,48,F,Tamaulipas,Business Owner,2020-09-11 21:21:33.050463957,1731779.5011436976
C03316,retail,55,F,Tlaxcala,Lawyer,2022-09-14 12:19:18.187281134,1068810.0536974263
C03317,retail,55,M,Querétaro,Business Owner,2020-08-29 15:36:53.954126705,4059093.7942310087
C03318,retail,40,M,Veracruz,Lawyer,2020-11-06 15:18:20.933114149,913737.2708208783
C03319,retail,49,M,México,Retired,2020-06-15 03:49:32.040624554,662018.200285468
C03320,retail,37,F,Puebla,Accountant,2023-02-03 18:19:44.571086538,987226.1313582904
C03321,retail,30,M,Sonora,Business Owner,2024-11-02 15:22:35.554673221,4550462.580989219
C03322,retail,38,M,Campeche,Consultant,2022-12-03 00:32:11.978784034,945950.1754981057
C03323,retail,41,F,Guerrero,Student,2020-04-09 15:26:25.015115954,192614.14636567573
C03324,retail,22,M,Coahuila,Student,2022-08-18 18:12:20.450228391,192070.9762356891
C03325,retail,52,M,Guanajuato,Engineer,2023-01-31 11:49:57.558521409,889135.8337249507
C03326,retail,18,M,Sonora,Student,2021-11-18 01:45:26.438504763,216671.15847536575
C03327,retail,74,F,Coahuila,Retired,2024-01-15 16:48:50.399877845,368585.0210979277
C03328,retail,60,F,Oaxaca,Business Owner,2024-08-26 17:36:55.318517357,1656343.4164748713
C03329,retail,38,F,Baja California Sur,Sales,2025-09-14 21:20:12.694809859,615364.0089146589
C03330,retail,42,F,Campeche,Sales,2024-01-10 21:40:51.623498578,606262.4487291188
C03331,retail,45,M,Baja California,Teacher,2020-10-26 08:57:06.503348070,468925.4941093868
C03332,retail,34,F,Oaxaca,Sales,2021-04-01 18:59:05.049478024,339986.16134216054
C03333,retail,44,M,México,Student,2024-04-22 10:15:44.305089318,291456.30561552104
C03334,retail,40,M,Oaxaca,Accountant,2024-01-27 13:41:21.836623818,699555.6015165832
C03335,retail,40,M,Guerrero,Retired,2025-01-02 03:44:28.902063379,305639.1563675846
C03336,retail,44,M,Puebla,Consultant,2025-04-25 18:28:47.745762041,555618.4458115048
C03337,SME,26,M,Morelos,Teacher,2025-12-07 11:17:10.971844344,361037.4719497235
C03338,retail,42,M,Nayarit,Business Owner,2023-10-04 18:38:11.756529014,1977643.0937124486
C03339,retail,43,F,Colima,Sales,2022-08-04 14:13:48.375994800,659561.4199276861
C03340,retail,43,M,San Luis Potosí,Consultant,2023-12-13 13:52:03.385929849,1956404.47643253
C03341,retail,39,F,Colima,Consultant,2025-09-21 06:06:32.738190105,908101.7860765562
C03342,retail,55,M,Chiapas,Sales,2021-12-28 03:21:57.462601247,763373.5664947205
C03343,retail,37,M,San Luis Potosí,Lawyer,2021-06-17 18:46:27.280996300,1693664.5169430927
C03344,retail,44,M,Ciudad de México,Government Employee,2022-07-16 07:39:45.376496813,574101.1941093116
C03345,retail,57,M,Veracruz,Retired,2022-11-11 16:43:13.876764909,363973.37053974345
C03346,retail,41,M,Oaxaca,Sales,2021-12-01 00:21:02.576261085,569193.9757803376
C03347,retail,44,F,Oaxaca,Freelancer,2020-12-18 15:52:50.618568335,1096712.9949194076
C03348,retail,40,F,Quintana Roo,Student,2022-07-01 05:21:16.198139236,181317.83515860434
C03349,retail,56,M,Chiapas,Student,2024-10-31 10:47:43.603247344,238396.2638645295
C03350,retail,38,M,Tabasco,Lawyer,2022-05-06 00:37:14.068409912,1509115.0718814253
C03351,retail,57,F,Durango,Accountant,2020-08-17 05:54:01.689438886,820791.9015418594
C03352,retail,40,M,Aguascalientes,Teacher,2023-03-30 08:03:35.761111810,498936.2507411868
C03353,SME,31,M,San Luis Potosí,Lawyer,2021-07-23 04:44:24.830321175,1264336.3953172448
C03354,retail,50,F,Campeche,Freelancer,2020-10-19 23:19:01.214247219,819232.2771994963
C03355,retail,38,F,San Luis Potosí,Sales,2025-06-02 12:08:39.854226554,693349.5324516797
C03356,retail,49,F,Michoacán,Teacher,2025-03-11 13:40:47.718839348,442474.59073075245
C03357,retail,18,F,Nayarit,Student,2021-09-16 08:43:55.085761954,242085.4630070795
C03358,retail,42,M,Tamaulipas,Government Employee,2020-12-29 02:06:31.699622763,491499.42300591426
C03359,retail,36,M,Guerrero,Business Owner,2022-02-16 11:41:40.278729507,4931158.209631435
C03360,retail,29,M,Oaxaca,Government Employee,2023-05-25 00:28:50.338721212,431101.83431225934
C03361,retail,35,F,México,Accountant,2024-08-26 13:00:07.164408144,505460.20890680386
C03362,retail,35,F,Nayarit,Doctor,2020-12-27 21:57:36.548756860,988175.8618413928
C03363,retail,41,M,Chiapas,Doctor,2020-09-22 12:08:27.625251332,1444038.8954096376
C03364,retail,25,M,Sonora,Business Owner,2023-07-27 22:39:49.518931884,3533081.708620575
C03365,SME,45,M,Sonora,Doctor,2021-01-15 05:14:22.239970411,1119149.7239059408
C03366,retail,58,M,Jalisco,Freelancer,2023-02-20 18:01:51.572259572,1125396.3329651915
C03367,retail,45,M,San Luis Potosí,Government Employee,2020-01-30 11:40:02.950736186,930103.9348990757
C03368,retail,51,F,Tabasco,Accountant,2024-11-13 18:25:41.641034642,681115.155747205
C03369,retail,55,F,Coahuila,Teacher,2020-06-15 17:45:56.875812869,525456.94889024
C03370,retail,56,M,Guanajuato,Doctor,2025-05-07 21:55:26.071869172,1433762.6927449852
C03371,retail,64,M,México,Lawyer,2021-04-27 03:45:27.282946824,983278.7142723214
C03372,retail,36,M,Puebla,Engineer,2022-10-19 06:37:08.027507016,785276.4695150901
C03373,retail,33,M,Guanajuato,Lawyer,2024-04-08 13:04:26.716893583,1551618.306840422
C03374,retail,51,M,Zacatecas,Lawyer,2024-06-24 11:29:06.144829144,1438367.313066795
C03375,retail,50,F,Zacatecas,Doctor,2023-12-26 22:19:04.840484234,834055.3230480698
C03376,retail,51,M,Coahuila,Government Employee,2025-05-05 13:15:06.125440209,382163.62295301154
C03377,retail,64,F,Puebla,Retired,2025-09-25 00:26:13.752848484,630819.5914260726
C03378,retail,42,F,Quintana Roo,Doctor,2025-04-16 00:07:11.388744251,820817.1461048682
C03379,retail,47,F,Oaxaca,Teacher,2021-01-17 06:20:59.847926366,667972.6021519809
C03380,retail,30,M,Oaxaca,Business Owner,2021-06-15 05:44:01.735717936,1868537.106794854
C03381,retail,67,F,Zacatecas,Retired,2020-04-28 19:25:49.222601542,519271.23045878584
C03382,retail,37,M,Sonora,Sales,2021-09-29 14:01:38.409582461,616978.1393707963
C03383,retail,38,M,Campeche,Accountant,2024-02-06 20:17:39.704669419,677378.0255641921
C03384,retail,37,M,Tabasco,Engineer,2025-03-01 00:41:56.503911448,522005.8779633772
C03385,retail,34,F,San Luis Potosí,Doctor,2021-07-27 01:26:44.550468228,934730.0750280649
C03386,retail,33,M,Aguascalientes,Retired,2025-08-18 04:44:28.123292244,526738.683598603
C03387,retail,35,M,Sonora,Student,2025-01-08 11:10:55.011782182,233565.17909786256
C03388,retail,25,M,Puebla,Retired,2024-10-08 06:06:56.823333304,436227.08454556146
C03389,retail,32,M,Tamaulipas,Student,2025-06-01 15:25:55.709157843,191724.4457976586
C03390,retail,65,M,Sonora,Engineer,2024-11-20 06:27:11.252341700,742989.5447997507
C03391,retail,50,M,Baja California,Student,2025-11-22 17:42:36.788411133,243172.19267766428
C03392,retail,53,F,Sonora,Student,2021-10-24 13:59:37.630449875,189323.2058858243
C03393,retail,56,M,Campeche,Accountant,2025-04-29 16:18:06.284266020,446687.0935311306
C03394,retail,64,F,Chiapas,Sales,2023-05-31 04:48:34.833410397,569510.1906456517
C03395,SME,20,F,San Luis Potosí,Student,2024-10-02 05:53:25.196931117,247350.82211307719
C03396,corporate,27,M,Baja California,Engineer,2020-02-01 02:15:44.472868771,680349.3108794278
C03397,retail,32,F,Zacatecas,Student,2025-06-09 22:30:24.058001634,219092.28740222385
C03398,retail,36,F,Baja California,Business Owner,2024-10-25 14:28:29.495437003,4126543.6223865673
C03399,retail,38,F,Nayarit,Lawyer,2022-10-30 11:42:18.599634157,1643084.0980349823
C03400,retail,36,F,Veracruz,Consultant,2021-12-08 14:41:15.777899286,987843.3552191688
C03401,retail,44,F,San Luis Potosí,Freelancer,2023-11-13 03:29:33.246177613,555714.9199976264
C03402,retail,42,M,Tamaulipas,Business Owner,2022-12-18 22:00:43.913552602,4270405.026634663
C03403,corporate,33,F,Jalisco,Teacher,2025-09-28 10:57:12.458555329,689534.774398945
C03404,retail,18,M,Baja California Sur,Student,2022-10-24 01:59:42.932776844,218471.5040288408
C03405,retail,30,F,Puebla,Teacher,2021-09-19 18:51:13.776510227,615491.417214626
C03406,retail,35,M,Nayarit,Business Owner,2025-05-08 12:02:48.474456687,2762677.665853967
C03407,retail,39,F,Querétaro,Doctor,2022-02-02 22:38:45.941323748,984609.8956794144
C03408,corporate,28,M,Durango,Sales,2022-11-15 00:11:01.522849285,693161.0595468548
C03409,retail,36,F,Chihuahua,Freelancer,2020-02-18 06:30:38.069320703,662550.8393859782
C03410,retail,28,F,Baja California,Freelancer,2021-07-10 22:28:45.657013096,468162.7076614465
C03411,retail,40,F,Yucatán,Business Owner,2023-01-30 17:57:13.208169658,1161087.575974447
C03412,retail,29,F,Oaxaca,Business Owner,2020-04-16 04:16:56.053636504,4427904.846358424
C03413,retail,31,M,Guanajuato,Government Employee,2021-08-12 23:49:11.702710354,915068.3410678402
C03414,retail,26,F,Nayarit,Lawyer,2024-01-21 01:27:57.252148078,689954.1820583066
C03415,retail,40,F,Jalisco,Doctor,2023-07-06 03:40:51.569775746,1264377.4228211413
C03416,retail,31,F,Sonora,Engineer,2025-04-14 09:59:17.973826215,613804.3640078951
C03417,retail,52,F,Oaxaca,Business Owner,2022-05-03 02:00:51.888874707,3479176.9910493633
C03418,retail,46,M,Hidalgo,Retired,2024-09-15 13:05:20.808454874,658428.6447193596
C03419,retail,41,M,Tlaxcala,Engineer,2022-02-15 05:25:16.479784871,682150.5433702013
C03420,retail,32,F,Tabasco,Accountant,2021-01-23 23:30:53.093342834,643550.8108729903
C03421,retail,46,F,Coahuila,Lawyer,2023-02-03 05:22:52.241634758,1554156.746143887
C03422,retail,50,M,Puebla,Government Employee,2022-12-23 09:14:50.567809773,814762.3902941202
C03423,retail,43,F,Sonora,Teacher,2020-03-21 13:34:38.593680601,463462.5224374501
C03424,retail,61,M,Oaxaca,Business Owner,2024-03-31 07:27:33.750748949,4348757.5894418135
C03425,retail,47,F,Yucatán,Business Owner,2023-12-20 05:45:58.612753989,4658518.475260058
C03426,retail,52,F,Zacatecas,Student,2022-09-08 21:35:41.703026330,234317.68925974856
C03427,retail,43,M,Durango,Doctor,2020-12-05 06:14:59.655520069,827616.1612743291
C03428,retail,50,F,Sonora,Sales,2022-07-30 09:07:25.600501680,581136.4951706111
C03429,retail,32,F,Nuevo León,Lawyer,2022-03-17 17:25:36.138176348,1487619.691127868
C03430,retail,36,M,Tlaxcala,Freelancer,2024-06-17 07:38:50.127682183,420035.962513475
C03431,retail,46,M,Tlaxcala,Consultant,2023-10-24 08:42:46.724175953,649145.5803401954
C03432,corporate,46,M,Hidalgo,Doctor,2023-05-05 17:26:17.485913117,999650.535704555
C03433,retail,48,F,Querétaro,Lawyer,2020-11-20 21:47:39.907271114,613904.2779985244
C03434,retail,55,M,Baja California,Freelancer,2025-07-05 12:41:12.468042406,915472.4451392825
C03435,retail,24,M,Oaxaca,Engineer,2022-08-27 10:51:21.700136863,602248.002074217
C03436,retail,30,M,Guerrero,Business Owner,2025-08-14 23:26:25.527263155,3811691.518644831
C03437,retail,44,M,Colima,Business Owner,2021-09-28 19:34:06.768619926,1708556.602671892
C03438,retail,33,F,Nayarit,Business Owner,2022-04-30 08:12:50.898943638,4965868.059827678
C03439,SME,82,F,Sinaloa,Retired,2022-08-27 21:43:35.108579853,489308.4537254205
C03440,SME,48,M,Baja California,Engineer,2023-10-30 17:14:44.827886389,528937.2405399198
C03441,retail,41,F,Michoacán,Retired,2020-05-25 16:39:00.664362412,597706.2675523683
C03442,retail,35,F,Colima,Teacher,2020-11-08 04:38:00.664406545,464036.50814244396
C03443,retail,36,M,Michoacán,Accountant,2020-03-09 13:30:05.050325733,825125.5091184134
C03444,corporate,42,M,Colima,Accountant,2022-06-04 02:03:21.330770120,1065850.2071997856
C03445,corporate,43,F,Quintana Roo,Consultant,2021-07-29 09:25:44.046098488,1275905.175037989
C03446,retail,36,F,Zacatecas,Student,2021-10-12 01:41:52.701060201,276525.9681855797
C03447,retail,38,F,Veracruz,Engineer,2025-10-09 01:10:48.780050049,711955.274896434
C03448,retail,58,M,Yucatán,Consultant,2024-08-27 12:39:57.617837588,1571782.279685145
C03449,retail,58,F,Hidalgo,Business Owner,2023-04-05 21:50:42.473494900,1127089.0180762045
C03450,retail,45,F,Sonora,Doctor,2022-02-10 13:04:55.138984699,1425345.23182271
C03451,retail,25,F,Chihuahua,Teacher,2023-03-18 03:24:12.679595238,379899.16269098036
C03452,retail,48,F,Aguascalientes,Accountant,2023-01-01 11:36:11.164097658,611350.9762372652
C03453,retail,60,F,Baja California,Lawyer,2022-03-29 04:20:56.605073366,1749855.2158155877
C03454,retail,58,F,Coahuila,Retired,2021-02-02 12:54:47.389682482,319846.27174049057
C03455,SME,50,M,Hidalgo,Consultant,2025-07-08 04:27:30.327102381,881614.8936326925
C03456,retail,59,F,Tabasco,Engineer,2024-08-21 22:10:02.766692727,906126.0889165893
C03457,retail,42,M,Campeche,Consultant,2025-05-12 03:09:00.320466812,1971041.9794644234
C03458,retail,49,F,Ciudad de México,Doctor,2025-09-21 00:10:27.022707090,1283994.3236156201
C03459,retail,33,M,Nuevo León,Doctor,2025-07-18 07:19:36.960156837,879933.1666971316
C03460,retail,45,F,Oaxaca,Lawyer,2025-01-22 23:43:37.192209462,1497741.330877558
C03461,retail,57,M,Baja California Sur,Business Owner,2020-02-21 18:43:13.796185311,2532726.9237216804
C03462,retail,34,F,Quintana Roo,Accountant,2025-06-24 12:07:31.482355573,1094631.250931335
C03463,retail,31,M,Baja California,Consultant,2025-07-12 03:53:23.751384902,1443076.2189135565
C03464,retail,43,M,Michoacán,Government Employee,2020-09-01 05:13:02.152306457,672369.6585207446
C03465,retail,39,F,Durango,Sales,2025-03-20 14:44:44.875763257,612222.9089107569
C03466,retail,49,F,Tamaulipas,Doctor,2025-02-15 03:19:40.395270551,1249093.9091145135
C03467,retail,36,M,Guerrero,Accountant,2025-09-13 05:19:48.733853660,912281.2262046225
C03468,retail,62,M,Nayarit,Freelancer,2022-09-25 11:33:00.795619743,278321.9135478905
C03469,retail,26,M,Baja California,Consultant,2021-02-19 03:16:24.110691417,696004.4103838848
C03470,retail,57,F,Jalisco,Teacher,2025-07-17 15:00:50.226566080,420191.3906859094
C03471,retail,32,F,Guerrero,Lawyer,2025-03-14 10:58:47.555231461,1173545.667680736
C03472,retail,20,F,Oaxaca,Student,2021-05-08 05:56:11.840037768,217328.39875957582
C03473,retail,44,M,San Luis Potosí,Doctor,2020-06-12 13:39:43.692711738,949686.9041827292
C03474,retail,38,M,San Luis Potosí,Doctor,2023-04-03 00:14:53.585656471,1447521.7208980112
C03475,retail,28,F,San Luis Potosí,Freelancer,2022-04-29 12:19:02.692998594,232600.5669249277
C03476,retail,21,M,Colima,Student,2025-04-27 13:25:56.224718537,292644.7191777643
C03477,SME,41,F,Quintana Roo,Student,2020-03-05 04:03:19.193402725,288869.984978301
C03478,retail,53,M,Querétaro,Freelancer,2023-04-28 09:36:56.864412336,883782.4336886284
C03479,retail,49,F,Tamaulipas,Student,2020-11-01 00:07:01.648847488,183904.18236614417
C03480,retail,42,F,Coahuila,Engineer,2024-01-15 08:55:57.531429310,657749.1184635728
C03481,retail,47,M,Hidalgo,Freelancer,2023-05-01 16:58:01.647412121,1179101.6027761209
C03482,retail,41,F,México,Accountant,2025-06-03 13:26:04.783606410,1034166.1615113469
C03483,retail,24,F,Jalisco,Teacher,2020-11-26 16:39:10.905890369,685829.7489683621
C03484,SME,24,M,Chiapas,Government Employee,2025-02-03 08:27:22.605187087,997287.2079999052
C03485,retail,39,M,Colima,Sales,2021-03-13 21:19:33.607430394,291526.91697916837
C03486,retail,40,F,Nayarit,Doctor,2025-03-14 22:54:54.889111911,1199604.3463955764
C03487,retail,52,M,Chiapas,Freelancer,2024-04-16 10:13:58.199097161,1034138.445357868
C03488,retail,51,F,Quintana Roo,Government Employee,2024-02-23 10:29:24.718567351,523796.5957580358
C03489,retail,49,M,Ciudad de México,Government Employee,2020-06-28 00:09:17.797055069,604891.541136244
C03490,retail,38,M,Durango,Retired,2021-08-06 04:10:45.656093155,377682.67563361546
C03491,retail,25,M,Morelos,Retired,2022-12-08 07:58:43.158198490,267132.4991818644
C03492,retail,46,M,Tabasco,Student,2023-09-19 01:41:11.851463887,188725.67379794474
C03493,retail,48,M,Sinaloa,Teacher,2021-12-04 11:49:18.388214471,308576.729291955
C03494,retail,18,M,Baja California Sur,Student,2020-10-19 04:09:52.336262028,243269.86111678265
C03495,retail,31,F,Aguascalientes,Teacher,2020-05-16 06:56:34.110530569,547369.8517102969
C03496,retail,33,F,Coahuila,Consultant,2021-02-18 04:29:52.731299495,961552.8314621763
C03497,retail,43,F,México,Teacher,2024-12-01 17:34:52.464996367,630460.2410053229
C03498,retail,32,M,Nuevo León,Accountant,2021-12-23 19:01:08.606188064,1021610.2339240725
C03499,retail,41,F,Colima,Freelancer,2024-01-08 19:28:26.996352546,339748.44498261483
C03500,retail,39,M,Guanajuato,Government Employee,2021-06-01 21:35:09.815821413,336347.1758438238
C03501,retail,40,M,Baja California,Retired,2020-11-10 14:22:32.156168270,393721.5952435108
C03502,retail,33,M,Yucatán,Business Owner,2022-10-01 18:45:13.027577626,3765847.1025066404
C03503,corporate,34,M,Oaxaca,Business Owner,2020-04-06 01:45:01.604389908,2881923.240061049
C03504,retail,29,F,Tamaulipas,Doctor,2022-02-19 03:56:37.027468304,1141663.4862348074
C03505,retail,46,M,Baja California,Doctor,2022-05-27 02:38:21.603800651,906687.431325356
C03506,retail,48,F,Guanajuato,Government Employee,2021-10-29 20:57:02.462994987,546018.234360985
C03507,SME,32,M,Oaxaca,Doctor,2024-11-05 11:44:16.267470875,1471224.8397248508
C03508,retail,60,F,Tamaulipas,Engineer,2020-11-15 22:17:05.800223944,738392.647873403
C03509,retail,38,F,Morelos,Freelancer,2022-06-21 09:02:45.740797002,791433.0039825044
C03510,retail,60,M,Tlaxcala,Student,2021-08-31 06:49:30.722696256,187001.9262387304
C03511,retail,34,F,Durango,Freelancer,2020-12-20 12:04:48.559800591,263854.3217118898
C03512,retail,18,F,Chiapas,Student,2024-02-22 00:44:27.518816817,230910.90335193553
C03513,SME,46,F,Baja California Sur,Teacher,2020-10-02 23:56:40.910675468,541645.5466942328
C03514,retail,44,F,Ciudad de México,Consultant,2022-01-30 11:56:01.043759217,1058511.9373220578
C03515,retail,42,F,Oaxaca,Business Owner,2021-05-21 00:45:15.602320124,1469758.555298505
C03516,SME,34,M,Querétaro,Retired,2022-04-12 07:28:49.332583159,581181.52778192
C03517,retail,41,F,Sinaloa,Teacher,2020-03-22 08:03:06.559936864,356017.66681643465
C03518,retail,35,M,Baja California,Engineer,2020-08-12 14:18:33.555375371,967612.3892965587
C03519,retail,38,M,Quintana Roo,Accountant,2025-03-24 18:48:42.023171764,1069715.098528279
C03520,retail,52,F,Nuevo León,Government Employee,2022-02-23 00:21:38.446558381,629376.271381927
C03521,retail,44,M,Morelos,Accountant,2021-04-10 15:37:55.778175173,540303.7754622225
C03522,retail,49,M,Sinaloa,Engineer,2020-12-07 18:16:24.902941498,1089388.1008295887
C03523,retail,39,M,Sinaloa,Retired,2022-02-24 01:51:05.143250018,477464.7940397648
C03524,retail,37,M,Guerrero,Doctor,2020-10-16 08:30:31.986682577,1446256.333839211
C03525,retail,28,M,Tabasco,Teacher,2023-12-14 03:27:54.084254689,588235.1507353585
C03526,retail,37,F,Oaxaca,Freelancer,2023-01-19 05:07:52.925042834,630610.0364692315
C03527,SME,18,M,Ciudad de México,Student,2023-09-30 07:09:31.999641755,254086.73111117375
C03528,retail,34,F,Quintana Roo,Freelancer,2024-11-22 16:51:58.024005049,369964.59010159655
C03529,SME,41,M,Campeche,Accountant,2021-09-17 01:14:40.561107880,671061.6719546707
C03530,retail,48,F,Tamaulipas,Lawyer,2020-04-17 06:57:36.601012000,1312646.1222519781
C03531,retail,38,F,Nayarit,Lawyer,2024-03-09 22:58:14.844563559,1308050.8103436097
C03532,retail,46,M,Michoacán,Retired,2025-03-29 20:10:38.424330193,514247.5022762749
C03533,retail,18,F,Tlaxcala,Student,2022-07-22 12:55:46.640355113,269225.07272562204
C03534,retail,41,F,Puebla,Engineer,2025-12-16 09:52:09.204890136,573957.4750769429
C03535,retail,21,F,San Luis Potosí,Student,2022-03-28 07:11:46.873156836,188838.9242223758
C03536,retail,27,M,Durango,Government Employee,2025-02-26 08:49:02.204785266,403614.65203030803
C03537,retail,39,F,Sonora,Business Owner,2022-09-07 04:54:36.221561533,4107296.3266463573
C03538,retail,57,F,Querétaro,Consultant,2020-07-20 19:36:14.671910408,597280.6850334941
C03539,retail,46,M,Zacatecas,Student,2022-02-10 01:31:06.231097058,207028.4826483224
C03540,retail,42,M,Guerrero,Accountant,2024-12-30 21:17:56.320568013,578343.4586434963
C03541,retail,41,M,Veracruz,Business Owner,2023-06-07 05:31:38.934527380,3483182.6234127916
C03542,retail,33,M,Tamaulipas,Student,2022-07-26 15:33:11.743471429,228195.94477137743
C03543,retail,35,F,Guanajuato,Student,2020-05-29 12:32:02.506275941,203879.38580383806
C03544,retail,47,M,Chiapas,Retired,2020-12-08 18:55:40.220031446,452292.75463655504
C03545,retail,25,M,Oaxaca,Accountant,2025-12-30 08:27:39.808043011,879816.6343887253
C03546,retail,49,F,Guanajuato,Teacher,2021-09-06 14:48:05.570289035,614421.5340538586
C03547,retail,37,M,Michoacán,Sales,2024-08-03 18:49:12.624140891,330524.19564916554
C03548,retail,51,M,México,Engineer,2023-10-12 23:30:39.232817839,1000301.6335680669
C03549,retail,53,F,Chihuahua,Government Employee,2022-10-31 02:53:13.714960056,303165.86530304136
C03550,retail,21,M,Hidalgo,Student,2021-10-01 06:31:46.187747906,266919.56447193853
C03551,retail,35,M,Michoacán,Doctor,2023-11-18 09:31:50.590081459,1262703.3667261512
C03552,retail,31,M,Tabasco,Doctor,2025-02-19 04:44:28.364859944,1128067.0736276596
C03553,retail,20,F,Baja California Sur,Student,2021-09-05 04:17:19.678907110,196424.93042962463
C03554,retail,29,F,Nayarit,Lawyer,2025-11-14 05:48:10.680442593,1517459.5691956945
C03555,retail,71,F,Aguascalientes,Retired,2025-04-25 18:10:05.448558307,282288.96169165627
C03556,retail,49,M,Sinaloa,Sales,2022-02-12 01:41:24.491484173,832120.4945078914
C03557,retail,65,F,Morelos,Freelancer,2025-04-17 07:35:13.184322463,973461.140421928
C03558,retail,51,F,Tabasco,Government Employee,2024-08-04 01:40:15.722763675,818675.1871455271
C03559,retail,33,M,Oaxaca,Freelancer,2025-01-10 18:05:38.523975982,954394.9945974356
C03560,retail,37,F,Zacatecas,Sales,2022-11-27 07:38:43.420164943,293922.6730585818
C03561,retail,49,F,Chihuahua,Teacher,2022-10-22 07:21:45.493042079,695980.6237210069
C03562,retail,47,M,Ciudad de México,Doctor,2024-12-02 03:54:41.048250446,1401020.5925374024
C03563,retail,35,M,Campeche,Engineer,2021-03-19 20:53:01.945617209,855553.9093854369
C03564,retail,23,M,Coahuila,Doctor,2023-10-12 22:29:41.808388561,1303580.937009157
C03565,retail,81,M,Quintana Roo,Retired,2023-05-22 00:34:07.950373571,582666.4620121323
C03566,retail,40,F,Tlaxcala,Lawyer,2022-06-12 21:24:43.122584335,1595743.1710441224
C03567,retail,38,F,Veracruz,Teacher,2025-04-01 00:55:38.774394813,402149.8887441422
C03568,retail,43,M,Querétaro,Lawyer,2021-09-20 22:33:17.551974790,1046463.6417160046
C03569,retail,39,F,Sinaloa,Business Owner,2024-09-06 13:20:11.298206889,4138647.5988684283
C03570,retail,43,F,Guanajuato,Retired,2024-05-21 17:34:17.697814570,596043.5173583145
C03571,retail,57,M,Sonora,Accountant,2022-08-05 00:41:37.303315530,765831.2489411082
C03572,retail,40,F,Quintana Roo,Accountant,2025-08-17 01:19:27.629421048,677344.137526752
C03573,retail,28,F,Baja California Sur,Freelancer,2023-09-25 16:53:29.318545067,1168443.5393495425
C03574,corporate,40,M,Michoacán,Accountant,2020-08-16 03:31:23.548426733,690515.3884783746
C03575,retail,36,M,Chihuahua,Government Employee,2021-04-11 03:13:42.032857591,834790.7676990064
C03576,retail,59,M,Coahuila,Retired,2022-09-26 05:19:44.741971457,435689.476825638
C03577,retail,56,M,Guerrero,Business Owner,2025-01-01 13:40:31.673207030,2032295.8137209506
C03578,retail,43,M,Coahuila,Doctor,2021-12-27 01:04:42.462599774,1248698.3683534584
C03579,retail,26,M,Tlaxcala,Teacher,2021-06-26 02:08:13.679685362,623047.1576217874
C03580,retail,27,F,Querétaro,Retired,2022-01-19 23:34:38.196552727,691620.8598427634
C03581,retail,42,F,Nuevo León,Doctor,2022-12-12 11:52:22.433060511,904233.0131780425
C03582,retail,46,M,Querétaro,Consultant,2024-08-09 09:30:49.949180597,1814172.5820679371
C03583,retail,37,M,Michoacán,Student,2020-11-16 11:58:52.468720311,242897.55614193296
C03584,retail,36,F,Nayarit,Freelancer,2023-06-18 03:36:41.578208605,307742.58542827494
C03585,retail,34,F,Yucatán,Lawyer,2021-04-16 23:31:28.150105414,1553255.1373766845
C03586,retail,41,M,Durango,Accountant,2023-05-14 05:10:52.662673777,632081.4277000022
C03587,retail,18,M,Tlaxcala,Student,2022-12-06 09:19:36.316058717,284190.84510742826
C03588,retail,28,F,Aguascalientes,Accountant,2023-02-19 15:50:51.056760252,510461.4685848026
C03589,retail,34,M,Colima,Government Employee,2024-03-14 07:37:56.374014309,797764.8901024603
C03590,retail,56,M,Baja California Sur,Teacher,2025-12-03 16:47:04.667618782,420318.8048923525
C03591,SME,32,M,Veracruz,Sales,2021-09-24 21:26:32.015360759,417276.93528227607
C03592,retail,44,M,Michoacán,Business Owner,2025-01-16 22:36:45.192892981,916118.7522282684
C03593,retail,44,M,San Luis Potosí,Freelancer,2020-07-14 07:47:58.261574803,681909.1590259772
C03594,retail,57,M,Baja California Sur,Engineer,2023-03-17 13:12:32.252188825,774052.0857240211
C03595,retail,57,F,Baja California,Government Employee,2020-08-18 03:05:01.402132757,343183.3116199675
C03596,retail,41,F,Guerrero,Retired,2024-04-28 11:52:07.515034040,351989.23930118466
C03597,retail,36,F,Colima,Sales,2022-01-01 07:23:00.778308761,566727.1878401383
C03598,retail,34,M,Nuevo León,Lawyer,2021-06-10 07:52:53.699234648,1569926.4932701844
C03599,retail,39,M,Yucatán,Teacher,2021-06-18 04:04:48.075841079,671780.0828595122
C03600,retail,36,F,San Luis Potosí,Retired,2025-10-29 15:55:09.307442712,481899.9931589097
C03601,retail,48,F,Nayarit,Sales,2025-10-04 07:23:43.059099253,512149.78299110493
C03602,retail,47,M,Oaxaca,Retired,2022-02-10 07:35:51.227172886,679640.4465225083
C03603,retail,49,M,Sinaloa,Teacher,2022-07-19 23:46:30.085122648,685145.9206976092
C03604,retail,57,M,México,Accountant,2022-10-20 00:20:44.018632273,533288.8279421439
C03605,retail,64,M,Morelos,Sales,2020-02-03 21:45:08.050621997,595446.4796250433
C03606,retail,43,M,Nayarit,Consultant,2023-10-02 19:07:31.676517735,1731365.942317404
C03607,retail,55,F,Yucatán,Accountant,2020-11-08 21:22:34.992190512,975582.1200982002
C03608,retail,37,M,Nayarit,Sales,2023-09-15 04:10:17.436224223,695236.7856352228
C03609,SME,56,F,Ciudad de México,Doctor,2020-05-02 19:42:21.949245391,1130028.713238013
C03610,SME,54,F,Sonora,Retired,2021-11-16 23:58:37.834982782,431645.8259183344
C03611,retail,54,M,Yucatán,Teacher,2022-07-19 01:30:22.685918583,622565.6742111479
C03612,retail,43,F,Chiapas,Freelancer,2023-07-11 22:31:21.984804784,425723.4015222886
C03613,retail,33,F,Guanajuato,Teacher,2023-10-29 01:53:49.140824419,471372.3839174244
C03614,retail,25,M,Tlaxcala,Accountant,2021-05-11 01:20:38.879000557,796805.8554376288
C03615,retail,41,M,Campeche,Consultant,2024-07-23 10:00:56.898595006,1747676.7119546796
C03616,retail,60,F,Sonora,Government Employee,2022-03-11 15:21:22.119199781,561695.4621639051
C03617,retail,38,F,Durango,Doctor,2021-01-04 21:10:35.565402148,1184059.5832008002
C03618,retail,51,F,Yucatán,Teacher,2024-03-24 15:31:34.867345237,411665.8140047124
C03619,retail,52,M,Campeche,Sales,2025-07-07 17:54:15.219375238,793994.0759456055
C03620,retail,38,M,Quintana Roo,Freelancer,2023-01-23 22:14:23.451856325,985542.0228162364
C03621,retail,57,M,Baja California Sur,Sales,2022-11-02 12:12:23.181546052,783064.6863641336
C03622,retail,18,M,Sinaloa,Student,2025-01-11 05:03:42.262908486,186897.2116128339
C03623,retail,27,F,Michoacán,Lawyer,2025-08-28 15:54:12.988152980,1184278.2478537958
C03624,retail,31,F,Puebla,Student,2021-02-10 06:49:20.867400273,196301.27416663978
C03625,retail,32,F,Guanajuato,Doctor,2023-11-01 12:40:56.731785667,1271632.9830058792
C03626,retail,46,F,Ciudad de México,Government Employee,2024-12-03 02:28:10.912043529,517973.96169637656
C03627,retail,45,F,Aguascalientes,Engineer,2021-01-01 05:43:38.273063805,1042204.1376585744
C03628,retail,46,F,Durango,Accountant,2022-07-24 08:38:21.935862419,445616.89852561755
C03629,retail,49,F,Guerrero,Sales,2024-11-02 08:51:44.288140698,583619.8736757807
C03630,retail,30,M,Veracruz,Consultant,2023-12-30 06:49:06.157641975,685497.8601326931
C03631,retail,27,F,San Luis Potosí,Doctor,2025-12-04 11:35:18.463366525,1190529.928864317
C03632,retail,46,M,Baja California,Teacher,2025-11-17 18:27:08.995611505,542941.1975226187
C03633,retail,34,M,México,Doctor,2024-10-09 23:33:01.920970177,1123500.928487023
C03634,retail,23,M,Veracruz,Doctor,2025-04-14 09:06:19.430870993,995752.9111794491
C03635,retail,53,M,San Luis Potosí,Business Owner,2025-09-28 22:13:33.678626686,839009.824602335
C03636,retail,58,F,Oaxaca,Engineer,2022-04-26 02:52:12.694417145,963480.5503706695
C03637,SME,60,M,Michoacán,Consultant,2025-06-17 00:03:22.080998467,1805663.7147699317
C03638,retail,44,F,Baja California,Lawyer,2021-04-07 02:35:05.345861636,1480378.0577762597
C03639,retail,49,M,Hidalgo,Consultant,2021-02-11 23:26:56.809657306,1839527.9100911205
C03640,retail,58,M,Nayarit,Doctor,2020-05-14 19:46:43.665812348,1450651.56177427
C03641,retail,34,M,Tlaxcala,Government Employee,2023-06-29 20:42:21.324162231,614682.9752329882
C03642,SME,55,F,Querétaro,Consultant,2024-11-20 20:49:28.590499685,1546987.747391914
C03643,retail,45,F,Nuevo León,Business Owner,2024-07-09 13:23:21.537624759,2408729.0188369593
C03644,retail,52,M,Guanajuato,Engineer,2020-03-19 02:18:51.063239504,1143680.8165547582
C03645,retail,44,M,Jalisco,Student,2024-10-31 18:01:12.024654710,247557.30598560596
C03646,retail,57,F,Veracruz,Government Employee,2025-02-05 20:47:25.100458858,826715.7585749204
C03647,retail,44,M,Sonora,Business Owner,2021-05-05 10:16:47.771971174,762428.4025502598
C03648,retail,24,M,Baja California Sur,Freelancer,2021-04-20 08:01:11.334191003,775549.8017532437
C03649,retail,59,M,Ciudad de México,Freelancer,2022-04-27 05:13:33.096399258,941991.8421127951
C03650,corporate,30,M,Zacatecas,Student,2020-10-13 18:13:21.551481142,210840.99809474207
C03651,retail,57,M,Chiapas,Student,2020-01-01 07:54:37.018398501,181724.89068861224
C03652,retail,40,M,Jalisco,Consultant,2023-01-18 14:03:32.844102199,1615449.892012321
C03653,retail,56,F,Coahuila,Retired,2020-10-05 04:34:14.427377709,402138.95715441863
C03654,retail,55,F,Guerrero,Engineer,2022-12-13 06:08:33.493928694,800153.1540966928
C03655,retail,47,F,Puebla,Retired,2023-10-17 01:17:36.114955597,502924.14832962595
C03656,retail,48,F,Nayarit,Engineer,2024-02-21 13:51:53.816964054,577175.9263608598
C03657,retail,47,F,Guanajuato,Doctor,2023-10-28 19:47:42.623347926,872486.9696780101
C03658,retail,18,F,Tabasco,Student,2021-10-25 20:30:22.283535590,295306.61480966303
C03659,retail,43,F,San Luis Potosí,Student,2024-07-05 12:56:24.546722452,220667.9196663628
C03660,SME,28,M,Ciudad de México,Freelancer,2022-02-11 09:53:33.739941295,455525.1016279053
C03661,retail,44,M,Guanajuato,Accountant,2022-06-01 02:05:44.801402654,433416.73159087764
C03662,retail,28,F,Nayarit,Engineer,2021-07-28 02:41:45.162351622,621750.2761323046
C03663,retail,27,F,Baja California,Doctor,2022-03-06 18:16:45.654223139,1101626.990901753
C03664,retail,61,F,Oaxaca,Business Owner,2022-02-17 15:58:41.830991189,2170915.6328388993
C03665,retail,54,F,Hidalgo,Teacher,2025-06-26 05:05:26.503352855,469833.12348860875
C03666,retail,41,M,México,Teacher,2022-07-11 01:07:04.099989994,581564.5884035793
C03667,retail,44,M,Colima,Retired,2021-09-21 09:59:53.897273627,538805.9133180155
C03668,retail,39,F,Chiapas,Sales,2022-07-08 11:59:56.439812940,570549.9871363498
C03669,retail,48,M,Chiapas,Lawyer,2024-06-21 23:35:46.420954189,1577786.6090956365
C03670,retail,33,M,Coahuila,Government Employee,2022-10-18 05:25:02.970070114,900128.0430032909
C03671,retail,53,F,Zacatecas,Retired,2024-05-20 07:41:20.379309201,515866.2941624144
C03672,retail,38,M,Guerrero,Business Owner,2021-06-11 06:00:28.146196124,1205555.5182670092
C03673,retail,36,F,Oaxaca,Business Owner,2024-02-15 06:46:36.225737469,2446571.0152041623
C03674,retail,42,F,Guerrero,Student,2022-07-01 21:04:04.140282921,256136.25208677122
C03675,retail,34,M,Ciudad de México,Doctor,2025-10-24 04:57:46.529164306,843995.7705624618
C03676,retail,45,M,Campeche,Teacher,2024-12-10 12:47:52.915077811,307962.6327907023
C03677,retail,35,M,Colima,Engineer,2022-11-15 13:34:41.825728495,1163835.035433631
C03678,retail,47,F,Nuevo León,Teacher,2023-05-18 15:32:48.680198017,592026.5946501193
C03679,retail,56,M,Querétaro,Doctor,2023-07-24 00:52:28.363255702,907175.6341225859
C03680,retail,33,M,Aguascalientes,Accountant,2023-06-13 18:12:33.345487281,711588.9743870408
C03681,retail,40,F,Quintana Roo,Student,2020-12-30 17:33:33.630963090,203227.0657862917
C03682,retail,47,M,Guanajuato,Consultant,2022-10-08 15:09:38.895400597,515428.1124379198
C03683,retail,36,M,Quintana Roo,Consultant,2022-10-30 12:13:19.962500731,1087540.0865456788
C03684,retail,47,M,Hidalgo,Doctor,2020-03-26 19:54:36.941167837,1253869.963842596
C03685,retail,48,M,Nayarit,Business Owner,2023-10-30 00:17:13.430202299,4802754.888746226
C03686,retail,54,F,Puebla,Consultant,2025-02-17 14:32:05.214284006,1654752.848283551
C03687,SME,34,M,Oaxaca,Consultant,2025-08-24 15:15:09.597331328,845207.5260629188
C03688,retail,30,M,Durango,Accountant,2024-04-20 02:05:50.563697772,635348.6574335695
C03689,retail,38,F,Hidalgo,Accountant,2024-11-28 06:18:17.255998054,764406.8790456592
C03690,retail,30,F,Sinaloa,Student,2025-10-25 19:06:15.506575899,202952.9410833077
C03691,retail,48,M,Guerrero,Government Employee,2024-02-09 02:35:03.270717425,883062.909617733
C03692,retail,28,F,Hidalgo,Accountant,2020-11-28 09:17:50.715313639,517575.606956336
C03693,retail,69,F,Baja California,Retired,2022-12-29 22:11:48.431425064,380488.16020033136
C03694,retail,57,M,Baja California Sur,Business Owner,2024-02-28 21:35:23.677531340,3183683.4410941717
C03695,retail,42,F,Tlaxcala,Freelancer,2025-07-20 07:34:03.174309030,323224.15469086764
C03696,retail,52,F,Morelos,Government Employee,2020-01-11 13:16:37.034957683,737231.0836107773
C03697,SME,22,M,Sonora,Student,2021-08-22 19:54:56.952480992,293307.9684873865
C03698,retail,72,F,Puebla,Retired,2022-10-31 21:38:49.576542485,561191.8332097447
C03699,SME,34,F,Nuevo León,Doctor,2022-06-17 12:21:21.636775102,1368950.0269605503
C03700,retail,40,F,Guerrero,Lawyer,2020-09-19 19:06:18.012980244,1126193.7082926685
C03701,retail,19,M,Michoacán,Student,2021-11-10 04:46:49.872864930,223838.43529133318
C03702,retail,47,M,Oaxaca,Accountant,2023-08-20 05:31:18.554987894,630022.212075005
C03703,retail,28,F,Yucatán,Freelancer,2024-10-29 13:03:06.201253564,860465.835666356
C03704,retail,43,M,Oaxaca,Engineer,2023-03-21 08:01:51.609379335,862975.4940419113
C03705,SME,35,F,Querétaro,Business Owner,2025-05-28 11:23:26.683236209,2730973.971474299
C03706,retail,29,M,Durango,Doctor,2023-02-01 23:43:29.044859624,870522.3653627196
C03707,retail,32,M,Quintana Roo,Teacher,2020-01-18 10:20:41.933300128,569349.9349966553
C03708,retail,44,F,Quintana Roo,Freelancer,2020-01-05 14:35:01.443489309,925383.6440360503
C03709,retail,26,F,México,Government Employee,2020-09-25 06:48:08.434218125,437338.9996257293
C03710,SME,33,M,Veracruz,Accountant,2023-12-24 20:07:39.734567814,931794.5206960313
C03711,retail,49,M,Yucatán,Engineer,2021-01-16 18:44:03.774663786,1115576.7076593172
C03712,retail,73,F,Tabasco,Retired,2025-01-31 00:44:36.228631729,328580.8702399441
C03713,retail,47,F,Colima,Government Employee,2024-01-02 22:02:29.137635190,616429.6288554061
C03714,retail,30,F,Nuevo León,Accountant,2023-07-22 16:25:18.036683736,1013330.5040085381
C03715,corporate,37,M,Chiapas,Sales,2024-05-08 05:34:58.775490982,566744.2144411303
C03716,retail,42,M,Guerrero,Business Owner,2023-02-23 21:55:22.887787250,4205591.749587678
C03717,retail,37,F,Durango,Retired,2021-05-12 19:52:41.764609485,347089.02062839083
C03718,retail,52,F,Querétaro,Consultant,2022-01-14 09:32:49.332501859,595896.925870249
C03719,retail,44,M,Jalisco,Accountant,2025-12-05 08:48:17.657389591,441626.8535021691
C03720,retail,52,F,Tamaulipas,Freelancer,2024-08-27 16:34:26.636170593,1172357.3490644526
C03721,retail,38,M,Querétaro,Lawyer,2021-04-28 23:11:46.156723926,797661.5401966822
C03722,retail,57,F,Guerrero,Freelancer,2020-07-06 08:16:58.634935601,1064892.056647237
C03723,SME,40,F,San Luis Potosí,Doctor,2023-11-06 17:00:36.009822522,1021010.3332577008
C03724,retail,30,M,Hidalgo,Accountant,2023-07-18 20:20:05.306247606,428062.02578393964
C03725,retail,68,F,Puebla,Retired,2023-08-08 21:43:49.385251385,358440.0183335828
C03726,SME,20,M,Puebla,Student,2021-08-05 08:07:59.985001338,240659.60590145475
C03727,retail,33,M,Morelos,Doctor,2021-03-16 18:58:37.267585075,874740.3859227714
C03728,retail,34,F,Aguascalientes,Accountant,2022-09-07 07:15:00.903800218,1045515.2689890407
C03729,retail,72,M,Querétaro,Retired,2021-11-10 20:43:06.971956407,654949.1686722706
C03730,retail,63,F,Durango,Teacher,2021-03-17 14:16:12.270167655,359659.1388428667
C03731,retail,59,M,Sonora,Lawyer,2023-05-07 16:00:18.334932383,1484530.783827959
C03732,SME,38,F,Chiapas,Student,2024-08-11 19:52:04.251897355,235285.45862311588
C03733,retail,71,M,Guanajuato,Retired,2023-02-06 14:24:47.736046607,691958.1816635246
C03734,retail,46,F,Durango,Student,2025-03-19 12:09:54.787808749,186648.57033022455
C03735,retail,53,F,Chihuahua,Sales,2024-10-25 18:16:02.047916912,556172.9573065606
C03736,retail,44,F,México,Engineer,2025-01-06 02:33:59.398247111,699831.4295318365
C03737,retail,41,F,Ciudad de México,Accountant,2023-02-08 04:11:55.307559334,908465.5929403557
C03738,retail,38,M,Colima,Government Employee,2022-11-28 21:48:52.011362508,377794.0910591994
C03739,retail,39,M,Quintana Roo,Teacher,2022-10-14 11:55:21.615556906,551244.1027360763
C03740,retail,49,F,Quintana Roo,Business Owner,2021-08-06 23:07:49.585642994,4776656.147739076
C03741,SME,46,F,Chihuahua,Government Employee,2025-05-25 18:06:14.701309293,617716.7521740999
C03742,retail,41,M,Chihuahua,Lawyer,2022-02-24 04:44:08.089623808,1145077.2424546657
C03743,retail,60,M,Morelos,Teacher,2025-05-06 06:18:12.512978007,498281.4200539476
C03744,retail,18,F,Zacatecas,Student,2025-09-28 09:57:44.069067715,229885.4018998832
C03745,retail,48,F,Guerrero,Accountant,2020-08-26 22:49:15.860198758,713233.6029214557
C03746,retail,50,F,Coahuila,Consultant,2024-03-27 22:23:34.024064106,1194858.4815871597
C03747,retail,55,M,Chiapas,Government Employee,2022-02-11 08:35:44.454244737,998647.1439722189
C03748,retail,41,M,Michoacán,Student,2024-09-13 07:40:42.119637472,193972.43861763127
C03749,retail,44,M,Quintana Roo,Student,2022-04-12 04:00:11.813017677,214238.85484519732
C03750,retail,53,M,Chihuahua,Freelancer,2020-04-03 18:42:45.962066062,410787.5416963778
C03751,retail,59,F,Colima,Government Employee,2025-08-03 10:07:24.804398806,680932.1444994684
C03752,SME,38,F,Baja California Sur,Teacher,2024-11-29 11:15:48.300469459,301123.5769626104
C03753,retail,45,M,Colima,Sales,2024-04-19 13:25:59.895119674,848715.035667161
C03754,retail,62,M,Tlaxcala,Business Owner,2023-10-16 15:45:16.492604928,2983820.4036909393
C03755,retail,18,M,Coahuila,Student,2022-09-07 07:29:33.550355981,287530.16052524623
C03756,retail,33,F,Morelos,Engineer,2025-04-15 22:40:09.983232485,741475.9952177329
C03757,retail,59,M,Nuevo León,Accountant,2025-05-11 05:18:07.432846790,504951.095437029
C03758,retail,55,M,Sonora,Sales,2024-10-22 10:10:57.826486758,374990.3513537624
C03759,retail,48,F,Oaxaca,Business Owner,2021-11-03 11:28:29.923627400,2724149.7309000343
C03760,retail,36,F,Jalisco,Consultant,2022-05-23 21:10:48.940234477,560403.3962680551
C03761,retail,31,F,Sinaloa,Retired,2024-07-15 05:25:20.658367229,601812.6301821168
C03762,retail,34,M,Tamaulipas,Doctor,2022-01-05 18:02:23.533173692,1353446.400160804
C03763,retail,60,F,Chihuahua,Student,2025-08-31 14:29:28.722130557,264235.30537421885
C03764,retail,34,M,Yucatán,Government Employee,2022-07-08 04:38:22.505237816,927438.7672557576
C03765,retail,43,F,Coahuila,Doctor,2025-09-29 10:30:11.304662079,1184634.6314128563
C03766,retail,32,F,Veracruz,Consultant,2025-11-13 10:18:23.382918460,1218979.6977582392
C03767,retail,52,F,Zacatecas,Retired,2023-10-13 11:39:36.517646352,488129.6223722771
C03768,retail,35,M,Chiapas,Student,2021-07-11 17:03:27.253110603,201834.62247464433
C03769,retail,40,F,Nuevo León,Retired,2023-03-15 12:34:09.883834920,480531.5799338822
C03770,retail,21,M,Puebla,Student,2020-03-19 07:28:11.044297069,245011.38411623362
C03771,retail,22,M,Zacatecas,Student,2020-09-26 08:16:32.401352092,271751.54701465054
C03772,SME,42,M,Tamaulipas,Retired,2025-08-27 20:27:04.272101607,406564.10325816943
C03773,retail,26,F,Coahuila,Doctor,2021-06-22 20:01:41.415132249,864559.0524983002
C03774,retail,67,M,Ciudad de México,Retired,2023-02-25 04:27:43.687405127,518858.72485111473
C03775,retail,18,F,Guerrero,Student,2024-07-23 22:56:49.922147782,274555.7824425788
C03776,SME,32,F,Sinaloa,Sales,2021-03-27 10:19:06.289734963,880214.784009853
C03777,retail,42,M,México,Student,2024-03-06 09:43:46.195721767,190830.63819720887
C03778,retail,37,F,México,Teacher,2023-02-06 04:49:33.436571146,598541.2044085737
C03779,retail,28,M,Tamaulipas,Student,2023-12-13 01:59:27.598061702,251501.4034320275
C03780,retail,30,M,San Luis Potosí,Engineer,2022-12-10 16:18:42.839395548,510736.04262697534
C03781,retail,30,F,Puebla,Lawyer,2024-03-02 12:42:03.999412116,1461890.6440095901
C03782,retail,38,F,Michoacán,Business Owner,2023-02-21 04:25:40.219443183,812665.4178492627
C03783,retail,65,M,Quintana Roo,Engineer,2024-08-29 00:44:27.476160490,1049680.0970625575
C03784,retail,42,F,Oaxaca,Sales,2024-05-31 01:44:35.845051176,718860.1462904382
C03785,retail,56,F,Sonora,Government Employee,2025-11-22 08:37:44.531228307,781544.7507879755
C03786,retail,48,M,México,Sales,2022-01-06 13:07:05.172283548,327997.62995335984
C03787,retail,55,F,Chiapas,Business Owner,2021-07-24 09:53:25.127017923,4651842.635096055
C03788,retail,18,F,Guerrero,Student,2025-11-05 09:27:43.618629832,287870.46944739996
C03789,retail,38,M,Campeche,Business Owner,2020-10-16 10:24:51.388064364,4571123.157558177
C03790,corporate,57,F,Baja California Sur,Doctor,2022-09-09 13:44:28.399552241,1052254.0328116412
C03791,retail,35,F,Yucatán,Lawyer,2022-06-26 11:50:46.154304028,1190608.0518411887
C03792,retail,63,M,Tlaxcala,Engineer,2025-03-26 10:10:54.095351939,580426.8503605948
C03793,retail,59,F,Tabasco,Accountant,2020-07-27 12:43:16.765176373,435766.8014524176
C03794,retail,36,M,Tlaxcala,Business Owner,2025-03-08 23:19:13.336337784,952743.1773951016
C03795,retail,35,F,Zacatecas,Doctor,2022-08-28 14:57:42.217379683,1198139.295595108
C03796,retail,29,M,Aguascalientes,Sales,2020-01-19 11:15:23.061729583,458912.3714822561
C03797,retail,34,F,Hidalgo,Freelancer,2024-11-04 14:12:56.871688381,779556.1967822466
C03798,retail,27,M,Chiapas,Doctor,2022-09-24 23:47:27.910078301,1214865.63936912
C03799,retail,47,F,Guerrero,Lawyer,2025-06-13 10:11:18.720488334,1688475.752311965
C03800,retail,24,M,Baja California,Accountant,2021-02-07 08:28:11.371157570,1017599.1559191286
C03801,retail,49,M,Chihuahua,Sales,2021-02-21 15:31:15.078218581,717079.9798144056
C03802,SME,49,M,Chiapas,Sales,2023-05-31 08:13:16.603775939,782028.0007789629
C03803,retail,22,F,Tabasco,Student,2025-01-03 09:34:08.742740501,180379.15992306074
C03804,corporate,60,M,Nayarit,Freelancer,2020-08-30 15:24:28.526969656,215535.1520546947
C03805,retail,48,F,San Luis Potosí,Student,2022-03-12 09:19:05.535873148,235030.93605175044
C03806,SME,50,F,Chiapas,Doctor,2024-08-31 10:11:42.254826169,1257586.2517480496
C03807,retail,32,F,Nayarit,Lawyer,2025-11-19 07:55:29.127080997,1552901.8424374722
C03808,retail,49,M,Michoacán,Student,2023-06-29 10:41:57.059219455,233672.48488908782
C03809,retail,55,F,Morelos,Accountant,2022-01-21 10:23:04.308950911,1058118.063513083
C03810,retail,40,M,Baja California,Sales,2021-05-26 13:04:48.029790152,779741.2349077776
C03811,retail,66,F,Morelos,Retired,2023-11-02 13:41:57.109128179,296240.13588985556
C03812,retail,42,F,Durango,Student,2025-01-15 03:33:25.959202658,232821.8398433119
C03813,retail,55,M,Sonora,Accountant,2024-05-19 15:07:50.708562184,1096415.7524260292
C03814,retail,45,M,Baja California Sur,Engineer,2024-04-22 22:41:44.754740831,786959.7009891395
C03815,retail,49,M,Jalisco,Business Owner,2025-04-25 08:55:37.209582351,2360960.5012699724
C03816,retail,21,M,Nuevo León,Student,2020-01-18 04:02:58.227751704,215289.93696823425
C03817,retail,46,F,Guerrero,Freelancer,2023-11-11 10:20:29.727227554,686489.4889453027
C03818,retail,33,M,Sonora,Sales,2024-12-22 06:19:09.412335751,724407.8542917534
C03819,retail,31,F,Aguascalientes,Doctor,2024-12-04 20:53:53.940163544,833230.3879181981
C03820,retail,62,M,Coahuila,Sales,2022-07-28 19:03:05.227962726,793217.2885850355
C03821,retail,39,F,Sonora,Retired,2021-07-23 21:46:59.980708096,662911.7419403826
C03822,retail,29,F,Coahuila,Sales,2020-03-12 07:49:58.914488522,757710.9429698886
C03823,retail,37,F,Hidalgo,Engineer,2022-07-09 21:31:11.241608910,1140945.3306868598
C03824,retail,26,M,Ciudad de México,Sales,2022-06-23 10:57:31.012006514,311688.005475358
C03825,retail,59,F,Chiapas,Doctor,2025-11-30 18:11:52.780076798,1115075.781483984
C03826,retail,33,M,Campeche,Lawyer,2020-11-18 05:13:52.662628685,685251.0188342511
C03827,retail,48,M,Zacatecas,Lawyer,2022-05-20 14:07:46.648136520,1604203.9879872953
C03828,retail,58,F,Chiapas,Retired,2022-05-04 20:20:48.313322679,678646.995033962
C03829,retail,35,F,San Luis Potosí,Student,2025-04-17 03:19:23.533257367,215730.4430278032
C03830,retail,48,M,San Luis Potosí,Business Owner,2021-02-02 02:29:54.522017795,3002197.5121358186
C03831,retail,29,F,Tamaulipas,Accountant,2022-12-23 08:59:54.992298418,608373.1400975991
C03832,retail,71,F,Oaxaca,Retired,2023-07-05 19:03:56.713809408,420493.01084580703
C03833,retail,53,M,Guerrero,Consultant,2022-12-03 13:59:49.869875166,1214836.9128177399
C03834,retail,39,F,Colima,Lawyer,2025-09-04 20:55:02.670278496,1548963.7814584114
C03835,retail,32,F,Hidalgo,Doctor,2024-03-13 22:08:59.448051217,902898.3860183099
C03836,retail,40,M,Campeche,Freelancer,2025-08-29 17:51:22.777376919,357054.46018667833
C03837,SME,37,F,Oaxaca,Engineer,2020-07-15 07:56:49.061939226,641303.6480659896
C03838,retail,65,F,Guanajuato,Retired,2022-11-01 05:15:14.912936548,273918.5263094062
C03839,SME,27,F,México,Student,2021-05-14 08:46:28.972010549,257216.4341134207
C03840,retail,43,M,San Luis Potosí,Engineer,2024-12-31 13:41:55.367068924,632905.1906625447
C03841,retail,41,F,Jalisco,Teacher,2020-01-05 05:55:02.011082180,475015.63344845426
C03842,retail,40,M,Nayarit,Engineer,2023-05-03 19:19:58.165639396,979913.9185415108
C03843,retail,40,M,Oaxaca,Engineer,2024-05-10 09:56:49.154749610,814263.1064701499
C03844,retail,40,M,Aguascalientes,Retired,2023-06-01 21:14:41.908422534,657708.5987149193
C03845,retail,52,F,Aguascalientes,Accountant,2023-09-15 22:50:45.499325725,938418.4747974497
C03846,retail,49,F,Guanajuato,Doctor,2021-07-14 06:23:52.074385866,991115.802711799
C03847,SME,47,M,Tlaxcala,Teacher,2022-12-06 04:02:32.284348260,352164.07287970383
C03848,retail,18,M,Tlaxcala,Student,2024-12-23 03:27:48.014984224,287333.4301967029
C03849,retail,45,M,Tlaxcala,Student,2020-11-12 16:31:18.882453067,227629.3168993463
C03850,retail,22,M,San Luis Potosí,Student,2024-01-12 17:29:32.527154163,225901.80175023005
C03851,retail,49,F,Oaxaca,Sales,2020-05-21 14:49:39.413340664,776503.4592441156
C03852,retail,59,F,Veracruz,Teacher,2022-12-17 09:32:15.248192004,303741.9250364918
C03853,retail,30,F,Yucatán,Consultant,2021-10-14 18:11:13.203841303,1176668.8791603523
C03854,SME,38,F,Chihuahua,Engineer,2021-11-22 16:40:42.086660085,1000024.7605797595
C03855,retail,34,F,Chiapas,Sales,2023-06-17 23:52:01.660566633,801647.0500807713
C03856,retail,56,M,Hidalgo,Engineer,2022-10-31 09:11:32.915585229,1119647.082959239
C03857,retail,43,M,Durango,Freelancer,2023-02-01 21:50:44.307076073,665680.6345232684
C03858,retail,62,F,Chihuahua,Sales,2024-05-03 07:16:43.174486133,801010.7597498782
C03859,retail,46,M,Campeche,Government Employee,2025-09-25 02:01:37.274187531,325033.26823900524
C03860,retail,44,F,Campeche,Teacher,2023-05-24 01:20:39.526209763,422170.52759389713
C03861,retail,42,F,Coahuila,Business Owner,2025-08-18 08:31:28.330638770,745142.711352536
C03862,retail,51,F,Michoacán,Freelancer,2022-09-10 07:19:24.480023181,365525.53889059
C03863,retail,21,M,Aguascalientes,Student,2023-08-30 04:31:23.769404003,266968.4773148465
C03864,retail,43,M,Ciudad de México,Teacher,2024-09-01 20:00:28.834698635,301769.6682434015
C03865,retail,41,F,Sonora,Teacher,2021-03-15 02:25:10.947055755,509222.72107296064
C03866,retail,50,F,Nuevo León,Sales,2021-02-21 15:10:28.801891249,519091.41215474403
C03867,retail,39,M,Oaxaca,Lawyer,2024-05-26 08:23:13.250038127,747445.0716482695
C03868,retail,29,F,México,Sales,2020-09-01 13:51:49.282023476,695662.970158973
C03869,retail,42,F,Ciudad de México,Freelancer,2024-08-12 17:47:34.702165360,893124.5579713712
C03870,retail,29,M,Puebla,Student,2025-08-05 07:00:48.462843458,267162.5513288321
C03871,retail,18,M,Tamaulipas,Student,2025-11-18 15:02:03.689009893,271837.67133667466
C03872,retail,50,F,Oaxaca,Government Employee,2023-01-04 13:33:38.667740520,520494.6568443236
C03873,retail,48,F,Tamaulipas,Doctor,2022-04-07 08:36:37.351135758,1495891.4964046557
C03874,retail,47,M,Querétaro,Accountant,2025-09-08 09:31:33.367735138,451067.6906619396
C03875,retail,57,F,Aguascalientes,Accountant,2021-11-01 23:02:27.314618054,853387.4050400943
C03876,retail,34,F,Sonora,Government Employee,2025-01-07 00:46:56.616064168,979543.5389084765
C03877,retail,24,F,Aguascalientes,Retired,2020-03-28 21:47:37.066563613,350939.9320048969
C03878,retail,41,M,Michoacán,Business Owner,2021-11-26 21:56:29.138277179,1895937.470319922
C03879,retail,37,F,Chiapas,Retired,2020-11-22 15:00:03.103022818,509190.4232210756
C03880,retail,31,M,Puebla,Student,2024-04-29 09:30:49.479876003,273751.69288472604
C03881,retail,41,F,Tabasco,Doctor,2022-02-07 22:54:07.162367162,1030263.2169802249
C03882,retail,34,F,Ciudad de México,Teacher,2021-08-15 18:10:09.650529493,634710.9022345418
C03883,SME,19,M,Aguascalientes,Student,2024-08-28 22:20:28.482155245,208925.49540502686
C03884,retail,36,M,Nuevo León,Sales,2020-12-11 00:01:46.247859396,818339.2198388698
C03885,retail,28,F,Michoacán,Consultant,2020-11-20 06:37:08.061572625,879429.9391560437
C03886,SME,44,F,Baja California Sur,Freelancer,2022-06-14 20:41:36.452994880,817435.7731064374
C03887,SME,34,M,Campeche,Government Employee,2021-02-03 04:21:16.188185735,550454.2069890591
C03888,retail,55,M,Guerrero,Lawyer,2020-11-08 23:27:16.158282451,986191.6566487269
C03889,retail,61,M,Zacatecas,Consultant,2022-06-05 11:13:35.397287025,1030993.708106044
C03890,retail,50,M,Tlaxcala,Engineer,2025-06-23 22:12:23.422081446,849441.4893207208
C03891,retail,23,F,Coahuila,Government Employee,2025-10-12 20:08:14.318885566,891534.8556782332
C03892,retail,60,F,México,Government Employee,2024-06-19 02:12:33.380165382,831523.524539805
C03893,retail,60,F,Quintana Roo,Retired,2021-10-23 17:53:03.978243796,452203.84815832356
C03894,retail,42,M,México,Sales,2022-06-15 13:32:49.585896732,433404.47023937746
C03895,retail,57,F,Sonora,Engineer,2023-05-31 16:20:22.630234405,1098011.540981636
C03896,retail,35,M,Chiapas,Doctor,2024-08-14 17:37:43.341815077,1409130.378489506
C03897,retail,19,F,Veracruz,Student,2024-04-04 02:22:53.250008529,234441.60975161905
C03898,retail,32,M,Sinaloa,Consultant,2021-01-07 14:12:33.566419462,1543769.4832832813
C03899,retail,62,M,Quintana Roo,Engineer,2020-10-25 11:31:44.632352963,758484.8639980581
C03900,retail,24,F,Baja California,Freelancer,2021-11-30 03:35:31.711649511,349097.8296210496
C03901,retail,41,M,Guerrero,Retired,2020-10-22 07:50:11.429129053,394667.62776393886
C03902,retail,42,F,Nuevo León,Lawyer,2025-08-16 15:35:49.957727523,1418501.864374978
C03903,SME,35,F,Tabasco,Teacher,2022-05-15 14:27:04.921534944,607764.6348251151
C03904,retail,36,F,Zacatecas,Lawyer,2022-02-15 11:13:08.446380314,1621987.3233389216
C03905,retail,42,F,Quintana Roo,Teacher,2025-01-19 12:58:27.054121556,307085.0977434859
C03906,retail,35,M,Chiapas,Sales,2021-06-14 12:36:17.959359455,566164.470402019
C03907,retail,24,M,Quintana Roo,Sales,2025-10-31 03:28:41.245300596,428049.6456293651
C03908,retail,44,F,Sinaloa,Consultant,2022-08-25 18:13:55.057358805,1525939.9549115424
C03909,retail,54,F,Sinaloa,Business Owner,2025-10-12 02:28:52.860776355,1754924.9877626044
C03910,retail,52,M,Baja California Sur,Retired,2023-08-04 03:48:18.232688929,504826.6592800054
C03911,retail,32,F,San Luis Potosí,Consultant,2022-06-29 04:18:11.913110005,1567944.6906541632
C03912,retail,26,M,Tlaxcala,Retired,2025-10-22 05:12:58.986609029,596529.9839037089
C03913,retail,38,M,Chihuahua,Lawyer,2023-07-24 07:21:44.888519738,923362.2177716398
C03914,SME,60,M,Hidalgo,Retired,2021-03-07 19:33:04.162033337,289524.5537325508
C03915,SME,49,M,Oaxaca,Student,2022-07-27 22:44:38.915059150,206245.82281134615
C03916,retail,50,M,México,Freelancer,2020-02-09 04:40:08.299064504,799132.0128694065
C03917,retail,52,M,Campeche,Engineer,2025-02-10 17:23:09.455072307,528314.4703903245
C03918,retail,47,M,Oaxaca,Business Owner,2024-09-24 20:18:48.312040276,1383106.4783787658
C03919,retail,43,M,Coahuila,Business Owner,2025-10-18 01:30:50.520365668,4980542.324358941
C03920,retail,49,M,Querétaro,Government Employee,2021-04-18 22:19:48.248222011,567632.3879623653
C03921,SME,35,F,Nayarit,Lawyer,2020-05-01 15:59:16.978679159,1195832.0257591563
C03922,retail,25,M,Puebla,Business Owner,2025-12-08 23:44:28.302340553,747330.8101652482
C03923,retail,50,M,Puebla,Consultant,2021-05-06 15:48:02.643453158,1387862.279451238
C03924,retail,56,M,Querétaro,Consultant,2024-05-08 10:51:06.725246714,987948.3519469916
C03925,corporate,28,M,Coahuila,Consultant,2020-02-20 01:20:15.175279080,1295290.3744047526
C03926,retail,51,M,Guerrero,Consultant,2024-09-01 19:13:35.349780519,1289178.0412465767
C03927,retail,62,M,Guanajuato,Government Employee,2023-09-29 16:57:28.285946603,977221.1819221165
C03928,retail,41,F,San Luis Potosí,Government Employee,2021-03-07 08:00:20.510341871,487780.16722388554
C03929,retail,32,F,Guerrero,Accountant,2024-12-11 11:23:20.616515738,799303.6147843393
C03930,retail,43,F,Sonora,Accountant,2025-06-08 09:47:13.667803898,667087.1990487009
C03931,SME,35,F,Veracruz,Accountant,2021-05-27 04:36:16.159998667,695400.2889815856
C03932,retail,34,M,México,Sales,2024-11-02 13:24:15.845883360,286113.446234077
C03933,retail,47,M,Colima,Business Owner,2023-03-23 22:27:54.766406794,3660348.6430854797
C03934,retail,22,F,Guanajuato,Student,2025-08-05 16:28:09.396130021,203434.4442373586
C03935,retail,24,M,Puebla,Retired,2021-02-06 04:36:23.068031089,460820.4781282807
C03936,retail,42,M,Nayarit,Freelancer,2021-07-29 07:22:28.834784268,634270.0688179682
C03937,retail,41,M,Durango,Consultant,2021-03-14 01:41:05.155861725,1202212.1428061882
C03938,retail,46,F,Colima,Retired,2022-11-24 10:53:15.027610644,418996.07372899924
C03939,retail,64,F,Chihuahua,Business Owner,2023-09-06 07:55:36.377184470,1742257.5256233704
C03940,retail,43,F,Baja California Sur,Government Employee,2020-07-13 21:58:58.232044009,614100.2857691087
C03941,retail,49,M,Oaxaca,Doctor,2021-12-25 07:08:01.172177235,832353.7136954176
C03942,retail,30,M,Guerrero,Lawyer,2025-12-29 15:54:07.725941737,890787.3053389047
C03943,retail,51,F,Morelos,Lawyer,2023-03-21 21:15:12.804303949,1541818.8307149047
C03944,retail,35,F,Baja California Sur,Business Owner,2022-05-02 22:53:37.329177059,4324128.511984779
C03945,retail,42,M,Oaxaca,Teacher,2024-07-01 22:34:16.238691651,586124.4505732006
C03946,retail,40,F,Nayarit,Consultant,2022-07-25 03:46:00.061746123,1448846.6791190675
C03947,retail,54,F,Veracruz,Accountant,2024-09-23 20:29:46.588990683,967886.8427870336
C03948,retail,26,F,Guerrero,Consultant,2022-05-21 06:56:56.859870030,691746.5147284812
C03949,retail,18,F,Querétaro,Student,2022-09-16 13:03:49.864344456,243031.02181861538
C03950,retail,39,M,San Luis Potosí,Lawyer,2025-11-22 13:04:30.616748919,739578.8960953999
C03951,retail,47,F,Michoacán,Government Employee,2023-12-17 22:35:07.190448085,844507.0304423657
C03952,retail,43,F,Tamaulipas,Consultant,2025-08-07 23:54:49.781906540,1280835.0986636824
C03953,SME,56,F,Querétaro,Retired,2024-05-10 07:19:41.992040483,614512.0083597736
C03954,retail,47,F,Durango,Engineer,2025-07-16 18:43:11.355567234,1059345.1966151288
C03955,retail,35,F,Nuevo León,Government Employee,2021-12-06 14:59:30.235217386,626349.1300022353
C03956,retail,18,F,Ciudad de México,Student,2020-03-14 01:54:49.089494789,239625.4122482372
C03957,SME,39,M,Jalisco,Sales,2024-08-31 20:04:16.652027618,268373.900145279
C03958,retail,54,F,Oaxaca,Consultant,2020-12-09 21:25:44.485620040,1285270.4590790628
C03959,retail,37,F,Jalisco,Lawyer,2024-01-03 07:04:00.154424687,1412958.4087492982
C03960,retail,42,M,Querétaro,Doctor,2021-07-02 09:06:33.542041943,963559.2219452949
C03961,retail,47,M,Campeche,Sales,2024-10-19 21:20:32.451827633,891243.6473526922
C03962,retail,29,F,México,Consultant,2023-11-22 10:30:59.816094769,1962244.2856509907
C03963,retail,49,M,Oaxaca,Doctor,2020-12-16 07:45:10.249731433,997981.6991931126
C03964,retail,61,F,Tabasco,Business Owner,2021-03-29 17:11:36.852400173,3765785.715766759
C03965,retail,39,M,Baja California,Freelancer,2022-01-08 23:25:06.222250716,230001.69816358844
C03966,retail,28,F,Zacatecas,Engineer,2024-12-07 23:52:49.462339537,966027.5632883612
C03967,retail,41,M,Sonora,Retired,2020-09-30 17:57:52.726697468,530808.0434191963
C03968,retail,18,M,Zacatecas,Student,2025-11-29 14:58:45.762570957,278659.9813031693
C03969,retail,46,M,Nayarit,Teacher,2023-03-27 14:30:38.871799630,421746.33671617485
C03970,retail,47,F,Baja California,Lawyer,2021-08-02 13:39:41.068260671,1653613.061388327
C03971,SME,62,M,Nayarit,Sales,2025-05-04 01:08:12.720441596,807684.625606
C03972,retail,39,M,Colima,Sales,2024-12-11 01:17:52.444123016,685242.5937762291
C03973,retail,46,F,Yucatán,Consultant,2023-08-12 01:24:02.184727716,1208502.7757677664
C03974,retail,31,M,Durango,Student,2022-06-30 08:17:45.047400390,254208.76737855969
C03975,retail,37,F,Oaxaca,Student,2021-03-24 13:19:15.133414067,267595.78223395377
C03976,SME,23,F,Campeche,Lawyer,2022-10-25 11:58:23.404896873,1770302.642947413
C03977,retail,39,F,Durango,Sales,2025-05-22 19:23:25.468399251,329123.446032207
C03978,retail,38,M,Durango,Retired,2024-02-25 18:20:23.757663933,390883.0644822612
C03979,retail,45,F,Tabasco,Business Owner,2023-01-13 11:51:12.185991808,4057080.9273765325
C03980,retail,34,M,Veracruz,Student,2020-11-23 04:45:35.838011828,229102.01186842794
C03981,retail,43,F,Baja California Sur,Student,2022-03-24 05:31:18.732427468,260698.26905561058
C03982,retail,37,F,Puebla,Teacher,2021-08-25 02:38:55.623589484,353247.3228568952
C03983,retail,38,M,Campeche,Business Owner,2020-11-15 08:23:08.060852508,3749395.6050224616
C03984,retail,42,M,Quintana Roo,Doctor,2021-07-22 17:36:06.869079431,1271845.3471558006
C03985,retail,42,M,Durango,Business Owner,2025-11-17 15:27:22.040136338,3219026.873075596
C03986,SME,51,M,Coahuila,Teacher,2020-08-28 19:38:06.217577885,606095.951324637
C03987,retail,40,F,Querétaro,Engineer,2023-03-29 18:59:20.322953992,1116079.4428607994
C03988,retail,37,F,Quintana Roo,Consultant,2022-01-31 17:59:03.394228753,1743954.7395804974
C03989,retail,39,M,Guerrero,Retired,2022-12-11 19:08:21.010047365,307408.4705316149
C03990,retail,33,F,Coahuila,Government Employee,2022-06-23 13:28:55.242703404,821076.1038256153
C03991,retail,37,F,Hidalgo,Government Employee,2025-12-06 18:29:47.671103440,614835.5585521844
C03992,retail,66,F,Colima,Retired,2022-03-23 09:29:19.212186056,400247.15220717853
C03993,retail,31,M,Tabasco,Consultant,2022-10-10 08:30:59.521324118,1819475.258354674
C03994,retail,38,F,Hidalgo,Engineer,2025-05-09 07:25:21.757136124,891729.8238789109
C03995,retail,37,F,Aguascalientes,Consultant,2022-12-21 05:10:36.583271652,1251852.5992837292
C03996,retail,39,F,Yucatán,Freelancer,2021-04-06 22:58:29.297374584,984600.1371821141
C03997,retail,38,M,Michoacán,Freelancer,2025-02-13 07:07:22.834038913,753309.0992594277
C03998,retail,45,M,Nuevo León,Doctor,2025-09-12 00:41:23.318666690,1400606.1677356139
C03999,retail,21,F,Zacatecas,Student,2020-11-13 14:06:24.760469170,192348.21732793812
C04000,retail,54,F,Tamaulipas,Business Owner,2025-06-19 23:43:38.808245197,4037372.9531731
C04001,retail,49,F,Nuevo León,Business Owner,2024-06-13 14:17:45.537338800,1404488.9006818365
C04002,retail,27,M,Puebla,Consultant,2020-06-11 18:35:48.442367408,837847.2432987358
C04003,retail,18,F,Zacatecas,Student,2020-07-17 15:29:50.634353992,201534.36195235627
C04004,retail,30,M,Sonora,Teacher,2021-07-13 04:02:21.976950281,395368.7792307276
C04005,retail,39,M,Veracruz,Business Owner,2021-10-09 04:14:21.935700867,3846872.7275862866
C04006,retail,72,F,Hidalgo,Retired,2022-03-13 10:39:28.198890340,544899.9258692125
C04007,retail,48,M,Tlaxcala,Consultant,2022-10-27 21:19:57.518364792,844672.1715423074
C04008,retail,20,M,Coahuila,Student,2023-11-19 00:52:22.162593309,212421.26258826448
C04009,retail,33,F,Zacatecas,Accountant,2022-01-21 08:00:00.931241600,469505.97812082607
C04010,retail,41,F,México,Government Employee,2023-02-08 18:03:09.917608759,590105.2799796567
C04011,retail,45,M,Sonora,Doctor,2020-07-27 06:08:00.176911164,1065009.9927601642
C04012,retail,26,F,Chihuahua,Retired,2020-12-23 21:29:28.065824653,315617.2518815844
C04013,retail,40,M,Zacatecas,Engineer,2022-10-15 14:34:58.896294032,1084238.3632332506
C04014,retail,33,M,Campeche,Freelancer,2022-02-22 17:27:22.462276510,1052595.9012582754
C04015,retail,28,M,Querétaro,Doctor,2020-05-26 05:28:51.832788528,876332.8700779598
C04016,retail,45,M,Quintana Roo,Teacher,2024-07-10 18:57:22.404506831,406546.6476688142
C04017,retail,51,F,Oaxaca,Teacher,2020-08-27 04:10:19.466373868,594436.3364590285
C04018,retail,52,M,Guanajuato,Doctor,2024-04-26 17:03:19.605223112,1408977.553857848
C04019,retail,48,F,San Luis Potosí,Government Employee,2024-04-15 00:21:12.745340888,350171.1636717174
C04020,retail,36,F,Puebla,Business Owner,2024-02-15 00:54:33.831289270,4580193.286559083
C04021,retail,50,F,Nuevo León,Sales,2022-03-20 17:58:53.191665377,290064.2122211112
C04022,retail,45,M,Baja California,Freelancer,2021-09-29 17:39:45.838810573,833784.5931680136
C04023,retail,43,F,Morelos,Retired,2020-11-13 04:14:18.715091599,259933.83297300801
C04024,retail,34,F,México,Government Employee,2021-12-23 22:59:04.104235180,949786.443486153
C04025,retail,36,M,Oaxaca,Consultant,2020-12-06 13:02:18.391680118,1030536.3277529962
C04026,retail,42,M,Nayarit,Government Employee,2022-09-06 00:21:47.777561073,754162.8015802666
C04027,retail,71,M,Guerrero,Retired,2020-11-30 19:07:47.287550741,333080.17420850426
C04028,retail,45,F,Baja California Sur,Accountant,2025-09-04 13:34:03.656690628,624879.11245832
C04029,retail,34,F,Morelos,Retired,2020-04-28 21:44:53.492392084,586285.0642955157
C04030,retail,32,M,Yucatán,Doctor,2023-08-26 13:46:44.528564739,1481098.0937130186
C04031,retail,36,F,Jalisco,Freelancer,2023-07-20 18:43:58.383519162,1192054.2826627097
C04032,retail,68,M,Tlaxcala,Retired,2024-04-30 04:14:26.695861632,614356.5919462057
C04033,retail,37,F,Chihuahua,Retired,2024-04-25 15:36:25.254468705,631237.7150599093
C04034,corporate,52,M,Campeche,Consultant,2022-07-28 10:27:29.932296903,1954106.7595952146
C04035,retail,37,F,Puebla,Consultant,2023-08-10 15:12:01.748935582,560475.0749700745
C04036,corporate,45,M,Yucatán,Business Owner,2023-11-03 07:09:42.030909386,1431647.0921871806
C04037,SME,51,M,Zacatecas,Sales,2021-12-14 01:32:08.873514586,284240.6087156024
C04038,retail,35,F,Colima,Consultant,2025-03-25 21:03:08.420966430,1251742.231094815
C04039,retail,34,M,Tabasco,Sales,2025-04-06 12:32:35.974164910,873018.9677422114
C04040,retail,61,F,Oaxaca,Sales,2021-06-05 07:34:01.768686026,628584.103921144
C04041,retail,53,F,Querétaro,Accountant,2024-03-22 15:02:25.007983334,788783.436499706
C04042,retail,51,M,Baja California Sur,Business Owner,2021-01-05 03:58:11.720203790,4254752.138832625
C04043,retail,51,F,Colima,Business Owner,2025-04-29 17:16:01.462284628,4694481.120773757
C04044,retail,47,M,Hidalgo,Business Owner,2023-05-30 06:08:59.766285457,3703788.194114355
C04045,retail,66,M,Nuevo León,Retired,2022-06-28 07:43:04.538719781,652920.7121193924
C04046,retail,42,M,Yucatán,Consultant,2020-04-01 00:48:32.438755698,762824.5937089118
C04047,retail,48,F,Zacatecas,Sales,2022-04-11 02:22:26.005534480,577215.0741249565
C04048,retail,24,M,México,Retired,2021-07-23 23:16:57.901185107,414072.6315221086
C04049,retail,32,F,Quintana Roo,Retired,2022-04-05 22:27:29.131401133,399634.91895512014
C04050,retail,27,F,Coahuila,Lawyer,2025-01-29 13:21:31.803751282,857100.5737016473
C04051,SME,57,M,Yucatán,Retired,2021-11-26 09:25:50.302474044,652299.3562946015
C04052,retail,18,F,Baja California Sur,Student,2020-12-29 06:56:37.241962795,234044.75666728042
C04053,retail,37,F,Nuevo León,Student,2024-06-23 12:49:45.181160357,243631.0131647214
C04054,retail,18,M,Sonora,Student,2023-10-07 17:19:28.479723593,213157.5599138811
C04055,retail,32,M,Zacatecas,Accountant,2024-02-26 09:33:39.914107344,1073996.5880728886
C04056,retail,36,M,Durango,Sales,2020-02-06 23:40:42.399640352,647287.1133492602
C04057,retail,58,F,Tamaulipas,Teacher,2025-05-16 10:31:36.156900649,300277.6722364074
C04058,retail,46,F,Tabasco,Retired,2025-02-15 11:06:45.263433001,370551.87705331447
C04059,retail,32,M,Michoacán,Sales,2020-06-21 14:13:04.749927462,899576.9338706192
C04060,corporate,54,M,Jalisco,Student,2023-11-11 14:19:24.051653545,296973.95363594097
C04061,retail,42,F,Colima,Lawyer,2022-02-08 08:40:46.538431648,1253540.3165318565
C04062,retail,42,M,Guanajuato,Doctor,2022-11-18 17:44:23.978190762,1194882.6531761843
C04063,retail,27,F,Yucatán,Lawyer,2021-02-09 20:38:15.084775314,1681907.0976155514
C04064,retail,30,M,Nuevo León,Engineer,2025-03-10 10:05:59.614753151,995996.8668858832
C04065,retail,32,F,Baja California,Engineer,2023-07-23 13:49:04.588912613,1152552.4026076044
C04066,retail,42,F,Chiapas,Student,2022-02-07 21:38:26.892716131,237496.43605820986
C04067,retail,42,M,Guanajuato,Engineer,2025-04-20 07:52:21.573257603,1183131.477830538
C04068,SME,60,M,Coahuila,Accountant,2022-07-01 04:25:39.073165012,777685.3889715468
C04069,retail,46,M,Colima,Government Employee,2020-03-26 08:05:29.911919394,751387.9233123716
C04070,retail,18,M,Morelos,Student,2023-12-03 07:45:29.678586668,189908.10587744432
C04071,retail,45,M,Guerrero,Doctor,2021-09-21 19:24:39.404509459,1228141.6781940563
C04072,retail,24,F,Nayarit,Government Employee,2025-07-29 13:08:17.094896851,837443.9303249825
C04073,retail,30,M,Tlaxcala,Teacher,2024-02-25 00:23:41.174236485,475722.17783991195
C04074,retail,32,M,Coahuila,Accountant,2023-04-04 04:06:07.814167292,751707.2493877185
C04075,retail,34,F,Ciudad de México,Freelancer,2024-11-28 10:32:59.102566879,593327.8144648066
C04076,retail,25,F,Nuevo León,Teacher,2020-10-19 04:59:43.468641872,687617.5719506947
C04077,retail,44,M,Jalisco,Government Employee,2020-05-17 07:24:34.035671312,633637.4420486726
C04078,retail,25,F,San Luis Potosí,Engineer,2021-11-16 17:55:30.810609096,588348.067153215
C04079,retail,46,F,Veracruz,Consultant,2024-08-01 21:19:36.682619400,543308.303130158
C04080,retail,68,F,Sonora,Retired,2022-05-02 22:35:14.012652626,597611.9111505899
C04081,retail,26,M,Nuevo León,Consultant,2022-05-25 04:52:33.993700229,1321509.8203278412
C04082,retail,38,M,Oaxaca,Government Employee,2020-02-25 08:14:12.146820362,301939.3565265928
C04083,retail,18,F,Nayarit,Student,2020-11-16 12:47:19.105273449,225903.099006404
C04084,retail,38,F,Sinaloa,Retired,2021-06-14 07:22:46.850009583,661323.0856212055
C04085,retail,49,F,Veracruz,Engineer,2020-11-30 22:54:37.964711551,1163429.395991467
C04086,retail,50,M,México,Lawyer,2025-07-06 00:52:51.685502801,664271.1515740422
C04087,retail,42,F,Puebla,Accountant,2022-05-15 17:03:28.612892018,486395.8130114247
C04088,retail,52,F,Puebla,Freelancer,2025-11-25 21:22:22.383552491,204870.34990413373
C04089,retail,72,M,Campeche,Retired,2024-01-05 03:48:38.487164859,640904.0391911413
C04090,retail,62,M,Hidalgo,Consultant,2024-01-02 11:10:52.667950909,606329.4096245044
C04091,retail,35,F,Chiapas,Retired,2024-04-19 20:42:41.055096288,298555.1763991054
C04092,retail,24,F,Yucatán,Retired,2024-07-30 14:45:54.055661372,352430.41993127926
C04093,retail,37,M,Guerrero,Retired,2020-08-25 12:25:36.885717410,662763.2154899524
C04094,SME,30,F,Veracruz,Student,2021-07-04 15:38:58.219902357,262588.76910838514
C04095,retail,47,F,Morelos,Sales,2020-12-18 00:21:16.695413655,650973.5007302016
C04096,retail,27,F,Durango,Engineer,2020-05-18 19:46:35.245188402,1049260.6186281077
C04097,retail,41,F,Veracruz,Government Employee,2021-03-18 08:28:22.746207630,785299.8416342635
C04098,retail,52,F,Sonora,Accountant,2020-11-06 12:04:24.424615935,922149.5204036495
C04099,retail,40,M,Guerrero,Student,2020-03-11 01:31:20.390499579,188838.84630019436
C04100,retail,30,M,Chihuahua,Freelancer,2021-07-04 09:09:18.646932627,789765.8862062932
C04101,retail,56,F,Tabasco,Lawyer,2022-02-02 20:31:12.412626147,1503849.4979143417
C04102,retail,19,M,Oaxaca,Student,2021-03-20 20:00:13.322746575,247879.6000986158
C04103,retail,38,F,Tamaulipas,Sales,2022-03-24 07:00:34.058881266,257666.67948181403
C04104,retail,41,F,Oaxaca,Engineer,2025-07-29 06:27:55.126986922,647784.133757905
C04105,retail,42,M,Guerrero,Engineer,2022-04-29 06:48:34.670754263,1174030.9608468907
C04106,retail,44,F,Hidalgo,Doctor,2020-06-07 00:01:53.914949782,1293286.9533394417
C04107,SME,49,F,Puebla,Engineer,2020-05-09 08:08:53.971056045,981954.1191210616
C04108,retail,41,M,Veracruz,Lawyer,2021-12-11 01:39:49.653816736,1392303.5904344125
C04109,retail,37,M,Morelos,Doctor,2020-12-31 01:01:19.088916716,889465.7279362583
C04110,retail,37,F,Oaxaca,Business Owner,2021-05-23 22:51:05.092946496,717555.9623481389
C04111,retail,34,M,Durango,Consultant,2022-07-19 01:48:57.859741123,1160978.9177599614
C04112,retail,51,F,Nuevo León,Retired,2020-05-09 10:25:05.425112253,449946.4265047945
C04113,retail,34,M,Chiapas,Business Owner,2021-03-28 03:08:48.057917339,4190764.2518280735
C04114,retail,52,M,Zacatecas,Consultant,2024-09-14 04:14:34.624323258,772351.4561035848
C04115,retail,42,M,Sonora,Accountant,2024-01-08 03:55:33.784829328,592578.0892805848
C04116,retail,35,F,Chiapas,Engineer,2021-03-16 07:39:54.590206717,554769.7104248896
C04117,SME,49,M,Colima,Accountant,2023-11-01 18:59:40.909263057,679912.9245766101
C04118,retail,33,M,Veracruz,Engineer,2024-10-24 21:27:25.536891549,679193.0799346113
C04119,retail,49,F,Morelos,Sales,2023-04-14 17:35:30.205921226,420882.5615947325
C04120,retail,44,M,Baja California Sur,Student,2022-03-16 16:11:25.314075426,210486.62450732122
C04121,retail,34,M,Puebla,Business Owner,2025-02-24 04:09:55.341805081,1695529.8208585358
C04122,retail,48,M,Michoacán,Engineer,2024-09-18 16:12:28.194590956,723855.4409969392
C04123,retail,48,M,Zacatecas,Student,2024-11-21 09:32:48.005440351,244403.3564639925
C04124,SME,55,F,Tabasco,Freelancer,2023-06-03 02:44:07.714503482,637710.7148553578
C04125,retail,53,M,Nuevo León,Retired,2021-10-06 01:19:47.521041351,278551.19599849236
C04126,retail,47,M,Chihuahua,Freelancer,2022-03-11 05:41:06.147616558,625860.2896196353
C04127,retail,28,F,Durango,Government Employee,2022-03-01 19:02:07.759570809,892395.6244370644
C04128,SME,71,F,Michoacán,Retired,2021-12-04 02:12:32.307276040,295316.95356436394
C04129,retail,25,F,Hidalgo,Engineer,2024-12-13 20:26:52.037876593,1161054.063893758
C04130,retail,53,F,Baja California Sur,Sales,2023-07-25 09:13:48.243181941,450584.0495876126
C04131,retail,47,F,Querétaro,Freelancer,2023-12-06 16:04:29.543623266,214535.64393713206
C04132,retail,27,F,Colima,Lawyer,2024-10-16 20:10:25.818369618,903786.9480327596
C04133,retail,40,F,Oaxaca,Business Owner,2024-10-24 10:19:08.056994154,999536.4380448454
C04134,retail,41,F,Colima,Doctor,2022-01-04 13:56:14.557259204,1196467.5086210165
C04135,retail,57,F,Coahuila,Doctor,2025-05-10 22:59:36.606541788,1021427.9056105122
C04136,retail,33,M,Tabasco,Student,2021-10-10 07:16:35.755764988,276826.00054757437
C04137,retail,38,F,Guanajuato,Business Owner,2022-07-21 05:43:35.217878751,3850288.611557222
C04138,retail,18,F,Tlaxcala,Student,2025-12-15 06:48:32.297546601,236232.0437348726
C04139,retail,62,F,Yucatán,Doctor,2020-06-19 08:31:15.525887529,1192421.688190524
C04140,retail,29,M,Oaxaca,Engineer,2020-03-27 04:43:38.694010463,926139.3294563151
C04141,retail,45,M,Baja California Sur,Consultant,2024-09-01 04:13:35.438627662,906057.3017979299
C04142,retail,40,M,Puebla,Doctor,2024-09-15 04:29:50.667155248,897563.6006123044
C04143,retail,40,F,Puebla,Retired,2024-02-12 03:22:22.710081107,419433.84374327655
C04144,retail,51,M,Zacatecas,Engineer,2020-08-15 05:19:46.732844878,566400.377137332
C04145,SME,62,M,Veracruz,Accountant,2022-07-22 11:23:48.790199734,620404.6776471473
C04146,retail,45,M,Coahuila,Lawyer,2020-12-27 17:26:01.087166378,1263123.1455354202
C04147,retail,49,M,Guanajuato,Consultant,2024-12-22 08:27:47.627337043,1310169.3263097252
C04148,retail,45,F,Morelos,Sales,2023-01-18 04:26:51.008740882,328398.81399889063
C04149,retail,54,F,Sinaloa,Teacher,2024-08-23 03:23:18.015336007,303335.64834070316
C04150,retail,36,M,Nayarit,Lawyer,2025-01-16 01:05:35.167161097,706732.3632723397
C04151,retail,54,F,Sinaloa,Retired,2021-02-11 21:12:50.602782306,266267.5550279324
C04152,retail,55,M,Ciudad de México,Consultant,2021-05-04 11:41:53.410921547,1100703.7345798167
C04153,retail,54,M,Hidalgo,Accountant,2020-09-21 00:22:29.624869146,672825.5200709326
C04154,retail,34,F,Tlaxcala,Student,2023-01-20 20:26:42.745536791,208994.08545191534
C04155,retail,39,F,Veracruz,Teacher,2022-01-12 12:07:54.727104904,386177.9993104035
C04156,retail,44,F,México,Freelancer,2024-09-09 06:38:03.043985388,596420.3128783229
C04157,retail,25,M,Nuevo León,Consultant,2021-07-05 23:41:12.472545455,629860.4539076986
C04158,retail,61,F,México,Retired,2021-02-10 09:48:10.196074726,346439.3205569723
C04159,SME,41,M,Coahuila,Freelancer,2024-08-06 09:45:23.067801988,605692.3105464634
C04160,retail,45,M,Baja California Sur,Business Owner,2024-05-05 10:31:10.869631712,1107768.7260773026
C04161,retail,35,M,San Luis Potosí,Business Owner,2024-05-31 17:29:32.752314950,4315499.633873498
C04162,retail,26,F,Colima,Teacher,2022-12-22 16:26:38.072980328,570408.0752012071
C04163,retail,34,M,Hidalgo,Student,2024-12-19 12:35:18.033934671,225974.6929808262
C04164,retail,44,M,Michoacán,Retired,2024-12-30 16:05:49.555580052,317679.38955130277
C04165,retail,50,F,Baja California Sur,Government Employee,2021-04-20 11:41:17.664884622,435931.31249542587
C04166,retail,43,M,Puebla,Consultant,2021-04-06 16:37:09.360532209,680134.4972112008
C04167,retail,46,M,Yucatán,Freelancer,2024-06-22 19:21:22.818912647,360083.9873573605
C04168,retail,37,M,Quintana Roo,Accountant,2023-10-07 12:11:58.835828983,695760.3197932476
C04169,retail,47,M,Aguascalientes,Doctor,2022-06-26 18:20:12.366846885,971965.5113615821
C04170,retail,59,F,Baja California Sur,Doctor,2024-10-19 19:06:16.956158357,1419205.8183813337
C04171,retail,50,F,Michoacán,Sales,2023-03-30 07:07:39.476890485,874604.6354509599
C04172,corporate,51,M,Aguascalientes,Engineer,2022-03-30 21:35:52.240301619,983956.2218088433
C04173,retail,45,M,Nayarit,Government Employee,2024-07-23 21:07:23.789166598,866133.5853739273
C04174,retail,23,F,Jalisco,Consultant,2024-12-14 12:16:01.272656210,882679.5584882179
C04175,retail,29,F,Veracruz,Retired,2025-07-16 16:42:14.510743229,549261.4533951296
C04176,corporate,47,F,Coahuila,Sales,2025-09-04 12:38:46.571618060,287699.182407136
C04177,retail,41,M,Quintana Roo,Retired,2020-06-14 18:44:17.113652493,682098.1986051335
C04178,retail,47,M,Baja California Sur,Doctor,2025-11-13 09:06:46.674753807,1269145.5459218244
C04179,retail,62,F,Yucatán,Government Employee,2025-10-03 05:56:44.288026029,521796.1368822597
C04180,retail,50,F,Tlaxcala,Doctor,2022-01-22 03:59:54.525347425,1341129.8641902935
C04181,retail,57,M,Querétaro,Government Employee,2024-11-08 00:07:30.042455854,311059.6302422416
C04182,retail,43,M,Michoacán,Business Owner,2022-08-29 04:31:58.304754219,2317816.1884150035
C04183,retail,32,M,Tlaxcala,Business Owner,2023-06-26 06:19:53.586175089,4551329.27640477
C04184,retail,41,M,Chihuahua,Lawyer,2022-09-24 21:58:52.261582425,915839.7388934416
C04185,retail,32,F,Nayarit,Consultant,2025-08-04 10:15:44.993469762,1501872.1360329068
C04186,retail,60,F,Tlaxcala,Student,2025-06-23 18:13:25.741051917,223212.8019916455
C04187,retail,51,M,Sinaloa,Consultant,2022-12-18 20:57:56.698957602,1088546.8958943768
C04188,retail,48,M,Hidalgo,Teacher,2022-04-28 11:24:45.604812163,598375.5659988439
C04189,retail,56,F,San Luis Potosí,Engineer,2024-06-10 23:29:58.205294936,1137145.1089438375
C04190,retail,18,M,Baja California,Student,2024-04-14 19:20:49.299861748,200006.38947437212
C04191,retail,49,F,Guerrero,Teacher,2020-07-26 06:21:02.532171352,410757.1203943275
C04192,retail,26,F,Zacatecas,Consultant,2025-08-10 09:24:37.691742259,1231678.2617191328
C04193,retail,41,F,Zacatecas,Consultant,2022-07-06 01:24:35.934881741,1420724.7126774825
C04194,retail,38,F,Campeche,Sales,2025-07-07 03:40:01.573066613,554062.0910989232
C04195,retail,49,F,Zacatecas,Student,2021-06-30 21:15:02.696396574,276664.2489205521
C04196,retail,44,F,Ciudad de México,Doctor,2022-12-26 23:59:43.104883320,1337667.1873252087
C04197,retail,58,M,Oaxaca,Freelancer,2024-07-09 18:24:13.720204331,605243.3272785165
C04198,retail,34,F,Quintana Roo,Sales,2020-10-20 04:29:27.002102092,276397.75784122257
C04199,retail,50,M,Chiapas,Student,2022-03-28 02:23:49.210530038,203339.75995446433
C04200,retail,43,M,Durango,Retired,2022-08-25 06:59:13.750163920,469129.1790968096
C04201,retail,22,M,Chihuahua,Student,2024-07-11 10:29:20.991456219,291302.5783132047
C04202,retail,30,F,Aguascalientes,Business Owner,2024-11-18 23:37:25.932681583,3140549.3610322042
C04203,retail,40,M,Oaxaca,Lawyer,2024-05-25 13:40:26.476626276,1236474.4181269505
C04204,SME,55,F,Chiapas,Doctor,2025-01-19 16:03:07.955084895,1306779.754282149
C04205,retail,47,F,Chihuahua,Business Owner,2025-04-28 06:23:06.309272436,1354868.4293675842
C04206,retail,27,M,Querétaro,Engineer,2023-06-18 12:37:06.906641127,602843.0746155842
C04207,retail,40,F,Puebla,Business Owner,2024-02-20 08:42:26.841101745,2185199.5956133083
C04208,retail,66,F,Nuevo León,Retired,2020-09-05 00:15:38.033636718,697684.6790485268
C04209,retail,43,F,Guanajuato,Doctor,2023-08-06 15:32:28.530589972,1413160.1586914123
C04210,retail,38,M,México,Doctor,2020-10-11 03:08:11.526971445,1276080.4104182648
C04211,retail,47,F,Baja California,Teacher,2024-10-15 10:52:46.658386574,456462.36030011135
C04212,retail,51,F,México,Engineer,2024-01-19 17:27:50.819760203,888272.3232976744
C04213,retail,36,M,Coahuila,Consultant,2023-09-05 04:07:18.478356293,955331.4804177
C04214,retail,48,M,Morelos,Accountant,2023-10-24 13:27:59.288529317,872015.5828372492
C04215,retail,38,M,Guerrero,Business Owner,2023-03-30 00:57:19.900435685,2501036.7635428286
C04216,retail,50,F,Guerrero,Business Owner,2021-05-27 01:00:49.235358959,1216928.4654574268
C04217,retail,44,M,Chiapas,Sales,2025-07-28 07:26:03.162253817,389807.38525169285
C04218,retail,47,M,Oaxaca,Consultant,2022-08-14 10:10:19.129731505,1413039.7956979633
C04219,retail,32,F,Coahuila,Government Employee,2022-06-23 03:43:56.187857441,786195.9864484094
C04220,retail,32,M,Baja California,Sales,2022-05-03 05:46:37.298082640,312414.1780338694
C04221,retail,53,F,Tabasco,Consultant,2024-01-19 11:27:02.813684277,1712512.2739491963
C04222,retail,41,M,Hidalgo,Business Owner,2021-12-14 20:15:41.655134711,4244694.583781556
C04223,retail,45,F,San Luis Potosí,Student,2025-02-01 05:49:53.654620049,266770.5527951573
C04224,retail,38,M,Ciudad de México,Accountant,2023-03-20 06:20:57.800619403,878512.657700798
C04225,retail,52,F,Tlaxcala,Engineer,2025-02-22 10:33:57.597317198,662308.2420853408
C04226,retail,34,F,México,Business Owner,2024-09-11 03:50:51.124660532,4654375.35800034
C04227,retail,40,F,Tamaulipas,Teacher,2020-09-24 10:34:05.486546790,407429.69064116245
C04228,retail,51,F,Sonora,Consultant,2021-03-20 04:32:57.872271525,773757.1414808265
C04229,retail,56,M,México,Accountant,2024-02-11 15:26:00.481255373,846974.464226801
C04230,retail,35,M,Aguascalientes,Business Owner,2025-07-12 20:08:44.283385240,2265648.8323698505
C04231,retail,65,M,Puebla,Business Owner,2025-10-29 14:17:06.615415437,4712021.6970744515
C04232,retail,45,F,Oaxaca,Retired,2024-01-06 00:25:38.197779550,457112.7840558662
C04233,retail,29,F,Puebla,Accountant,2025-01-22 17:44:09.873540358,514603.1438543508
C04234,SME,46,M,Sinaloa,Sales,2022-10-21 13:15:41.301738125,872394.5783353004
C04235,retail,37,F,Yucatán,Government Employee,2025-08-29 18:40:11.019766002,660804.2550187793
C04236,retail,47,F,Tamaulipas,Freelancer,2021-12-08 21:24:21.727667307,718559.4433768543
C04237,retail,41,M,Baja California Sur,Consultant,2020-09-21 00:00:45.318003492,1078704.4190692313
C04238,retail,42,F,Veracruz,Sales,2021-11-03 13:23:46.284989123,793396.7897621084
C04239,retail,31,M,Aguascalientes,Engineer,2024-01-22 05:11:26.185655768,701350.8221238271
C04240,retail,53,F,Tabasco,Government Employee,2020-06-18 14:35:24.327162610,309596.809232908
C04241,retail,28,M,Nuevo León,Business Owner,2020-08-10 06:07:11.848198082,2838295.582991295
C04242,retail,28,M,Oaxaca,Government Employee,2025-10-08 01:06:58.432845254,948121.7640365022
C04243,retail,46,M,Hidalgo,Business Owner,2022-05-02 03:15:31.832804804,1875047.0254074987
C04244,retail,61,F,México,Lawyer,2021-12-23 20:15:24.159686813,919566.7903375779
C04245,retail,37,F,Hidalgo,Lawyer,2024-10-04 23:03:07.239916951,1485720.5934327422
C04246,SME,50,M,Nayarit,Consultant,2025-02-12 00:15:25.824467690,1663300.7766296077
C04247,retail,54,F,Morelos,Sales,2025-09-16 10:24:17.371552656,533112.1850518836
C04248,retail,51,F,Aguascalientes,Doctor,2020-01-09 12:07:46.663492511,1383551.1234293962
C04249,retail,38,F,México,Government Employee,2020-05-11 10:34:53.030838385,420353.33073566237
C04250,SME,28,M,San Luis Potosí,Sales,2020-12-06 02:09:26.387776766,488566.8597099888
C04251,retail,18,M,Campeche,Student,2025-07-28 18:46:32.563712210,228513.75411592796
C04252,retail,38,F,Tamaulipas,Consultant,2021-11-19 14:25:54.755389825,969194.1526053334
C04253,retail,56,M,Baja California,Lawyer,2024-12-11 07:09:11.911914779,861285.2765605218
C04254,retail,28,M,Sonora,Government Employee,2020-06-07 21:56:05.424794676,536705.0084091338
C04255,retail,50,M,Nuevo León,Student,2021-06-03 07:23:17.584962176,182160.40002747445
C04256,retail,30,M,Colima,Accountant,2022-03-16 23:33:27.160563148,892345.7276820827
C04257,corporate,43,M,Querétaro,Student,2021-12-15 13:35:33.273669328,262075.792102872
C04258,retail,50,F,Michoacán,Retired,2025-09-29 22:35:23.958773591,452598.6007127622
C04259,retail,34,M,Colima,Lawyer,2024-06-16 15:33:00.916213043,987499.023554404
C04260,retail,44,M,Durango,Engineer,2020-07-28 06:57:47.687172285,803865.9092252502
C04261,retail,37,F,Michoacán,Government Employee,2024-01-01 02:07:26.085171292,955565.5077130601
C04262,retail,50,F,Chiapas,Business Owner,2020-07-22 22:54:05.966767379,3295329.4538315563
C04263,retail,44,F,Nuevo León,Business Owner,2024-04-04 01:03:45.704989729,3844837.189375056
C04264,retail,42,F,Chihuahua,Accountant,2025-02-10 20:01:22.933480242,560661.9512346531
C04265,retail,60,M,Durango,Accountant,2023-11-04 17:02:05.430712564,466330.67538563197
C04266,retail,49,M,San Luis Potosí,Engineer,2025-04-27 23:05:22.015790733,558229.5374813165
C04267,retail,33,F,Veracruz,Doctor,2025-05-18 02:57:32.500367409,1130413.6695238627
C04268,retail,40,F,Chiapas,Engineer,2020-07-01 10:52:45.247562289,1001681.1532240608
C04269,retail,41,F,Zacatecas,Business Owner,2023-03-04 09:52:23.475874551,4028718.419274817
C04270,SME,42,M,Puebla,Accountant,2022-12-27 21:25:13.620839843,904287.5853028137
C04271,retail,72,M,Nuevo León,Retired,2021-10-27 17:24:48.425472608,660744.0322041642
C04272,SME,46,M,Nuevo León,Lawyer,2020-04-16 13:32:32.939675590,662402.9870730693
C04273,retail,18,F,Hidalgo,Student,2024-05-29 07:20:28.263382014,282641.59396726824
C04274,retail,35,M,Tamaulipas,Retired,2023-01-07 20:15:53.946610609,547305.1286983831
C04275,retail,18,M,México,Student,2020-06-28 20:42:03.459343201,201062.58896042767
C04276,retail,38,M,Colima,Retired,2024-03-11 06:31:57.341073349,557072.0130576673
C04277,retail,18,M,Zacatecas,Student,2023-01-19 12:55:32.815287061,241411.6589760687
C04278,retail,31,M,Guanajuato,Government Employee,2021-08-28 12:44:35.912099396,551329.2316151876
C04279,retail,23,M,Yucatán,Retired,2025-03-31 02:01:45.150024168,361581.41958279815
C04280,retail,46,F,Aguascalientes,Sales,2020-07-05 03:59:12.299470903,551700.8158634633
C04281,retail,42,M,Campeche,Retired,2020-05-12 21:35:58.923724517,357609.9294677895
C04282,retail,45,F,Sinaloa,Doctor,2025-07-22 01:33:32.154028900,857993.0416219773
C04283,retail,40,M,Querétaro,Accountant,2022-06-08 06:39:36.171867077,992284.8870140497
C04284,retail,25,M,Querétaro,Consultant,2025-03-02 15:39:24.392467694,1389256.0656212713
C04285,retail,48,F,Veracruz,Accountant,2022-12-07 00:18:42.442004406,654569.1245414898
C04286,retail,65,M,Sonora,Government Employee,2020-01-30 14:24:02.854782748,612676.4331229089
C04287,retail,46,F,Tabasco,Student,2023-05-27 08:27:35.098105532,283780.14894053026
C04288,retail,36,F,Tabasco,Consultant,2024-04-06 04:43:08.694815324,979765.5781022925
C04289,retail,24,F,Hidalgo,Consultant,2022-03-23 07:47:15.150186054,1070259.951355555
C04290,retail,31,M,Coahuila,Business Owner,2025-11-08 21:23:49.870716867,3994146.5324418372
C04291,retail,47,M,Tabasco,Teacher,2024-02-17 20:14:08.818859579,380209.2448879034
C04292,retail,54,F,Coahuila,Consultant,2025-08-24 13:00:17.963321950,1488894.487767471
C04293,retail,45,M,Chihuahua,Teacher,2021-02-01 01:04:48.279824455,473729.95650752116
C04294,SME,51,M,Sinaloa,Business Owner,2020-04-19 14:36:42.462401959,2850682.332224843
C04295,retail,50,F,Colima,Government Employee,2025-01-29 02:24:48.109969566,850816.8958147158
C04296,retail,48,M,Guerrero,Freelancer,2021-11-10 20:23:33.063890813,1193133.3494472918
C04297,retail,34,M,San Luis Potosí,Government Employee,2024-03-03 14:23:26.667441478,882059.1783255533
C04298,retail,44,F,Nayarit,Lawyer,2023-06-04 00:18:33.717956100,792652.9201790914
C04299,retail,31,F,Quintana Roo,Sales,2020-10-20 19:56:14.865783538,395958.91745808773
C04300,retail,42,F,México,Retired,2021-06-01 16:00:43.767308081,434469.12464306457
C04301,retail,45,M,Tamaulipas,Government Employee,2024-03-12 06:40:40.902859888,803459.2831572384
C04302,SME,62,F,Michoacán,Consultant,2021-08-06 04:00:04.836825714,1264057.2573515126
C04303,retail,26,M,Aguascalientes,Lawyer,2024-01-07 09:28:50.855535795,1682161.7121072602
C04304,retail,47,M,Durango,Business Owner,2023-04-26 03:48:32.946982239,909304.6142784492
C04305,retail,59,F,México,Retired,2025-06-27 12:27:14.247230109,366332.89898282767
C04306,retail,51,M,San Luis Potosí,Engineer,2024-07-16 12:16:00.897238246,653490.3339731646
C04307,retail,51,M,Zacatecas,Government Employee,2025-09-08 18:49:53.935884737,820920.4074275137
C04308,retail,49,F,Hidalgo,Consultant,2021-04-03 03:46:12.541974114,1197157.787055481
C04309,retail,57,F,Nuevo León,Teacher,2024-12-06 23:07:07.854255415,306005.231294107
C04310,retail,28,F,Tabasco,Retired,2024-10-20 20:15:32.696254054,598047.3120297275
C04311,retail,25,F,Hidalgo,Accountant,2024-02-20 13:03:42.387729007,653262.5710750263
C04312,SME,41,F,Ciudad de México,Lawyer,2022-03-25 16:10:51.776080816,912552.6906150959
C04313,retail,18,M,Yucatán,Student,2023-10-10 17:21:16.589854855,201926.30456725243
C04314,retail,56,F,Puebla,Accountant,2023-04-20 03:38:18.328835058,1062209.4767200851
C04315,SME,56,M,Michoacán,Engineer,2025-02-25 14:02:37.947164085,1159427.5613856548
C04316,retail,36,M,Quintana Roo,Retired,2021-10-04 23:27:55.186503835,284448.8762346607
C04317,retail,37,F,Jalisco,Student,2021-11-12 02:30:31.360613456,207932.31592571005
C04318,retail,41,M,Quintana Roo,Doctor,2022-01-15 14:42:15.277895326,1252284.1715773146
C04319,retail,42,M,Ciudad de México,Government Employee,2021-07-19 02:08:50.882477452,769297.9312894783
C04320,retail,43,M,Nayarit,Doctor,2024-09-24 10:11:59.868175596,1092370.6383627637
C04321,retail,48,M,Campeche,Doctor,2024-02-29 19:27:44.622212510,1197957.4689784078
C04322,SME,39,F,Guerrero,Business Owner,2025-09-29 11:53:08.378454362,3721312.2104321253
C04323,retail,53,F,San Luis Potosí,Teacher,2022-03-26 14:30:16.759353379,680204.6321365505
C04324,retail,47,F,Chiapas,Retired,2022-06-14 02:52:43.051206084,576299.9556794527
C04325,retail,34,F,Guanajuato,Lawyer,2022-09-03 15:41:30.211937505,732324.8674176922
C04326,SME,58,F,Chiapas,Business Owner,2024-09-17 19:09:11.749733153,3786741.15878969
C04327,retail,25,F,Nuevo León,Student,2020-08-06 08:13:56.784387644,188127.22715102544
C04328,corporate,40,F,Puebla,Accountant,2022-02-08 12:21:12.490598127,751755.5684126543
C04329,retail,53,F,Zacatecas,Student,2020-12-25 15:10:10.095149061,243227.95580598796
C04330,retail,33,F,Tlaxcala,Lawyer,2021-04-24 06:35:39.919005443,1533918.4251119925
C04331,retail,45,F,Coahuila,Government Employee,2022-03-06 20:28:10.591605044,308091.0661423125
C04332,retail,48,F,Campeche,Teacher,2020-02-29 04:44:01.637341691,649901.7015921746
C04333,retail,31,F,Colima,Doctor,2024-12-12 04:37:24.193717925,1264719.9746803506
C04334,retail,41,M,Veracruz,Sales,2021-10-22 23:05:38.330585889,270274.08367927204
C04335,retail,40,F,Tabasco,Government Employee,2022-10-26 02:05:30.344348646,412021.3531902217
C04336,retail,35,F,Chihuahua,Sales,2022-09-26 22:32:31.997401577,275686.43400248414
C04337,retail,69,F,Chihuahua,Retired,2022-07-13 22:33:37.104992806,594673.5861427331
C04338,SME,32,F,Querétaro,Freelancer,2024-05-30 19:03:39.457061025,370905.2633137561
C04339,retail,54,M,Campeche,Freelancer,2025-03-11 01:50:17.692353782,245600.02926650597
C04340,retail,37,M,Jalisco,Business Owner,2022-05-08 22:02:17.823036056,1293347.3848350616
C04341,retail,28,M,Yucatán,Freelancer,2022-06-14 00:34:36.059407197,759557.5634779504
C04342,retail,43,F,Baja California Sur,Consultant,2023-01-21 12:36:32.519851717,1243230.2833855057
C04343,retail,49,M,Durango,Lawyer,2020-05-04 22:02:13.456095223,895509.0698464573
C04344,retail,53,M,Querétaro,Student,2024-09-22 20:49:51.686790862,293153.1766233762
C04345,retail,60,F,Chihuahua,Student,2020-12-27 00:24:54.734462517,282577.9186911032
C04346,retail,77,F,Nayarit,Retired,2021-04-23 19:33:35.926950989,391507.73729079345
C04347,retail,45,F,Veracruz,Business Owner,2022-04-18 09:12:21.122037528,2740659.782049631
C04348,retail,34,F,Durango,Doctor,2021-05-26 03:46:38.742475261,1161776.75141583
C04349,retail,47,F,Ciudad de México,Doctor,2022-05-31 12:53:24.750319364,1329323.7986158766
C04350,retail,38,F,Michoacán,Teacher,2022-06-13 11:34:51.538044539,471179.0498828725
C04351,retail,53,F,Oaxaca,Consultant,2020-02-25 01:27:48.077561765,1319706.6944577377
C04352,retail,26,M,Campeche,Business Owner,2020-10-23 03:16:05.880081424,2474032.338966337
C04353,retail,70,M,Sonora,Retired,2021-01-23 10:19:58.855746835,593270.1278748107
C04354,SME,52,F,Tlaxcala,Freelancer,2023-02-11 11:35:42.830674208,755934.5420219899
C04355,retail,21,F,Tamaulipas,Student,2024-09-13 17:35:35.957132767,279334.5009978707
C04356,retail,33,F,Guanajuato,Teacher,2022-05-26 22:13:24.844835543,321494.369227676
C04357,retail,51,M,Tamaulipas,Lawyer,2023-10-06 08:33:25.541726291,1685168.5372160263
C04358,retail,56,M,Guerrero,Engineer,2024-02-16 06:17:47.480102363,1073574.130874361
C04359,retail,26,F,Zacatecas,Teacher,2021-06-14 16:33:26.203234019,627402.696962537
C04360,retail,50,M,San Luis Potosí,Business Owner,2023-07-17 22:35:01.347742405,1303328.149406637
C04361,retail,18,M,Nuevo León,Student,2024-11-25 04:15:55.106443218,211617.00845458513
C04362,retail,40,M,Durango,Government Employee,2023-01-19 23:52:58.389176769,986184.1182412985
C04363,retail,55,F,Coahuila,Doctor,2021-03-26 15:11:22.973651811,1465193.4920875654
C04364,retail,35,F,Coahuila,Teacher,2021-05-09 05:45:33.700833274,390618.09582044405
C04365,retail,23,F,Nayarit,Doctor,2021-11-10 16:39:34.654076952,1103032.302012161
C04366,retail,43,F,Baja California Sur,Lawyer,2021-08-25 12:31:38.244512332,787131.8849686247
C04367,retail,34,F,Yucatán,Government Employee,2025-05-27 21:37:21.218138548,483846.9829619257
C04368,retail,49,F,Zacatecas,Government Employee,2024-02-13 16:37:12.543960432,429310.1300004843
C04369,retail,31,F,Guerrero,Accountant,2024-09-23 15:02:08.210602094,456656.0030116794
C04370,retail,32,M,Jalisco,Student,2023-12-09 14:26:51.414510797,249538.04338663397
C04371,retail,18,M,Oaxaca,Student,2025-10-14 19:39:52.778650589,208894.52391529555
C04372,retail,44,F,Baja California,Teacher,2024-11-02 21:27:03.484960745,696897.1734268472
C04373,retail,40,M,Veracruz,Freelancer,2021-03-28 11:57:57.034438105,715440.2663700297
C04374,retail,27,F,Ciudad de México,Doctor,2020-12-27 00:45:30.206274099,1051366.3834013122
C04375,retail,44,F,Durango,Lawyer,2023-04-26 03:03:55.427904565,1695795.51884554
C04376,retail,54,F,Tabasco,Business Owner,2025-02-07 06:38:31.958115174,3369209.1820505047
C04377,retail,39,F,Chihuahua,Sales,2024-04-27 00:32:59.000285689,332601.3595374808
C04378,retail,45,M,Morelos,Sales,2021-05-09 10:26:25.405393476,573583.794553491
C04379,retail,45,M,México,Government Employee,2025-07-15 09:44:36.916302686,608755.8466128719
C04380,retail,27,F,Aguascalientes,Business Owner,2025-07-15 02:18:09.718540286,3990068.659287504
C04381,retail,66,M,San Luis Potosí,Retired,2025-05-23 02:38:52.585395299,562200.6460436464
C04382,retail,36,M,Tabasco,Student,2021-11-02 17:49:43.477172641,224495.3291230417
C04383,retail,49,F,Querétaro,Retired,2024-06-01 05:51:40.297386023,461266.163919194
C04384,retail,51,F,Hidalgo,Teacher,2021-07-15 00:29:44.178156234,507515.7441775331
C04385,retail,40,F,Durango,Engineer,2021-10-09 19:16:07.074295701,795723.0744025572
C04386,retail,49,F,Guerrero,Lawyer,2020-04-18 23:40:26.651764915,729265.7565596716
C04387,SME,44,M,Quintana Roo,Consultant,2023-07-23 09:38:38.723910589,1858169.7250796868
C04388,retail,24,F,Querétaro,Teacher,2024-04-09 07:49:06.929739067,569024.669077778
C04389,retail,38,M,Michoacán,Sales,2023-02-24 12:02:21.271914704,555318.6313784225
C04390,retail,34,F,Baja California,Doctor,2020-09-07 12:24:20.642109982,1198711.4316613462
C04391,retail,36,M,Baja California Sur,Retired,2020-09-10 22:21:23.183148778,345923.84093294846
C04392,retail,26,F,Colima,Student,2023-10-10 01:16:05.462540674,243667.29048976244
C04393,retail,55,F,Oaxaca,Business Owner,2022-07-21 23:53:53.961550430,3907920.190124086
C04394,retail,61,F,Tlaxcala,Consultant,2021-12-22 10:03:09.131220861,1300512.080444632
C04395,SME,53,F,México,Business Owner,2024-09-19 12:53:37.888166253,2766861.5830888404
C04396,retail,57,M,San Luis Potosí,Business Owner,2023-11-30 04:19:48.784110717,2688258.845502852
C04397,retail,37,M,Nuevo León,Accountant,2021-09-20 15:26:30.782868655,933136.7168744822
C04398,retail,34,F,Nayarit,Student,2021-08-09 14:34:14.059025368,270401.5136901486
C04399,retail,32,F,Quintana Roo,Lawyer,2023-10-02 18:43:46.235359036,1500085.023601904
C04400,retail,49,F,Aguascalientes,Accountant,2023-05-08 17:45:44.700213440,572319.2447085503
C04401,retail,44,M,Tabasco,Doctor,2024-09-02 23:53:56.354151277,1232527.095400633
C04402,retail,41,F,Nuevo León,Doctor,2022-07-17 15:47:02.045282432,1345235.8980141706
C04403,retail,57,M,Baja California,Teacher,2025-11-05 10:41:11.760834534,524758.2696397449
C04404,retail,46,F,Chiapas,Accountant,2023-02-17 11:50:06.409891010,945284.92288181
C04405,corporate,31,M,Nayarit,Freelancer,2021-01-29 17:26:21.592245146,1054404.2527219248
C04406,retail,33,F,Michoacán,Teacher,2023-03-30 19:10:42.780461983,369556.1977142858
C04407,SME,50,M,Durango,Government Employee,2020-06-26 14:57:08.115425514,514438.88422783907
C04408,retail,54,F,Puebla,Lawyer,2025-11-27 04:50:32.729025116,1321572.174055119
C04409,retail,48,M,Tlaxcala,Government Employee,2025-03-12 04:22:36.792588652,502775.1601210784
C04410,retail,64,M,Baja California Sur,Freelancer,2025-02-05 11:43:30.207191779,1141386.3191562444
C04411,retail,61,F,Sinaloa,Engineer,2021-11-29 17:11:51.789323715,635894.1620865845
C04412,retail,47,M,Durango,Teacher,2021-10-08 20:25:22.819786206,442779.5481038923
C04413,retail,31,F,Sinaloa,Consultant,2022-11-02 06:45:18.810193154,1991460.448158548
C04414,retail,26,M,San Luis Potosí,Engineer,2020-10-18 03:32:53.755579444,632427.411432774
C04415,retail,37,F,Hidalgo,Teacher,2025-10-22 11:13:09.125227201,479527.53204078967
C04416,retail,51,M,Puebla,Lawyer,2024-05-15 13:39:19.292539128,976539.0722746232
C04417,retail,63,M,Durango,Engineer,2023-05-23 11:48:49.260875982,1066860.2431836673
C04418,retail,47,F,Guanajuato,Sales,2020-08-23 00:36:53.991781590,447696.00985252694
C04419,retail,56,M,Coahuila,Engineer,2020-02-03 18:19:49.337491007,613000.4296082944
C04420,retail,39,M,Baja California,Doctor,2022-01-11 09:03:35.521190126,1453195.5243893845
C04421,retail,49,F,Nuevo León,Teacher,2023-06-29 01:59:55.977396741,426961.2678750064
C04422,SME,51,F,Tamaulipas,Teacher,2022-04-17 18:35:17.783785044,596699.7539737662
C04423,retail,18,M,Zacatecas,Student,2024-10-25 10:46:17.969461362,214868.41759776705
C04424,retail,37,F,Tabasco,Retired,2022-10-26 07:48:37.925031445,330361.91274825
C04425,retail,53,F,Nayarit,Doctor,2022-03-23 14:19:19.858164984,1361689.330208031
C04426,retail,45,M,Sonora,Freelancer,2020-05-08 00:21:34.034701348,255582.0428852138
C04427,retail,27,F,Guanajuato,Sales,2020-03-22 08:35:50.038536656,465782.6890459558
C04428,retail,18,F,Morelos,Student,2023-10-26 20:26:51.074710350,273610.58019147965
C04429,retail,37,M,Baja California Sur,Consultant,2024-08-03 06:56:58.269221674,1268206.7945278548
C04430,retail,41,M,Oaxaca,Government Employee,2024-04-13 01:02:51.887015770,782702.3618552508
C04431,retail,31,M,Guerrero,Doctor,2021-05-13 00:19:36.016061491,846771.9018724364
C04432,retail,43,F,Sinaloa,Government Employee,2021-09-19 01:44:19.255953222,824867.743485928
C04433,retail,48,M,Tamaulipas,Accountant,2025-01-29 01:55:00.854211445,520358.4558599025
C04434,SME,50,F,Baja California,Retired,2025-10-26 04:24:01.631155659,613917.6249705709
C04435,retail,18,F,Sinaloa,Student,2023-07-11 18:40:06.968192168,247701.5305985123
C04436,retail,26,M,Aguascalientes,Student,2021-06-14 07:00:41.881766589,268700.15732700954
C04437,retail,38,F,Ciudad de México,Sales,2021-05-11 12:11:14.063324299,388341.46231759957
C04438,retail,48,F,Querétaro,Freelancer,2024-05-14 00:31:16.554598043,595425.90186429
C04439,corporate,47,M,San Luis Potosí,Student,2022-10-07 17:21:42.372967057,276249.12196393963
C04440,retail,47,M,Nuevo León,Teacher,2023-08-18 21:37:25.473119416,664322.7085261038
C04441,retail,37,F,Colima,Retired,2025-11-29 10:19:02.767674729,351957.7144557936
C04442,retail,38,M,Tabasco,Engineer,2024-01-06 22:59:25.782894740,1055376.3553725295
C04443,retail,33,M,Ciudad de México,Doctor,2024-01-28 17:25:04.681548026,875988.7334095456
C04444,retail,51,M,Coahuila,Lawyer,2022-07-10 01:35:17.800361725,1110898.8195738466
C04445,retail,30,M,Campeche,Sales,2025-06-12 05:02:56.484332139,860168.72195338
C04446,SME,52,M,Querétaro,Consultant,2024-02-11 18:21:50.669228066,1917705.6736677417
C04447,retail,44,F,Michoacán,Lawyer,2025-05-08 09:26:12.206550943,956018.9391295146
C04448,retail,41,F,Chihuahua,Consultant,2023-06-06 22:41:00.688794763,789370.3027862903
C04449,retail,34,M,Nayarit,Teacher,2021-04-07 09:11:25.393935133,359794.6976717841
C04450,retail,25,M,Baja California,Doctor,2021-08-26 19:52:43.434398482,1136613.158374926
C04451,retail,34,M,Guanajuato,Doctor,2025-07-11 20:12:45.402070941,864453.8704281192
C04452,retail,38,M,Chiapas,Sales,2021-09-21 00:13:09.659324013,481954.84094887454
C04453,retail,18,M,Morelos,Student,2023-12-28 13:58:06.171915012,182041.35100253383
C04454,retail,39,M,Chiapas,Accountant,2025-06-23 07:59:04.997815490,581578.9370870988
C04455,retail,53,F,Sonora,Consultant,2025-07-20 19:34:49.965380289,1850416.2531205013
C04456,retail,48,M,Yucatán,Lawyer,2024-08-02 04:18:13.169247187,1136374.5189778684
C04457,retail,36,M,Baja California Sur,Lawyer,2023-06-23 03:26:32.499098919,688494.6086249008
C04458,retail,42,M,Nuevo León,Retired,2022-03-24 16:03:15.625482676,541077.2013741925
C04459,retail,35,M,Colima,Business Owner,2020-10-18 13:41:51.284274883,4809225.266605569
C04460,retail,43,F,Guanajuato,Freelancer,2020-03-18 14:59:00.246029940,663408.0882132932
C04461,retail,60,M,Baja California Sur,Student,2020-07-10 06:39:23.350212391,254915.16754878598
C04462,retail,53,F,Baja California Sur,Lawyer,2020-11-26 12:57:29.016524644,1703302.5276110822
C04463,corporate,48,M,Aguascalientes,Consultant,2020-01-16 21:22:03.372040501,1128649.5549433653
C04464,retail,36,F,Veracruz,Doctor,2025-11-28 16:36:57.334037458,1265211.428631256
C04465,retail,50,F,San Luis Potosí,Engineer,2023-11-08 11:51:37.067221851,808493.4326989332
C04466,retail,21,M,Hidalgo,Student,2022-12-12 16:09:34.525894523,295456.6793140599
C04467,retail,38,M,Yucatán,Retired,2024-12-17 05:25:57.558896188,476711.2116390412
C04468,retail,49,F,Veracruz,Teacher,2023-03-15 04:43:29.777875084,654262.043556667
C04469,SME,50,M,Durango,Lawyer,2025-10-13 15:34:14.444928224,1208638.7053325032
C04470,retail,50,F,Sonora,Lawyer,2021-02-19 06:43:31.665343852,1402063.9677400016
C04471,SME,45,M,Chihuahua,Freelancer,2021-04-13 18:06:41.645288263,586141.873333002
C04472,corporate,39,M,Guanajuato,Engineer,2024-01-10 19:20:38.741535992,1142289.4642634238
C04473,retail,48,M,Colima,Freelancer,2023-02-12 06:32:14.131563968,846942.7939305408
C04474,retail,30,F,Nuevo León,Teacher,2022-09-23 13:54:00.286156717,307964.9518657609
C04475,retail,31,M,Veracruz,Student,2020-02-09 07:18:31.911846649,181876.9564631223
C04476,retail,42,M,Guanajuato,Sales,2024-08-13 21:46:40.038648352,689516.0631334457
C04477,retail,44,F,Chihuahua,Engineer,2025-06-11 14:31:01.095441555,579988.3178562537
C04478,retail,20,M,Yucatán,Student,2020-01-11 07:52:00.454442952,265940.4456883967
C04479,retail,47,M,Guerrero,Consultant,2023-05-22 10:53:39.268314752,983025.491693258
C04480,retail,51,M,Nayarit,Business Owner,2024-10-22 02:18:26.870083025,3017355.1547133066
C04481,retail,41,F,Baja California Sur,Sales,2020-06-21 09:58:57.159553706,363359.906296432
C04482,retail,70,F,Hidalgo,Retired,2020-01-13 13:50:39.011415525,360800.0555038884
C04483,retail,33,M,Campeche,Student,2020-03-21 05:03:39.847289047,232430.56707909936
C04484,retail,37,M,Ciudad de México,Consultant,2021-04-22 14:41:03.203477740,1498217.0313106326
C04485,retail,37,F,Yucatán,Freelancer,2020-08-24 16:55:28.233389238,355731.79236922046
C04486,retail,41,F,Michoacán,Accountant,2020-05-17 18:57:08.246857336,596898.4763337879
C04487,retail,38,M,Guerrero,Teacher,2022-01-27 14:29:22.248205561,382785.1677187622
C04488,retail,25,M,Oaxaca,Lawyer,2020-12-30 18:04:38.464400830,1635210.0332108517
C04489,retail,35,M,Coahuila,Consultant,2020-08-09 20:09:53.290381279,1472010.3882002323
C04490,retail,40,F,Guerrero,Student,2021-03-14 15:05:07.412911031,236219.95691870505
C04491,retail,56,F,Colima,Student,2025-06-19 22:33:05.219304943,293634.1134490082
C04492,retail,68,M,Puebla,Retired,2022-03-17 01:14:21.914300570,581122.5687531908
C04493,retail,58,M,México,Accountant,2024-01-09 02:03:15.869974828,1052559.2118020714
C04494,retail,32,M,Baja California,Sales,2023-10-24 08:15:14.605290317,638436.0217396994
C04495,retail,33,M,Yucatán,Retired,2021-12-01 08:49:10.454774756,312125.74813795544
C04496,retail,40,M,Guanajuato,Government Employee,2020-05-02 01:53:18.443382187,772799.6499387628
C04497,retail,63,F,San Luis Potosí,Government Employee,2023-08-06 18:44:50.070302903,441044.01395095687
C04498,retail,40,M,Puebla,Government Employee,2024-07-10 21:32:38.542520197,542178.3601360067
C04499,retail,26,F,Chiapas,Consultant,2025-04-15 00:12:56.526824423,1264427.410337287
C04500,retail,35,M,Quintana Roo,Consultant,2021-07-12 11:26:39.334200093,736049.1304585331
C04501,retail,51,F,Chihuahua,Teacher,2024-03-02 11:53:34.784414774,308312.57392116217
C04502,retail,50,F,Nuevo León,Accountant,2025-09-30 07:55:28.323597452,628960.4849954286
C04503,retail,39,M,Veracruz,Retired,2022-06-10 02:49:40.291070831,620942.9204055725
C04504,retail,50,F,Jalisco,Doctor,2025-07-19 10:48:32.514760266,810765.9882257517
C04505,retail,18,M,Coahuila,Student,2025-08-21 14:34:26.566307032,193132.1814172868
C04506,retail,43,F,Zacatecas,Lawyer,2020-10-21 18:09:26.245249307,1568226.6349389185
C04507,retail,52,F,Guerrero,Lawyer,2021-04-10 10:15:19.213285816,967022.3493917319
C04508,retail,32,M,Veracruz,Doctor,2023-10-10 06:01:41.417952700,1456750.3983502022
C04509,retail,31,F,Morelos,Government Employee,2025-10-28 10:46:28.885663096,566171.2803387519
C04510,SME,19,F,Campeche,Student,2023-08-15 05:54:07.031462734,275605.268194063
C04511,retail,61,F,Oaxaca,Freelancer,2024-08-31 10:31:41.952256962,458790.10005199595
C04512,retail,33,F,Querétaro,Consultant,2021-06-28 15:12:28.243801515,592746.9194544989
C04513,retail,44,M,Querétaro,Student,2023-10-08 18:57:18.351450856,285787.41984019586
C04514,retail,49,F,Durango,Accountant,2025-11-23 10:35:47.722071768,1049108.4602511786
C04515,retail,60,F,San Luis Potosí,Teacher,2023-05-07 10:36:18.204619381,583240.5712953453
C04516,retail,40,F,Tamaulipas,Engineer,2021-06-15 02:46:11.976186227,1039048.2465851253
C04517,retail,35,F,Aguascalientes,Engineer,2024-12-05 20:56:55.066309990,504989.3411919506
C04518,retail,44,M,Tlaxcala,Lawyer,2025-03-16 22:33:33.829206117,1504588.9750152845
C04519,retail,57,M,Quintana Roo,Lawyer,2020-04-02 00:07:24.685195395,1166636.1364629793
C04520,retail,39,F,Veracruz,Sales,2023-10-09 08:00:36.947918547,544314.2482897223
C04521,retail,30,F,Campeche,Consultant,2025-01-04 06:57:03.661481246,1310105.4207755523
C04522,retail,23,M,Hidalgo,Business Owner,2021-05-11 04:37:51.466977102,1866204.2009112784
C04523,retail,27,F,Chihuahua,Engineer,2024-07-16 13:06:50.319605792,987402.6846561863
C04524,retail,52,F,Sonora,Government Employee,2024-08-30 01:18:48.532973535,506912.50600777747
C04525,retail,38,F,México,Teacher,2021-03-21 22:09:37.804386464,523443.2137935901
C04526,retail,34,F,Jalisco,Doctor,2021-02-16 16:30:06.062534450,895849.1970953033
C04527,retail,33,F,Sinaloa,Retired,2023-10-03 18:12:07.233630669,553784.7108781955
C04528,SME,43,F,Baja California Sur,Lawyer,2022-10-12 16:50:19.707230145,827535.507078723
C04529,retail,39,F,San Luis Potosí,Sales,2021-08-13 15:00:36.570921011,360769.26115024154
C04530,retail,38,M,Nuevo León,Teacher,2025-02-04 00:24:38.903406643,309713.289230909
C04531,retail,58,M,Chihuahua,Consultant,2025-06-16 07:57:16.595858025,682678.7854404978
C04532,retail,60,M,Baja California,Teacher,2023-07-07 19:29:08.691606972,393028.33060181816
C04533,retail,22,M,Ciudad de México,Student,2023-06-02 15:26:15.822981250,206677.34559209182
C04534,retail,45,M,Veracruz,Consultant,2021-04-08 09:49:27.137878979,991507.471588928
C04535,retail,32,F,Zacatecas,Accountant,2021-08-06 17:45:40.108001205,438091.54707040195
C04536,retail,39,F,Hidalgo,Retired,2022-10-28 08:13:34.440711293,670840.0435319885
C04537,retail,45,M,Nayarit,Sales,2022-10-20 01:55:33.852924033,327464.4407518744
C04538,retail,39,F,Guerrero,Retired,2024-08-04 12:04:23.721714731,565884.4474967811
C04539,retail,44,M,Puebla,Sales,2024-05-01 10:48:38.694389541,597798.095475367
C04540,retail,50,M,Querétaro,Retired,2025-11-12 05:23:15.916968179,498755.51500017004
C04541,retail,45,F,Campeche,Accountant,2022-07-19 19:28:38.692177422,473861.8833813621
C04542,retail,34,M,Tamaulipas,Consultant,2023-09-02 17:42:43.391514620,864822.6564571318
C04543,retail,34,F,Quintana Roo,Freelancer,2020-08-02 18:09:29.920673461,979882.0743498534
C04544,retail,24,M,Tlaxcala,Engineer,2024-07-17 16:01:14.316749753,824580.9844763372
C04545,retail,31,F,Coahuila,Sales,2020-05-13 15:35:36.681576013,547094.5383044046
C04546,retail,65,F,Guerrero,Lawyer,2023-07-04 10:27:18.403576570,1255094.701059157
C04547,retail,32,M,Quintana Roo,Retired,2025-10-26 15:47:57.815659433,445213.083635043
C04548,retail,27,F,Guanajuato,Sales,2025-11-16 21:40:57.865137833,773989.1613258646
C04549,retail,45,M,Coahuila,Engineer,2024-04-06 11:38:16.163889091,1024094.3872272965
C04550,retail,40,F,Tlaxcala,Sales,2024-08-13 04:14:12.461111095,456053.0579639834
C04551,SME,39,F,Sonora,Doctor,2023-07-16 15:57:25.916236597,1368457.5912663052
C04552,retail,58,F,Tabasco,Doctor,2025-01-29 15:27:14.587982162,1163025.019695973
C04553,retail,48,M,Durango,Business Owner,2020-12-06 09:59:33.319813132,3399269.01065433
C04554,retail,35,M,Ciudad de México,Teacher,2025-06-28 09:55:32.451824167,646471.1989329582
C04555,retail,36,F,Baja California,Retired,2020-04-06 02:07:17.022849798,464197.4381536818
C04556,retail,35,M,Chiapas,Retired,2025-09-21 13:05:44.362671736,590317.9194091486
C04557,retail,52,M,Durango,Business Owner,2022-03-22 17:22:34.495549538,3400776.27223905
C04558,retail,38,F,Sinaloa,Retired,2022-08-30 12:45:52.496995731,442035.6503288385
C04559,SME,20,F,Tamaulipas,Student,2025-10-20 01:34:46.541028537,274686.5930137207
C04560,corporate,41,M,Tlaxcala,Sales,2024-01-26 04:29:20.838613684,318353.5317747604
C04561,retail,23,M,Jalisco,Retired,2021-01-13 14:35:25.986380563,511549.6790088839
C04562,retail,68,F,Tabasco,Retired,2024-09-08 19:31:20.732069266,270884.8872283623
C04563,retail,30,F,Michoacán,Teacher,2022-02-22 12:22:24.697111185,362467.8072709971
C04564,retail,40,F,Tabasco,Accountant,2022-08-12 17:54:08.931194812,819212.1450614303
C04565,retail,45,M,Baja California,Consultant,2023-10-29 22:55:09.016005421,961410.3525058716
C04566,retail,38,M,Nuevo León,Sales,2024-12-20 02:32:16.885267303,420609.00516011333
C04567,retail,38,M,Quintana Roo,Freelancer,2024-01-05 21:19:32.729365297,1155839.6479081456
C04568,retail,47,F,Ciudad de México,Sales,2024-02-20 11:43:27.436936458,487839.0207833253
C04569,retail,60,M,Jalisco,Consultant,2022-04-08 10:52:21.798215870,1347112.77008018
C04570,retail,51,F,México,Lawyer,2022-04-02 05:33:32.493999504,1241099.0597822138
C04571,retail,59,F,Nuevo León,Lawyer,2023-05-18 08:15:27.050188850,674422.1697840032
C04572,retail,29,F,Yucatán,Accountant,2020-07-24 18:21:37.388388802,871993.6911280905
C04573,retail,45,M,Sonora,Sales,2024-11-14 11:16:54.567956813,583386.3706873865
C04574,retail,43,F,Colima,Freelancer,2020-11-24 21:52:51.892300281,581417.4982153783
C04575,retail,46,F,Tabasco,Student,2021-01-27 14:10:03.138296167,187922.0839447673
C04576,retail,58,M,México,Freelancer,2024-08-08 18:41:16.865091728,493014.2780006995
C04577,retail,39,M,Colima,Government Employee,2025-06-24 02:24:30.543180448,918867.6471595753
C04578,retail,37,F,Tamaulipas,Engineer,2022-02-27 21:56:00.334042260,621598.1350266017
C04579,SME,48,M,Campeche,Student,2023-06-21 08:40:38.219554495,206320.25610383425
C04580,retail,20,M,Tabasco,Student,2023-05-26 19:05:01.738366278,204635.48902240364
C04581,SME,39,M,Tlaxcala,Consultant,2025-07-25 13:28:09.019855784,1836208.1196900695
C04582,retail,40,M,Chihuahua,Business Owner,2020-01-03 09:21:05.682661574,3709981.275684288
C04583,retail,30,F,Guanajuato,Lawyer,2025-05-28 18:20:18.424652873,1658212.5575088256
C04584,retail,54,F,Zacatecas,Student,2020-02-01 02:56:59.703455854,289650.49373171985
C04585,retail,29,F,Guerrero,Sales,2021-11-08 00:10:57.347577949,853179.8258214635
C04586,SME,40,F,San Luis Potosí,Accountant,2023-09-20 01:23:28.053608744,740001.4146994441
C04587,retail,45,F,Tamaulipas,Government Employee,2024-02-15 10:41:47.963714260,633357.1719648452
C04588,retail,58,F,Ciudad de México,Government Employee,2025-11-03 01:35:07.325356239,880246.817102577
C04589,retail,41,M,Nayarit,Accountant,2020-02-15 18:34:32.970847866,632349.0038330602
C04590,retail,53,F,Morelos,Lawyer,2024-10-23 11:17:40.102051391,626653.3776350379
C04591,retail,50,M,Puebla,Doctor,2021-12-18 23:05:46.944094816,1032083.7334584413
C04592,retail,43,M,Sonora,Doctor,2022-01-09 00:54:10.310184582,1301445.947634071
C04593,retail,28,M,Baja California Sur,Doctor,2025-08-31 16:00:51.803981720,886529.9597425001
C04594,retail,24,M,Tabasco,Business Owner,2020-11-28 15:00:14.315275697,4074558.4737461684
C04595,retail,43,M,Hidalgo,Student,2023-01-10 16:30:29.258509769,277857.7335678673
C04596,retail,35,M,Chihuahua,Student,2024-03-19 16:42:17.447163994,192109.58483648713
C04597,retail,53,F,Tamaulipas,Teacher,2023-06-08 16:18:10.320816921,339135.8124190592
C04598,retail,50,M,Jalisco,Doctor,2025-07-03 08:58:45.256514832,939168.7013852119
C04599,retail,39,F,Tabasco,Teacher,2023-08-11 02:50:03.455534785,442556.11369107274
C04600,retail,28,F,Aguascalientes,Sales,2020-01-10 02:09:12.879125027,596277.3523213728
C04601,retail,48,F,Tamaulipas,Consultant,2024-05-14 08:06:14.155656113,1228313.482623159
C04602,retail,29,M,Tabasco,Doctor,2021-12-19 02:55:24.676041474,1397218.7942029245
C04603,SME,32,F,Campeche,Sales,2020-02-05 21:52:38.969525878,342450.93383188755
C04604,retail,30,M,Querétaro,Lawyer,2023-02-22 16:18:25.544080940,1437087.9642110055
C04605,retail,40,F,Nayarit,Freelancer,2020-09-19 12:13:50.299542180,748887.1341049819
C04606,retail,56,F,Guanajuato,Government Employee,2020-09-27 23:56:20.037404716,815778.1130383785
C04607,retail,41,M,Guanajuato,Government Employee,2021-02-27 13:15:10.976516241,539362.8407267996
C04608,retail,36,M,Colima,Sales,2024-04-14 05:18:17.718270301,556397.2300527494
C04609,SME,23,M,Campeche,Doctor,2025-07-04 05:33:20.987737493,820015.1210232364
C04610,retail,48,F,Baja California,Accountant,2023-12-08 08:36:23.978895593,481274.2524597948
C04611,retail,32,F,Aguascalientes,Student,2020-03-22 16:11:53.040329453,224999.84843103177
C04612,retail,43,F,San Luis Potosí,Doctor,2023-05-21 20:41:45.653645235,1136878.800035326
C04613,retail,37,M,Durango,Retired,2023-06-13 17:59:38.231568064,288586.1876258339
C04614,retail,52,M,Morelos,Retired,2025-10-07 11:39:25.094590631,621245.5370955367
C04615,retail,40,M,Coahuila,Business Owner,2025-09-12 00:05:55.654313691,4768026.104086764
C04616,retail,41,F,Coahuila,Student,2022-07-01 14:38:19.649846669,251568.29373907007
C04617,retail,47,M,Zacatecas,Retired,2022-12-09 06:03:05.516026641,274030.9179494424
C04618,retail,67,M,Hidalgo,Retired,2022-12-18 04:02:08.262670281,582472.5397332392
C04619,retail,52,F,Querétaro,Business Owner,2021-02-08 00:05:19.664364014,1633804.1799921165
C04620,retail,40,F,San Luis Potosí,Government Employee,2024-06-23 10:32:42.138878498,813556.9181236262
C04621,retail,42,F,Sonora,Doctor,2025-09-14 13:16:57.492396041,1104042.644939906
C04622,retail,35,M,Aguascalientes,Sales,2024-02-23 12:04:54.790507631,284727.37998577533
C04623,retail,30,M,Tamaulipas,Retired,2021-03-17 08:58:28.982834739,375437.3013692116
C04624,retail,35,F,Aguascalientes,Freelancer,2022-08-05 13:14:13.740346687,627030.3871542364
C04625,SME,32,F,Hidalgo,Government Employee,2024-04-29 00:03:23.123604064,815375.9754007583
C04626,retail,49,M,Aguascalientes,Consultant,2024-06-22 04:30:55.336153553,699604.0558143273
C04627,retail,29,M,Chihuahua,Student,2024-01-01 19:24:24.505530085,214440.4882810374
C04628,retail,57,M,Quintana Roo,Teacher,2024-10-13 13:37:56.740576518,333414.99589882407
C04629,retail,51,F,Zacatecas,Lawyer,2025-12-15 13:11:27.346611136,1338969.0013703578
C04630,retail,42,M,Sonora,Consultant,2022-03-31 05:28:11.135113481,1211407.7226631958
C04631,retail,42,F,Sinaloa,Accountant,2021-11-09 11:03:16.157449719,1050304.3907660723
C04632,retail,35,F,Durango,Government Employee,2022-10-20 05:08:12.959570742,818387.8427743942
C04633,retail,45,F,Puebla,Sales,2022-08-27 01:28:36.476147520,755627.563551987
C04634,retail,55,M,Aguascalientes,Business Owner,2022-07-26 08:33:01.621816042,1406888.2384266038
C04635,retail,33,F,Sinaloa,Consultant,2022-01-17 10:03:21.586845554,899934.0473915555
C04636,SME,23,F,Chiapas,Lawyer,2023-06-14 11:54:41.087990285,1215767.9652026747
C04637,retail,50,M,Querétaro,Lawyer,2024-07-12 03:48:09.431182831,616181.4145453273
C04638,retail,45,F,Sinaloa,Accountant,2020-10-24 13:43:46.383404045,1009090.5706499185
C04639,retail,28,M,Baja California,Retired,2021-11-07 10:08:49.415520084,599983.9496376149
C04640,retail,33,F,Veracruz,Retired,2025-08-08 08:25:13.451231391,276072.91627753235
C04641,SME,31,M,Baja California Sur,Engineer,2025-08-14 17:01:02.780250070,1094324.5874150898
C04642,retail,33,F,Veracruz,Accountant,2025-05-13 20:30:23.878060071,403141.68486082554
C04643,retail,38,F,Quintana Roo,Accountant,2022-06-02 16:56:35.627208597,479953.63719604997
C04644,retail,38,M,Baja California Sur,Business Owner,2020-07-10 13:39:13.727120408,938067.6330826207
C04645,retail,34,F,Yucatán,Student,2020-10-11 06:24:23.281388076,237499.67098081674
C04646,retail,32,F,Nayarit,Doctor,2024-05-07 02:03:54.854227239,1348835.6299930061
C04647,retail,39,F,Quintana Roo,Engineer,2020-02-19 10:27:34.354318677,624977.5918261049
C04648,retail,44,M,Colima,Teacher,2023-03-23 22:20:53.794333965,608595.3559407914
C04649,retail,38,M,Ciudad de México,Sales,2025-09-06 18:29:55.048925527,370201.2933291838
C04650,retail,55,F,Baja California,Consultant,2022-05-03 10:27:15.662605899,1985805.4998428351
C04651,retail,48,M,Tlaxcala,Sales,2021-10-30 17:24:48.370975189,804759.3007695744
C04652,retail,22,F,Baja California,Student,2020-09-20 07:36:52.563972934,268463.15004554426
C04653,retail,48,M,Tabasco,Accountant,2022-02-18 06:41:09.007358998,814182.4878525023
C04654,retail,49,M,Michoacán,Consultant,2024-03-07 14:13:28.430000257,863822.537955628
C04655,retail,36,F,Coahuila,Accountant,2022-08-09 16:43:07.430100216,483487.4546552182
C04656,retail,24,F,Veracruz,Retired,2020-06-07 13:07:22.976855707,457138.498708938
C04657,retail,42,F,Yucatán,Consultant,2021-01-24 20:18:28.635637008,1103990.7840182395
C04658,retail,41,F,Campeche,Business Owner,2023-10-02 12:47:24.797536623,3600268.6434955304
C04659,retail,28,F,Chiapas,Sales,2021-01-22 16:15:22.351000250,360558.50846082554
C04660,retail,24,F,Aguascalientes,Consultant,2023-05-25 19:28:26.023963982,1343193.2626796477
C04661,retail,40,F,Yucatán,Business Owner,2023-08-07 00:40:58.880017515,3681406.6141966055
C04662,retail,39,F,Querétaro,Doctor,2021-03-15 04:29:03.393945855,1009276.6800608861
C04663,retail,36,F,Durango,Business Owner,2024-09-21 02:14:22.822516982,4054062.145666713
C04664,retail,40,M,Hidalgo,Doctor,2023-07-03 18:24:57.508793489,1102290.443307785
C04665,retail,28,F,San Luis Potosí,Student,2020-07-06 13:58:51.983808549,199515.8941364199
C04666,retail,36,M,Tabasco,Government Employee,2022-10-07 06:14:23.551337915,436339.22764771676
C04667,retail,48,M,México,Government Employee,2024-10-31 22:39:08.038291792,495229.1672307797
C04668,retail,37,M,Aguascalientes,Retired,2022-02-27 22:24:18.323073158,321156.9793390125
C04669,retail,21,M,Nayarit,Student,2025-07-28 09:08:23.282025506,247550.91092796187
C04670,retail,36,M,Quintana Roo,Business Owner,2020-10-03 02:03:49.504207216,4781307.998180404
C04671,retail,29,F,Jalisco,Student,2024-02-02 04:29:45.585957928,287529.6655811365
C04672,retail,45,F,Nayarit,Doctor,2022-07-01 09:43:11.359210831,1026628.1125423923
C04673,retail,45,M,Sinaloa,Sales,2022-08-08 06:36:40.299297788,812035.9237942047
C04674,retail,22,F,Querétaro,Student,2023-10-10 21:33:23.651883364,294483.7093969678
C04675,retail,51,F,Guerrero,Lawyer,2023-01-02 21:45:54.550381954,953000.8625668809
C04676,retail,28,F,Guerrero,Sales,2022-07-01 20:26:01.026246066,838436.0772641462
C04677,retail,60,M,Chiapas,Business Owner,2023-12-17 10:50:18.415689638,4988945.974094826
C04678,SME,41,F,Coahuila,Freelancer,2025-08-15 11:11:19.292828404,997672.6071696505
C04679,retail,27,M,Sonora,Business Owner,2023-08-15 14:29:19.603009378,2377960.666133686
C04680,retail,28,M,San Luis Potosí,Consultant,2025-11-29 07:59:15.943581459,1412813.0154329436
C04681,retail,46,M,Hidalgo,Engineer,2022-09-05 04:54:49.298200398,754931.018581589
C04682,retail,37,F,Ciudad de México,Teacher,2022-10-03 23:22:45.043191307,698385.509302782
C04683,SME,40,F,Chihuahua,Consultant,2022-12-16 01:34:38.341442359,601779.9244101456
C04684,retail,61,M,Puebla,Consultant,2025-09-04 05:37:07.800078091,1839621.3806848044
C04685,retail,33,M,Coahuila,Engineer,2023-04-06 03:22:26.578134144,552183.7678178636
C04686,retail,42,F,Nayarit,Retired,2020-01-13 05:17:10.860436140,268989.0624686381
C04687,retail,59,F,México,Freelancer,2020-12-22 05:46:53.639101039,1139940.4564730627
C04688,retail,45,M,Colima,Business Owner,2020-09-08 15:13:15.178483144,4429313.198339691
C04689,retail,22,F,Tamaulipas,Student,2022-05-19 06:30:54.857138449,223387.77099568117
C04690,SME,48,F,Oaxaca,Business Owner,2024-08-11 03:38:11.057245441,4817389.367299517
C04691,retail,28,M,Michoacán,Doctor,2021-02-10 16:25:23.786531048,1403300.6762214005
C04692,retail,58,F,Morelos,Accountant,2024-09-12 22:13:31.393111343,1031388.9150117057
C04693,retail,32,M,Baja California Sur,Teacher,2022-02-26 00:13:16.955777879,538046.7896189359
C04694,retail,77,F,Hidalgo,Retired,2025-10-14 13:08:54.819292765,681248.7996264595
C04695,retail,59,M,Ciudad de México,Student,2022-02-03 20:29:01.177746503,277150.6745108326
C04696,retail,32,M,Oaxaca,Government Employee,2025-10-09 04:58:44.691648457,957967.9422588033
C04697,retail,42,F,México,Doctor,2025-04-02 12:53:34.419728165,997057.9363007603
C04698,retail,51,F,Sonora,Lawyer,2024-04-07 18:27:20.929590558,1238517.6128971935
C04699,retail,51,M,Sonora,Student,2024-09-19 21:42:10.066457267,284120.40716067015
C04700,corporate,47,M,Veracruz,Teacher,2024-03-23 06:11:21.125789703,531892.1960757216
C04701,retail,57,M,Tabasco,Engineer,2025-06-25 23:36:16.185697417,1060769.653133823
C04702,retail,40,F,Michoacán,Doctor,2021-03-21 16:14:05.505669274,1481168.8504333808
C04703,retail,37,F,Michoacán,Teacher,2025-03-14 08:05:41.133586744,621825.9382082289
C04704,retail,37,F,Nuevo León,Government Employee,2025-05-21 13:50:27.016806965,520752.0497877945
C04705,retail,52,F,Campeche,Teacher,2022-08-17 07:10:46.013506782,347479.8745450726
C04706,retail,46,F,Nuevo León,Lawyer,2021-01-15 11:40:09.847816593,927296.4636842906
C04707,retail,45,F,Nuevo León,Sales,2025-03-29 06:56:25.604326227,680814.891830791
C04708,retail,51,F,Baja California,Government Employee,2021-10-20 15:26:20.745261838,307661.06386473717
C04709,retail,18,F,Chihuahua,Student,2022-12-09 19:44:17.067614550,202766.4369702271
C04710,retail,45,F,Hidalgo,Accountant,2024-02-08 08:57:29.592678138,628832.1785038371
C04711,retail,44,M,México,Lawyer,2025-02-18 19:54:50.357846591,1650270.8075787525
C04712,retail,62,M,Durango,Student,2020-08-21 00:00:08.330599039,186120.5488106423
C04713,retail,23,M,Querétaro,Consultant,2020-12-26 06:02:57.867706068,574904.289671975
C04714,retail,60,F,Durango,Accountant,2025-10-18 18:32:36.752933522,786248.3356410655
C04715,retail,42,M,Campeche,Teacher,2020-08-12 09:22:58.582682073,371106.6786485303
C04716,retail,47,M,Jalisco,Lawyer,2024-01-10 18:47:37.659180211,890658.4584058651
C04717,retail,62,F,Colima,Business Owner,2021-06-24 11:54:31.276652199,1492215.4184472961
C04718,corporate,48,F,Chihuahua,Lawyer,2024-09-26 23:44:23.860937106,1297929.1467234534
C04719,retail,46,F,Guerrero,Sales,2020-09-07 10:37:51.164300749,286106.0927920848
C04720,SME,44,M,Colima,Teacher,2024-03-17 06:28:11.914494187,676000.9514518518
C04721,retail,36,F,Chihuahua,Retired,2025-10-27 17:40:14.877991534,305412.39657415816
C04722,retail,41,M,México,Lawyer,2023-02-17 06:00:53.221656361,1741915.5541900387
C04723,retail,33,M,Tlaxcala,Engineer,2021-01-01 02:36:14.591217409,1044691.0994540148
C04724,retail,41,M,Sinaloa,Doctor,2025-08-17 23:16:58.547451468,1379611.9483741648
C04725,retail,18,F,Nuevo León,Student,2025-05-22 20:47:15.321314035,200737.16094650666
C04726,retail,47,M,Jalisco,Government Employee,2024-09-19 20:50:03.962880606,768753.630515301
C04727,SME,40,F,Baja California Sur,Retired,2020-09-07 03:47:32.285772718,617683.2851555566
C04728,retail,37,F,Nayarit,Sales,2024-09-06 23:46:31.903183824,612723.6590682878
C04729,retail,44,M,Durango,Lawyer,2022-08-04 20:23:07.775251907,1261290.2005599798
C04730,retail,24,M,Jalisco,Teacher,2025-11-10 08:01:35.759346794,363765.49401367834
C04731,retail,65,M,Jalisco,Retired,2024-11-15 12:15:02.599667702,436405.0390541044
C04732,retail,40,F,Querétaro,Freelancer,2025-09-10 01:18:45.111242325,350540.11066659365
C04733,retail,40,M,Coahuila,Student,2025-03-01 05:11:23.418067830,296743.903902991
C04734,SME,30,M,Coahuila,Business Owner,2024-01-19 11:43:24.006391988,3644855.721960986
C04735,retail,42,M,Puebla,Teacher,2024-01-13 19:29:08.637346911,319368.81871427136
C04736,retail,58,F,Querétaro,Teacher,2020-09-23 09:37:57.414685900,490707.6421332659
C04737,retail,54,M,Quintana Roo,Student,2020-12-12 16:06:32.000478961,256556.33596822253
C04738,retail,52,M,Guanajuato,Retired,2023-08-25 15:55:35.517043382,293038.26701450977
C04739,retail,48,M,Nayarit,Retired,2021-05-05 08:38:10.959756951,549245.5238870203
C04740,retail,37,F,Durango,Student,2020-11-26 20:46:29.019063180,201276.80680377872
C04741,retail,24,M,México,Engineer,2021-11-26 20:19:09.458787630,785515.9912815539
C04742,retail,39,F,Veracruz,Accountant,2023-09-10 16:48:15.882233460,837888.4642442476
C04743,retail,39,M,Guerrero,Business Owner,2021-09-06 02:21:14.993703808,2269733.0855845534
C04744,corporate,54,F,Quintana Roo,Government Employee,2020-05-17 01:53:53.603300851,566619.3191020922
C04745,retail,45,F,Morelos,Sales,2025-02-26 04:47:18.615636874,798350.7884623362
C04746,retail,61,F,Querétaro,Consultant,2025-07-05 05:18:13.834854627,963897.5717700676
C04747,retail,56,M,San Luis Potosí,Freelancer,2024-12-09 09:35:21.858556681,855194.9791181452
C04748,retail,36,M,Tlaxcala,Engineer,2023-01-19 20:15:38.603517316,1094407.711325547
C04749,retail,20,M,Morelos,Student,2020-02-07 08:37:58.128302319,198318.05458534186
C04750,retail,58,F,Aguascalientes,Sales,2021-10-11 22:05:25.690844061,279853.23227961006
C04751,retail,58,F,Chihuahua,Lawyer,2022-02-07 05:02:39.578016160,1590641.678070827
C04752,retail,25,M,Puebla,Doctor,2021-03-30 13:52:53.391332238,1185792.1052712202
C04753,retail,60,F,México,Lawyer,2024-01-05 23:33:00.069956922,1593242.3863859954
C04754,retail,46,M,Nuevo León,Student,2021-08-15 05:06:13.027217605,205564.48911444546
C04755,retail,43,F,Jalisco,Consultant,2020-05-14 02:54:37.842563265,1748949.1670098014
C04756,retail,61,M,Durango,Sales,2022-05-02 07:08:40.316838019,311951.8643550334
C04757,retail,58,M,Tlaxcala,Retired,2021-11-05 21:55:04.414135740,647442.2485697123
C04758,retail,49,M,Durango,Accountant,2025-09-17 22:14:03.401142501,975774.3865537135
C04759,retail,47,F,Quintana Roo,Consultant,2024-12-09 09:02:43.502210670,1351002.6667546015
C04760,corporate,49,F,Coahuila,Retired,2022-12-20 17:23:19.569544629,523753.560189488
C04761,retail,37,M,Coahuila,Lawyer,2021-09-12 21:22:52.943334329,1015013.3819539372
C04762,corporate,41,F,Jalisco,Freelancer,2025-08-15 00:14:31.316643691,401616.35597628285
C04763,retail,31,M,México,Lawyer,2020-02-08 00:59:09.430774683,1146526.1660960044
C04764,retail,38,M,Querétaro,Sales,2020-02-06 14:38:57.914922578,677344.5320662807
C04765,retail,37,M,Oaxaca,Government Employee,2024-08-02 14:50:30.475815906,998926.400391124
C04766,corporate,34,F,Ciudad de México,Consultant,2020-03-06 01:20:20.393141037,1725880.4161059759
C04767,retail,43,F,Tamaulipas,Business Owner,2020-11-05 23:36:06.668954872,2567524.1319474727
C04768,retail,38,F,México,Teacher,2024-04-23 20:16:00.073330894,597299.8843926513
C04769,retail,48,F,Ciudad de México,Lawyer,2025-01-12 16:34:43.872727017,729657.1112741211
C04770,retail,22,M,Quintana Roo,Student,2021-09-11 10:12:25.443903701,229804.74067059747
C04771,retail,40,F,Coahuila,Retired,2024-12-26 13:54:13.612443674,441216.4868438222
C04772,retail,43,M,San Luis Potosí,Accountant,2025-03-05 21:28:55.568292659,1099177.6666730796
C04773,retail,38,F,Guanajuato,Sales,2024-04-02 08:51:23.029285057,504160.11757771333
C04774,retail,39,M,Chiapas,Government Employee,2024-11-26 12:08:40.493970993,358297.2053114381
C04775,retail,22,F,Tabasco,Student,2022-08-07 16:19:06.196962579,188067.42139786237
C04776,retail,46,F,Ciudad de México,Business Owner,2020-07-15 08:46:17.291899846,3703053.5535897855
C04777,retail,49,M,Zacatecas,Business Owner,2024-08-16 20:15:17.011909843,1943100.5743576512
C04778,retail,47,F,Chihuahua,Doctor,2021-02-24 02:30:35.175139219,1408240.282273468
C04779,retail,54,M,Coahuila,Teacher,2024-07-23 13:34:18.695039743,493179.560409142
C04780,retail,44,M,Tamaulipas,Government Employee,2022-09-23 02:15:21.835702695,531260.999595235
C04781,retail,47,F,Quintana Roo,Student,2023-06-24 04:04:33.774573414,271094.4990849643
C04782,retail,43,F,Sinaloa,Retired,2025-12-02 19:06:54.200003522,437890.04769753607
C04783,retail,50,M,Quintana Roo,Consultant,2024-06-26 13:45:23.055633196,1606075.728597268
C04784,retail,23,M,Jalisco,Student,2020-11-16 22:03:22.169354021,265691.74581407715
C04785,retail,31,F,Nuevo León,Student,2023-05-20 20:59:03.987651030,266786.0958844037
C04786,retail,61,F,Querétaro,Teacher,2022-10-06 04:13:23.567694164,642849.6060366207
C04787,retail,18,M,Querétaro,Student,2022-04-03 02:44:35.108418295,281808.7760997141
C04788,SME,40,F,Guanajuato,Lawyer,2020-09-09 05:39:08.385315400,1397530.5650473996
C04789,retail,56,F,Tamaulipas,Sales,2023-11-21 23:27:35.894431843,872026.1737178755
C04790,retail,40,M,Coahuila,Student,2021-11-29 07:52:35.870756061,182487.31940622424
C04791,retail,37,M,Chihuahua,Teacher,2024-12-14 10:22:07.567104215,672170.0947975179
C04792,SME,43,M,Campeche,Freelancer,2023-01-05 19:44:44.105773488,348253.56858682935
C04793,retail,37,F,Jalisco,Student,2024-12-31 08:05:06.175144175,205397.37988606028
C04794,retail,42,M,Querétaro,Engineer,2022-12-25 22:34:27.899675439,1072180.1517115687
C04795,retail,33,F,Baja California Sur,Consultant,2021-03-05 15:05:49.639574168,1100653.6244496098
C04796,retail,55,M,Morelos,Sales,2020-12-28 14:04:28.080875062,526452.2127584117
C04797,retail,59,F,México,Student,2022-12-03 07:27:12.845752640,211347.4965600447
C04798,retail,40,M,Aguascalientes,Student,2025-05-30 13:23:36.761596712,206933.16783104776
C04799,retail,25,F,Puebla,Freelancer,2022-01-10 13:29:11.524623263,306240.56106545345
C04800,retail,35,F,Guanajuato,Consultant,2021-08-02 04:02:02.883054317,795157.0274651471
C04801,retail,39,M,Hidalgo,Business Owner,2025-08-13 15:06:15.392178355,3137009.8607677296
C04802,retail,48,F,Veracruz,Business Owner,2021-01-09 17:46:27.840632473,3738418.9001725875
C04803,SME,29,M,San Luis Potosí,Consultant,2020-08-30 06:36:34.613068744,1608259.6533021443
C04804,retail,32,F,Baja California Sur,Government Employee,2022-01-04 00:59:27.249690629,559086.607001225
C04805,retail,48,F,Hidalgo,Consultant,2020-05-13 16:47:00.989461117,1882933.0864304826
C04806,retail,53,F,Nayarit,Freelancer,2021-10-28 01:00:06.458164964,528728.3853752482
C04807,retail,34,F,San Luis Potosí,Retired,2021-03-06 04:59:10.368098371,300011.60066596244
C04808,SME,26,F,Ciudad de México,Teacher,2021-01-20 15:12:02.846376055,678090.0528276205
C04809,retail,81,F,Sinaloa,Retired,2022-05-02 08:48:51.946931050,493305.25423864514
C04810,retail,51,M,Baja California,Freelancer,2025-05-16 03:59:23.899587569,1171377.193491987
C04811,retail,38,M,Tamaulipas,Teacher,2025-02-13 17:08:15.064905568,457467.01493979606
C04812,retail,52,F,Colima,Doctor,2021-08-31 16:24:59.450943304,1330176.0557752084
C04813,retail,40,F,Baja California,Retired,2024-06-15 03:45:26.548516788,299471.63696728426
C04814,retail,52,F,Zacatecas,Government Employee,2020-03-23 17:07:17.696424563,897856.2461943837
C04815,retail,43,M,Quintana Roo,Business Owner,2020-06-15 23:04:11.840368220,1434009.3341396642
C04816,SME,43,F,San Luis Potosí,Accountant,2023-07-29 05:30:03.522815412,448075.4197145662
C04817,SME,40,F,Aguascalientes,Accountant,2023-06-24 02:41:22.756220855,468427.3879804867
C04818,retail,24,M,San Luis Potosí,Sales,2024-05-26 01:17:28.691274036,612294.6927452157
C04819,retail,65,M,Yucatán,Teacher,2021-08-28 05:56:42.304324161,416749.7080984961
C04820,retail,30,M,Baja California Sur,Engineer,2023-02-02 18:07:40.887380143,1172668.987107223
C04821,retail,25,M,Tlaxcala,Consultant,2025-03-21 13:28:33.376790728,1779015.741294678
C04822,retail,39,F,Morelos,Engineer,2020-07-08 15:43:05.544051838,1062316.2267868249
C04823,retail,30,F,Coahuila,Doctor,2023-06-11 11:12:41.349518974,1366747.7360216505
C04824,retail,41,M,Durango,Engineer,2022-04-20 23:32:54.167348384,1123475.0201264962
C04825,retail,50,F,Nuevo León,Retired,2021-02-16 00:29:53.593884901,639345.4146904766
C04826,retail,53,F,San Luis Potosí,Government Employee,2021-05-31 20:48:42.222342032,949746.222381716
C04827,retail,51,M,Ciudad de México,Accountant,2022-09-25 04:07:47.986752333,1054057.3604535155
C04828,retail,38,F,Nayarit,Retired,2022-01-19 11:38:34.181170645,384244.89482244453
C04829,retail,42,F,México,Accountant,2024-10-11 02:56:18.899182995,553695.1383797931
C04830,retail,46,F,Morelos,Engineer,2025-06-11 12:15:38.361816994,950169.3349046654
C04831,retail,20,M,San Luis Potosí,Student,2023-03-02 13:49:15.256632045,194799.86912226232
C04832,retail,48,F,Sonora,Freelancer,2025-12-16 08:23:45.257171810,411145.3248776437
C04833,retail,24,M,Querétaro,Business Owner,2022-05-21 03:05:55.322307092,4023714.464071325
C04834,retail,66,M,Sonora,Retired,2023-09-22 07:57:45.213563183,542201.5918265831
C04835,retail,37,M,Zacatecas,Lawyer,2025-02-11 10:03:04.488919906,1381022.9971979344
C04836,retail,39,M,Morelos,Doctor,2025-03-18 23:52:17.657459062,1465447.8979686731
C04837,retail,32,M,Nuevo León,Engineer,2024-12-03 03:58:48.773360962,967337.7905854105
C04838,retail,34,M,Ciudad de México,Business Owner,2022-03-28 05:18:54.707561638,2552471.166757347
C04839,retail,69,F,Zacatecas,Retired,2021-12-06 14:30:43.962598423,376149.8756535528
C04840,retail,53,F,Sinaloa,Government Employee,2020-07-24 18:16:45.033470558,536989.1061331923
C04841,SME,23,M,Chihuahua,Engineer,2025-07-07 14:39:12.480150937,694469.7166020549
C04842,SME,60,M,Nuevo León,Engineer,2025-10-21 08:47:30.727725057,524491.6805445628
C04843,retail,56,F,Colima,Doctor,2022-05-07 04:33:41.382772811,983102.0771719335
C04844,retail,38,M,Chihuahua,Doctor,2025-08-15 03:28:36.253206456,1384759.8829434945
C04845,retail,45,M,Morelos,Teacher,2020-10-04 17:00:47.602074856,591292.3253399127
C04846,retail,41,F,Chihuahua,Student,2023-04-07 01:30:52.218856722,254621.21170476446
C04847,SME,65,M,Hidalgo,Freelancer,2024-10-30 08:28:25.592553110,1102206.268360752
C04848,retail,32,M,Puebla,Student,2020-12-22 05:02:51.294894401,211695.2691719703
C04849,retail,43,M,San Luis Potosí,Sales,2021-03-01 23:15:40.699455370,625495.4641965367
C04850,retail,36,M,Tlaxcala,Accountant,2024-09-05 23:59:22.651507345,421928.5283784616
C04851,corporate,24,F,Baja California,Sales,2025-10-18 18:50:05.423294879,829805.1465564563
C04852,retail,68,M,Guerrero,Retired,2020-03-28 04:44:08.799950723,451482.0735051862
C04853,retail,27,F,Coahuila,Teacher,2020-11-28 10:08:11.666571235,371148.7498439244
C04854,retail,44,F,Zacatecas,Business Owner,2024-05-27 23:17:19.155628704,1729061.6954492282
C04855,retail,21,M,Chihuahua,Student,2022-07-29 02:19:37.533667564,281789.537638636
C04856,retail,37,M,Morelos,Student,2022-01-23 16:57:26.106638129,193056.84840189735
C04857,retail,47,F,Zacatecas,Doctor,2020-07-07 18:49:23.263149781,1447642.8460223877
C04858,SME,32,F,Tamaulipas,Lawyer,2023-06-12 18:04:47.592701796,1048155.5604124527
C04859,SME,49,M,Colima,Business Owner,2020-03-24 09:36:50.462036397,1779666.8899933745
C04860,retail,38,M,Chihuahua,Government Employee,2024-05-26 03:17:20.729900686,532301.417480067
C04861,retail,55,F,Tlaxcala,Business Owner,2020-12-03 15:42:23.356622236,2458628.254215387
C04862,retail,58,M,Yucatán,Teacher,2020-04-20 23:42:56.986076359,519245.7996739417
C04863,retail,34,M,Nuevo León,Accountant,2021-01-28 06:25:28.545481374,810765.8328102876
C04864,retail,42,M,Puebla,Student,2023-07-29 00:32:57.508674055,233738.76082963945
C04865,retail,44,M,Quintana Roo,Retired,2022-06-20 05:20:21.075311268,450864.2049194742
C04866,retail,49,M,Ciudad de México,Accountant,2021-04-26 23:04:45.491105267,599710.1353652935
C04867,retail,42,M,Oaxaca,Teacher,2021-11-03 08:28:12.955413087,453524.2877070991
C04868,retail,44,F,Tamaulipas,Lawyer,2025-08-16 07:39:30.004734895,1160566.4724496906
C04869,retail,39,F,Veracruz,Consultant,2020-03-16 12:23:18.871559073,1396382.6329318685
C04870,retail,43,M,Michoacán,Accountant,2024-11-12 04:13:57.856414160,491490.04600368446
C04871,retail,57,M,Nayarit,Sales,2020-03-21 13:18:07.374325872,746583.7304783744
C04872,retail,49,F,Nuevo León,Freelancer,2021-09-29 16:36:19.056886684,880571.9112710949
C04873,retail,50,M,Coahuila,Sales,2020-12-15 09:16:33.500620777,444199.40112718643
C04874,retail,50,M,Colima,Freelancer,2025-06-03 00:33:57.072687978,659344.4016030041
C04875,retail,40,M,Puebla,Engineer,2023-07-27 16:22:53.806824632,1162851.2338594762
C04876,retail,45,M,Yucatán,Sales,2021-10-13 10:57:44.061167681,263310.31886853446
C04877,retail,28,F,Yucatán,Consultant,2021-03-07 01:15:00.853355821,1717028.2090474002
C04878,retail,57,F,Nuevo León,Government Employee,2023-04-13 08:40:02.410267317,658207.8052236772
C04879,retail,18,M,Aguascalientes,Student,2023-06-26 15:59:54.750918404,254258.11784699818
C04880,retail,40,F,Zacatecas,Accountant,2020-12-02 03:44:48.859733005,879173.4766846439
C04881,retail,55,M,Sonora,Consultant,2020-10-17 21:44:57.275202161,1184030.7400017371
C04882,retail,25,M,Hidalgo,Business Owner,2022-12-03 13:37:10.057149439,1524996.480039094
C04883,retail,46,M,Aguascalientes,Student,2023-09-01 10:34:53.919985690,289151.7773842621
C04884,retail,33,F,Guanajuato,Consultant,2021-03-07 16:45:49.499921791,1610286.8744154307
C04885,retail,37,M,Baja California,Consultant,2025-08-10 13:32:03.705941723,1339385.1069956697
C04886,retail,53,M,Puebla,Accountant,2022-02-01 11:40:33.916664413,713919.9209844739
C04887,retail,44,M,Baja California Sur,Teacher,2024-02-10 22:49:05.620572228,499733.1506739675
C04888,retail,18,M,Hidalgo,Student,2022-06-03 18:21:15.133033130,278825.4085018637
C04889,retail,30,F,Coahuila,Freelancer,2022-09-14 05:48:10.151584746,212503.4193643929
C04890,retail,53,F,Baja California,Business Owner,2025-02-06 11:25:26.367315821,4420941.339902519
C04891,retail,47,F,Baja California,Government Employee,2025-11-28 20:55:49.226112716,332726.4279480914
C04892,retail,62,F,Baja California Sur,Lawyer,2022-09-04 13:19:39.186542524,1339096.2956726123
C04893,retail,62,F,Zacatecas,Engineer,2020-11-11 21:10:30.930713551,733186.1338611413
C04894,retail,37,M,Hidalgo,Doctor,2020-12-18 02:54:13.659155173,1274766.0737993526
C04895,retail,72,M,Guerrero,Retired,2021-07-25 13:24:04.525661259,288494.39771139924
C04896,retail,42,M,Aguascalientes,Teacher,2025-11-17 07:47:02.017026810,522493.57439752505
C04897,retail,30,M,Nayarit,Retired,2022-07-06 00:16:40.109594299,634856.2531061533
C04898,retail,34,M,Chiapas,Engineer,2020-06-07 11:14:15.978769135,846246.9966172067
C04899,retail,18,M,Nuevo León,Student,2025-08-14 19:30:52.435422124,190121.67656875026
C04900,SME,61,M,Yucatán,Government Employee,2025-11-15 12:48:39.186994400,326164.93470697774
C04901,retail,61,F,Tabasco,Accountant,2020-12-14 01:33:08.533413109,834841.5653684926
C04902,retail,29,F,Zacatecas,Freelancer,2025-10-16 20:17:31.730911643,269530.6456547173
C04903,retail,39,M,Durango,Sales,2023-01-27 19:30:30.940489227,296337.83815914777
C04904,retail,43,M,Chihuahua,Sales,2021-06-18 02:16:42.709539929,526536.1043464795
C04905,SME,30,F,Nayarit,Freelancer,2025-07-22 01:19:38.104284956,409508.52809785027
C04906,retail,20,M,México,Student,2020-08-05 15:01:35.761256816,204503.7114886993
C04907,SME,39,M,Jalisco,Retired,2025-01-16 16:39:11.595711240,466439.7777017664
C04908,retail,38,M,San Luis Potosí,Retired,2021-01-03 06:49:12.949681345,376361.0580963697
C04909,retail,37,F,Michoacán,Consultant,2022-11-17 17:49:00.058531613,828899.960583871
C04910,retail,44,F,Campeche,Government Employee,2025-09-18 18:05:40.993464926,660090.6562171032
C04911,retail,59,F,Nuevo León,Business Owner,2021-10-05 10:38:18.507938112,1950800.369611287
C04912,retail,38,M,Puebla,Doctor,2024-03-12 20:14:08.763602846,856154.384941908
C04913,retail,44,M,Veracruz,Business Owner,2022-10-10 09:06:55.685324020,3635778.686349438
C04914,retail,50,M,Colima,Accountant,2020-03-15 20:08:00.499659467,809926.1999839867
C04915,retail,48,F,Sinaloa,Retired,2023-01-03 14:48:38.178825198,345452.92470850784
C04916,SME,34,F,Aguascalientes,Student,2021-10-21 12:01:21.615992672,249870.15018014415
C04917,retail,43,M,Oaxaca,Government Employee,2023-07-10 04:29:22.711064876,968913.7182710905
C04918,retail,48,F,Zacatecas,Freelancer,2023-10-10 20:19:20.174736332,1156479.5071958548
C04919,retail,28,M,Querétaro,Sales,2023-05-31 11:32:46.071663816,595763.0986533528
C04920,retail,57,F,Querétaro,Accountant,2023-07-04 12:26:52.690238001,468620.89925275365
C04921,SME,59,F,Hidalgo,Government Employee,2022-10-31 23:47:42.778139514,620730.3282801359
C04922,retail,33,M,Ciudad de México,Teacher,2023-06-09 11:19:54.864405278,310793.3804440365
C04923,retail,44,F,Aguascalientes,Consultant,2024-05-07 04:59:52.076199568,1122802.3351640035
C04924,retail,49,M,México,Freelancer,2025-06-25 11:52:40.878644408,1109419.744456097
C04925,retail,35,M,Tlaxcala,Doctor,2025-02-06 22:36:51.864441285,1127211.050962118
C04926,retail,47,F,México,Consultant,2025-12-19 07:43:17.663056120,1325731.6214462123
C04927,retail,43,F,Jalisco,Consultant,2025-07-13 08:02:35.345273490,737054.9118237265
C04928,retail,24,M,Chiapas,Doctor,2024-05-09 13:32:02.569319074,810955.4722131524
C04929,retail,47,F,Sonora,Lawyer,2025-03-01 07:22:47.977590751,1792061.7799026787
C04930,SME,28,F,Morelos,Doctor,2021-03-30 23:38:47.556581027,1036780.4314545922
C04931,retail,53,M,Chihuahua,Business Owner,2021-02-07 23:30:58.974328543,1901205.204080699
C04932,retail,33,M,Ciudad de México,Sales,2024-01-26 13:35:43.825633333,621333.6458771689
C04933,SME,40,F,Yucatán,Student,2022-01-23 05:14:08.730224180,269438.9692811992
C04934,retail,58,M,Oaxaca,Teacher,2020-11-19 08:56:36.791523809,400563.370606598
C04935,retail,47,F,Sonora,Teacher,2024-04-25 23:58:41.175791019,509650.0640792798
C04936,retail,29,M,Sonora,Engineer,2023-11-18 03:55:46.862762441,732845.2705103428
C04937,SME,29,M,Zacatecas,Accountant,2023-08-14 17:34:24.590903346,736676.3363436103
C04938,retail,34,M,Sinaloa,Business Owner,2025-08-01 06:18:46.245565538,1393632.7905348032
C04939,retail,46,F,Nuevo León,Retired,2022-10-24 20:33:40.452184626,479553.7360632201
C04940,retail,46,F,Tabasco,Accountant,2025-04-29 08:52:46.361087622,433142.94926024415
C04941,retail,31,M,Quintana Roo,Consultant,2020-01-20 19:35:44.125376382,1759996.840658632
C04942,retail,27,M,Puebla,Consultant,2020-09-05 01:59:26.783904494,1441490.0975964414
C04943,retail,45,F,Sonora,Engineer,2024-01-03 22:04:40.680531630,1159044.243084033
C04944,retail,39,M,Morelos,Doctor,2021-12-12 02:18:31.001921801,1219812.9398437145
C04945,retail,67,M,Coahuila,Retired,2022-04-24 21:28:04.862850097,331974.9200706813
C04946,SME,42,M,Colima,Doctor,2023-05-13 20:28:08.727633835,1138836.015852795
C04947,retail,63,M,México,Business Owner,2021-04-07 22:43:07.000791404,3558191.0000393265
C04948,retail,27,M,Chihuahua,Government Employee,2024-05-20 02:28:42.249970832,561956.7132840367
C04949,retail,23,M,Aguascalientes,Doctor,2022-07-01 14:26:40.293492902,1186855.3288901863
C04950,retail,28,M,Ciudad de México,Teacher,2025-07-26 08:38:59.723418638,365075.5671377908
C04951,retail,56,F,Coahuila,Freelancer,2025-11-22 09:33:48.865668319,977124.9355430056
C04952,retail,63,M,Veracruz,Government Employee,2025-01-26 15:52:50.296250500,936671.8877852068
C04953,retail,32,F,Querétaro,Sales,2022-07-30 12:26:07.696539889,454670.09072671947
C04954,retail,36,F,Oaxaca,Teacher,2023-06-08 13:58:18.391899345,617333.3486856117
C04955,retail,27,M,Nuevo León,Government Employee,2025-02-01 02:00:17.165692147,364361.96068726
C04956,retail,20,F,Campeche,Student,2020-10-11 21:49:28.932320045,209604.78553701195
C04957,retail,50,M,Aguascalientes,Accountant,2024-01-16 23:13:06.707656057,723309.5083888662
C04958,retail,44,M,Ciudad de México,Accountant,2024-02-01 04:24:55.613203880,670485.3732977805
C04959,retail,42,F,Baja California,Sales,2020-01-30 14:59:50.213728918,652757.3804560733
C04960,retail,25,F,Michoacán,Doctor,2023-06-01 00:17:09.425232825,1194090.0601795171
C04961,retail,61,F,Baja California,Government Employee,2021-01-18 16:22:40.372574118,361090.4768013021
C04962,retail,35,F,Baja California Sur,Accountant,2020-07-13 03:34:58.045238048,492186.21581531013
C04963,retail,48,M,Jalisco,Student,2023-09-14 18:21:22.890737752,186205.44699495827
C04964,retail,24,M,Hidalgo,Lawyer,2023-06-04 21:59:41.778213425,1743129.0120013466
C04965,retail,39,M,Morelos,Accountant,2020-12-04 05:03:06.836753115,851741.6164834545
C04966,retail,45,F,Durango,Engineer,2022-11-15 13:12:11.807150195,1098909.9323777063
C04967,SME,45,F,Baja California Sur,Engineer,2022-08-14 08:06:29.314021776,878885.2589627951
C04968,retail,43,F,Campeche,Student,2023-10-20 01:06:54.560891548,203260.77631165035
C04969,SME,47,M,Sinaloa,Teacher,2024-08-25 16:47:49.719879467,550640.9784992526
C04970,retail,28,M,Chiapas,Government Employee,2024-11-23 00:46:40.867509231,653737.7564035032
C04971,retail,44,F,Guanajuato,Government Employee,2021-11-28 00:52:44.516180507,585735.0430114588
C04972,retail,43,F,Chihuahua,Business Owner,2020-01-03 01:07:09.447672940,2298763.081159001
C04973,retail,44,M,Tlaxcala,Business Owner,2020-02-12 18:05:52.173193167,3495329.683857979
C04974,retail,42,M,Aguascalientes,Consultant,2025-10-05 17:58:38.147424053,1426643.0972535973
C04975,retail,26,M,Nuevo León,Retired,2021-05-09 22:02:28.074261008,318204.83268346894
C04976,retail,26,M,Veracruz,Engineer,2025-06-07 11:27:50.204906195,1071356.253906176
C04977,retail,18,F,Coahuila,Student,2024-11-08 18:22:27.074589467,256331.5854885548
C04978,retail,51,M,Quintana Roo,Engineer,2020-11-16 07:54:57.120440404,875066.462293607
C04979,retail,51,F,Durango,Engineer,2021-06-24 21:49:03.361572147,1024243.0131111152
C04980,retail,52,M,Tlaxcala,Consultant,2020-08-14 17:09:27.845521110,730499.7037505931
C04981,SME,45,M,Guerrero,Lawyer,2024-08-01 11:42:54.922515162,1703660.3187083052
C04982,retail,18,M,Zacatecas,Student,2021-03-12 19:49:00.260652859,212470.73514328335
C04983,retail,29,F,Guerrero,Government Employee,2020-03-23 14:51:52.656926392,483930.4239001555
C04984,retail,44,F,Yucatán,Student,2023-09-01 16:37:27.721462311,277789.1210616907
C04985,retail,43,M,Tlaxcala,Freelancer,2025-02-21 13:15:49.161478731,533991.5391470864
C04986,retail,39,M,Aguascalientes,Freelancer,2025-05-06 05:37:26.911898357,1030709.0519851781
C04987,retail,46,M,Ciudad de México,Consultant,2022-05-15 14:17:59.453876434,992015.1403636044
C04988,retail,42,M,Morelos,Retired,2021-08-09 21:30:41.605485998,497810.14347849076
C04989,retail,43,F,Quintana Roo,Teacher,2023-06-28 01:18:41.449254483,392338.2079597867
C04990,retail,34,F,Guerrero,Business Owner,2021-06-16 13:30:18.195277800,3845538.3250738843
C04991,SME,53,M,Tamaulipas,Freelancer,2022-07-04 01:34:09.393639875,366941.2707554039
C04992,retail,36,F,Baja California,Lawyer,2025-03-02 15:42:58.977112718,1679318.6827460516
C04993,retail,26,F,Ciudad de México,Doctor,2023-02-27 21:19:37.921976680,1060154.552945271
C04994,retail,32,M,Guerrero,Freelancer,2023-10-18 17:27:37.100573019,671574.9532157585
C04995,retail,37,M,Tamaulipas,Lawyer,2023-02-19 21:06:49.748867024,628826.2966260199
C04996,retail,53,F,Sinaloa,Lawyer,2024-01-15 15:01:35.343748465,1770948.9350927914
C04997,retail,41,F,Sinaloa,Doctor,2024-06-21 08:23:56.356320657,1369223.5370131668
C04998,retail,39,M,Campeche,Retired,2021-09-29 01:43:42.595496068,451154.4552794902
C04999,retail,27,F,Querétaro,Student,2020-01-15 05:27:30.672266557,290432.28095063026
C05000,retail,51,M,Tlaxcala,Freelancer,2021-04-13 09:42:43.172307211,1131060.5668823244
C05001,retail,34,F,Guerrero,Government Employee,2021-10-13 14:39:29.905670780,673137.0181919106
C05002,retail,40,F,Nayarit,Freelancer,2020-06-12 16:21:16.519956916,433851.025324162
C05003,retail,59,F,Baja California Sur,Freelancer,2025-03-07 16:51:39.658144983,687110.8217537876
C05004,retail,48,F,Querétaro,Teacher,2022-05-24 22:29:14.942763578,429919.76763627765
C05005,retail,22,M,Aguascalientes,Student,2022-06-07 06:24:04.620733558,233758.72346690067
C05006,retail,20,F,Quintana Roo,Student,2025-02-17 10:25:10.898904931,289367.9550865998
C05007,retail,41,F,Nayarit,Business Owner,2025-04-27 18:55:40.552375375,1911889.0013296173
C05008,retail,27,M,San Luis Potosí,Accountant,2025-03-10 10:30:48.165653395,987277.5952466029
C05009,retail,49,F,Puebla,Engineer,2025-02-19 02:45:45.473229807,1154711.6732213546
C05010,retail,42,F,Quintana Roo,Engineer,2022-03-29 02:42:04.104401089,1063537.7563343402
C05011,retail,43,M,Colima,Freelancer,2020-05-15 22:44:19.873791364,727253.8708922204
C05012,retail,33,M,Nuevo León,Student,2022-06-15 15:04:44.371926087,247677.84143175284
C05013,retail,62,F,Querétaro,Sales,2021-09-01 15:21:32.000920283,782763.5668529652
C05014,retail,76,F,Tamaulipas,Retired,2025-10-03 07:43:37.420508743,270025.4105639349
C05015,retail,38,F,Sinaloa,Doctor,2020-02-26 22:15:11.024033912,1315151.7294807755
C05016,retail,46,F,Campeche,Retired,2022-08-21 18:24:59.893598762,487990.89854832715
C05017,retail,43,F,Sonora,Retired,2024-09-18 08:59:54.620574169,428712.24645524495
C05018,retail,38,F,Quintana Roo,Freelancer,2023-09-30 07:00:04.111253054,966928.4476105077
C05019,retail,32,M,Michoacán,Lawyer,2023-03-10 01:57:42.755243799,919496.9394750774
C05020,retail,28,F,Yucatán,Consultant,2022-06-14 17:30:50.732183580,1843301.4871055756
C05021,retail,28,M,Morelos,Student,2025-04-07 21:13:38.299686779,262619.2218854629
C05022,retail,46,M,Tamaulipas,Lawyer,2020-10-09 04:22:52.830210120,1332187.317717907
C05023,SME,35,M,Quintana Roo,Student,2025-02-06 02:24:47.281293517,242774.9584241561
C05024,retail,18,M,Ciudad de México,Student,2023-03-06 21:41:11.968981994,205531.1317933197
C05025,SME,47,M,Sonora,Freelancer,2025-05-15 02:48:41.398512242,816945.5764755043
C05026,retail,41,M,Colima,Sales,2023-03-06 06:00:42.258130519,721194.8121430839
C05027,retail,58,M,Oaxaca,Business Owner,2020-03-10 04:20:10.974525458,750265.798503023
C05028,retail,46,M,Zacatecas,Sales,2020-02-22 19:47:57.336075973,488172.81240282883
C05029,retail,24,M,Nuevo León,Consultant,2020-08-28 20:17:30.039802378,1748696.9783955782
C05030,retail,18,F,Coahuila,Student,2021-04-12 02:07:24.952513167,255865.92742320732
C05031,retail,33,F,Tlaxcala,Sales,2024-05-28 07:19:16.529944090,649926.400245914
C05032,retail,34,F,Guerrero,Business Owner,2021-02-18 22:51:06.612692994,1683034.7746400097
C05033,retail,53,M,Aguascalientes,Lawyer,2025-04-25 21:33:09.388899570,1358507.1122605703
C05034,retail,41,F,San Luis Potosí,Freelancer,2021-10-23 23:12:12.409801770,986150.8534455773
C05035,retail,55,M,Veracruz,Accountant,2020-10-29 13:17:19.362158168,681229.871160143
C05036,retail,26,M,Tamaulipas,Retired,2023-08-28 12:15:46.646413819,331941.6474965164
C05037,retail,53,F,Morelos,Teacher,2024-06-23 17:11:24.157166941,330909.7805923495
C05038,SME,50,F,Quintana Roo,Retired,2023-08-12 15:54:48.822921024,477563.5555974621
C05039,retail,18,F,Chihuahua,Student,2025-11-22 23:07:55.085542698,262063.7150365879
C05040,SME,57,F,Sonora,Government Employee,2023-06-19 12:11:13.300965420,413847.64529009
C05041,retail,43,M,San Luis Potosí,Engineer,2024-07-17 04:08:43.662228482,795010.958911886
C05042,retail,46,F,Querétaro,Consultant,2023-05-03 10:28:36.249278840,1352965.382359771
C05043,retail,31,F,Chiapas,Business Owner,2021-07-01 08:50:53.001886632,1370191.3786429055
C05044,retail,57,F,Sinaloa,Accountant,2021-04-25 02:10:22.322814863,588923.2370664957
C05045,retail,27,F,Oaxaca,Doctor,2024-10-29 14:45:38.061619246,1225889.9786736788
C05046,retail,51,M,Coahuila,Doctor,2020-05-01 08:03:30.755921179,1307517.483456918
C05047,retail,51,M,Querétaro,Engineer,2024-01-07 20:44:46.911860971,945196.0190327324
C05048,retail,30,M,Sonora,Business Owner,2025-09-29 11:32:50.778701450,3768627.8267408144
C05049,retail,65,M,Zacatecas,Teacher,2025-12-18 13:46:58.082511601,532602.3730544848
C05050,retail,44,M,Querétaro,Student,2021-08-21 14:15:18.024682744,280300.7851989699
C05051,retail,49,M,Tabasco,Lawyer,2021-05-03 02:45:08.645710260,1592083.9917817423
C05052,retail,23,F,Guerrero,Lawyer,2024-08-15 16:08:25.714164282,1555497.8368728552
C05053,retail,67,F,Chiapas,Retired,2021-01-27 23:06:13.658416460,508956.7304174461
C05054,retail,27,F,Baja California,Accountant,2020-06-04 08:38:06.977585651,1095892.1354868591
C05055,retail,54,M,Campeche,Retired,2024-05-17 09:36:37.474369255,267600.4453303828
C05056,retail,30,M,Morelos,Business Owner,2020-03-12 12:46:02.489506587,1541308.5252441159
C05057,retail,34,F,Sinaloa,Doctor,2021-04-05 09:26:39.252035028,1366214.9139880524
C05058,retail,51,M,Sinaloa,Lawyer,2020-05-14 13:05:38.382030183,1591551.8489983478
C05059,retail,54,F,Colima,Retired,2020-10-04 11:37:31.601812925,618439.5883113003
C05060,retail,26,F,Oaxaca,Engineer,2023-05-04 10:31:46.404491123,1110900.627955528
C05061,SME,55,M,Chiapas,Student,2022-05-30 01:03:29.028630950,230713.3749370766
C05062,SME,54,F,Morelos,Student,2020-08-14 23:37:37.947056857,291820.95446590596
C05063,retail,30,M,Oaxaca,Business Owner,2022-05-25 18:42:39.362940370,1599433.265965764
C05064,retail,61,F,Campeche,Sales,2025-06-07 16:45:37.370139650,859017.4548278091
C05065,retail,24,M,Yucatán,Business Owner,2024-10-26 21:37:19.803059652,3093718.191066514
C05066,retail,34,M,Puebla,Government Employee,2020-10-27 18:29:02.631844860,414719.0143931657
C05067,retail,47,F,Nayarit,Lawyer,2021-06-12 04:43:08.999052420,1483293.2644327474
C05068,retail,31,F,Nayarit,Lawyer,2021-04-06 03:29:21.822780277,955055.4142423074
C05069,SME,45,F,Tamaulipas,Accountant,2020-03-13 14:35:13.887309982,554320.5286524338
C05070,retail,44,M,Nayarit,Lawyer,2025-04-29 20:28:42.701489301,806490.4957072242
C05071,retail,39,F,Michoacán,Lawyer,2020-09-26 13:09:37.220358702,635286.4062486712
C05072,retail,51,F,Guanajuato,Retired,2020-04-03 12:49:09.184931688,594095.0707125233
C05073,retail,39,F,Colima,Sales,2021-07-08 23:55:20.323349500,566228.2638673317
C05074,retail,44,F,Tlaxcala,Doctor,2022-01-16 19:37:27.573869879,1485113.4816089123
C05075,SME,55,F,Guerrero,Doctor,2021-02-18 10:52:11.085871646,1107490.5388933793
C05076,retail,51,F,Nayarit,Government Employee,2021-04-21 00:12:20.203460421,890346.2273261662
C05077,retail,51,F,Querétaro,Student,2025-03-30 15:51:47.090113706,296172.3240588292
C05078,retail,28,M,Nayarit,Doctor,2021-03-20 18:22:50.985839184,815723.4711991432
C05079,retail,48,M,Tlaxcala,Lawyer,2023-08-07 16:06:02.382357868,726382.7740987029
C05080,retail,31,F,Colima,Sales,2024-12-06 05:08:14.473568771,476111.79822195496
C05081,retail,26,F,Michoacán,Retired,2025-05-04 20:13:43.851358862,641553.154613721
C05082,retail,41,F,Veracruz,Sales,2021-10-22 23:21:30.624628144,794668.6283468278
C05083,retail,31,M,Morelos,Doctor,2024-06-20 03:55:21.194746167,1056714.8835946745
C05084,retail,51,M,Baja California,Freelancer,2024-11-07 05:22:19.747591815,399904.23064513993
C05085,retail,51,M,Veracruz,Sales,2025-02-21 02:48:13.246822335,771509.3755012203
C05086,retail,19,M,Puebla,Student,2021-01-21 00:17:58.662810323,251630.3476020508
C05087,retail,32,M,Querétaro,Accountant,2025-04-27 13:16:54.518067962,422120.3587384175
C05088,retail,24,F,México,Accountant,2021-04-30 13:33:58.773390646,962951.9571202341
C05089,retail,36,M,Sinaloa,Doctor,2022-07-01 05:19:31.213220048,1469873.5634123716
C05090,retail,47,F,Querétaro,Accountant,2021-11-15 12:30:37.750083387,429460.93624153495
C05091,retail,39,M,San Luis Potosí,Freelancer,2023-05-29 02:02:17.512742419,485873.88868862187
C05092,retail,34,F,Yucatán,Freelancer,2024-01-17 20:05:31.238084257,1019465.795312913
C05093,retail,57,F,Zacatecas,Accountant,2025-07-08 05:55:36.418865895,809255.3625301295
C05094,retail,18,M,Tamaulipas,Student,2022-02-24 11:54:33.077390149,298723.73631548154
C05095,retail,56,F,Coahuila,Retired,2025-07-24 02:29:20.554077061,661977.2673036272
C05096,retail,35,F,Aguascalientes,Accountant,2021-06-25 05:14:39.417947752,524790.2606996275
C05097,retail,41,M,Baja California,Retired,2022-12-07 16:36:55.637655682,553313.3931160006
C05098,retail,35,F,Campeche,Accountant,2024-01-09 00:50:58.056486813,857301.5393396807
C05099,retail,60,M,Michoacán,Lawyer,2025-02-13 14:36:45.679855757,733028.8463235048
C05100,retail,27,F,Guerrero,Sales,2020-08-12 06:48:00.681801092,308187.39833818976
C05101,retail,42,F,Morelos,Student,2022-03-10 13:46:00.030165874,248333.86348899832
C05102,retail,48,F,San Luis Potosí,Lawyer,2020-05-15 23:10:33.060931305,1083568.1591936823
C05103,retail,22,M,Campeche,Student,2025-04-19 13:36:47.967365628,245454.05527102732
C05104,retail,30,M,Michoacán,Government Employee,2024-08-17 17:04:28.617854952,467180.15726497164
C05105,retail,40,M,Coahuila,Engineer,2022-10-12 08:57:50.629652516,889664.6812846318
C05106,retail,31,M,Quintana Roo,Government Employee,2020-10-01 10:27:36.633097107,568377.0946582595
C05107,retail,32,M,Colima,Freelancer,2021-10-09 17:42:53.540056774,1087538.4055312413
C05108,retail,37,M,Sinaloa,Engineer,2025-04-07 17:42:10.826750256,714260.9699502238
C05109,retail,49,F,Ciudad de México,Student,2021-05-26 06:51:14.680841607,284501.0173296812
C05110,SME,37,F,Jalisco,Business Owner,2025-08-01 05:11:03.105191408,2376967.549832512
C05111,SME,54,M,Quintana Roo,Accountant,2022-02-02 04:38:55.702693415,804716.7002012571
C05112,retail,30,M,Ciudad de México,Retired,2022-07-04 11:41:52.262327221,378869.95447142597
C05113,retail,26,M,Zacatecas,Engineer,2025-02-14 14:20:52.823782764,1066363.074270734
C05114,retail,65,M,México,Doctor,2025-12-29 01:12:24.636419022,1390553.4314533959
C05115,retail,34,M,Puebla,Sales,2025-11-14 15:06:19.005901240,775883.5542417039
C05116,retail,26,M,Sonora,Engineer,2022-04-28 00:30:41.018358828,947886.1705776586
C05117,retail,21,F,Campeche,Student,2023-03-03 14:44:06.172220102,216574.3964611023
C05118,retail,54,F,Baja California Sur,Sales,2024-04-18 06:08:45.663274528,663718.0313375238
C05119,retail,37,M,Querétaro,Teacher,2023-04-07 04:11:36.600260449,683805.6304784415
C05120,retail,38,F,Durango,Government Employee,2021-09-29 17:41:17.793500706,753870.3960331923
C05121,retail,40,M,Tabasco,Accountant,2022-10-01 03:04:46.222623828,1069476.0616588588
C05122,SME,54,F,Sinaloa,Consultant,2024-01-01 06:33:16.832583268,956870.9836936076
C05123,retail,39,M,Campeche,Government Employee,2020-01-20 07:20:33.520561337,892201.5954686052
C05124,retail,70,M,Veracruz,Retired,2023-01-28 23:57:49.840847114,573311.5361045192
C05125,SME,43,M,Nayarit,Engineer,2025-07-28 11:28:32.317137935,1073443.6798473077
C05126,retail,54,M,Guanajuato,Freelancer,2023-09-13 17:00:52.536561194,910763.6774850934
C05127,retail,51,F,Nuevo León,Freelancer,2023-01-16 01:56:19.754482663,680363.3455335087
C05128,retail,41,F,Nuevo León,Lawyer,2021-04-04 07:50:10.700059000,1423890.662609586
C05129,retail,34,F,Nayarit,Teacher,2022-12-28 08:28:27.912685989,672836.8971738494
C05130,retail,45,M,Hidalgo,Retired,2025-05-22 23:40:39.810983739,437893.9502648748
C05131,retail,48,F,Sinaloa,Freelancer,2024-12-29 21:28:27.930120248,1151746.244018253
C05132,retail,35,F,Campeche,Consultant,2023-02-08 18:30:01.509884017,574100.0292888212
C05133,retail,43,F,Baja California Sur,Consultant,2020-08-13 01:54:56.492604661,521259.03707966866
C05134,retail,56,F,Michoacán,Doctor,2023-12-01 21:10:06.295824441,1145662.4907109537
C05135,SME,66,F,Jalisco,Retired,2025-12-30 04:20:51.933539301,631831.6769839663
C05136,retail,52,F,Durango,Retired,2022-05-25 07:09:21.929045067,361526.15953402565
C05137,retail,64,F,Chihuahua,Lawyer,2021-08-24 14:10:14.577777550,1432109.3204412526
C05138,retail,34,M,Colima,Government Employee,2024-03-05 18:08:39.796835951,682834.0265162864
C05139,retail,50,M,Tabasco,Freelancer,2024-12-22 04:23:34.754794189,490795.39977697056
C05140,SME,58,F,San Luis Potosí,Business Owner,2020-11-20 17:47:24.465758072,1928911.878798754
C05141,retail,31,F,Michoacán,Business Owner,2022-02-20 00:02:13.430607873,1015087.73661847
C05142,retail,36,M,Durango,Sales,2025-07-04 06:47:31.527425724,598539.6512121945
C05143,retail,62,F,Querétaro,Student,2022-05-06 15:42:10.340985543,234017.35974075866
C05144,retail,30,M,Puebla,Consultant,2024-07-04 02:44:30.085078527,934134.8168700312
C05145,retail,25,M,Tabasco,Consultant,2025-08-08 08:09:50.922198107,1955649.507987399
C05146,retail,60,M,Coahuila,Sales,2021-02-22 19:12:00.084999786,782009.4053559549
C05147,retail,56,F,Nuevo León,Retired,2021-01-15 22:54:46.007234036,486228.4039869526
C05148,retail,47,M,Tamaulipas,Accountant,2022-08-01 12:58:03.468061793,765193.4954606622
C05149,retail,41,M,Sonora,Consultant,2022-10-27 03:11:03.015560211,790417.7209404819
C05150,retail,36,M,Nayarit,Doctor,2024-01-14 23:19:54.296149050,1254389.715123295
C05151,retail,45,F,Hidalgo,Accountant,2025-10-21 17:54:04.234023287,1067545.798900927
C05152,retail,60,F,Colima,Lawyer,2021-05-15 07:55:52.931255808,1677948.3112024355
C05153,SME,44,M,Tabasco,Doctor,2025-04-18 20:25:04.403289474,859339.8038495977
C05154,retail,68,F,Tamaulipas,Retired,2024-08-24 05:20:28.802540990,273893.7888878047
C05155,retail,31,F,Jalisco,Student,2020-05-02 13:17:27.195094686,295350.36676842504
C05156,retail,41,M,Ciudad de México,Lawyer,2021-12-27 04:09:54.215029987,839887.2143181739
C05157,retail,37,F,Guerrero,Freelancer,2024-09-21 23:14:11.457258419,750414.6377853604
C05158,retail,28,M,Chihuahua,Doctor,2022-11-19 23:49:41.649472327,852296.938869859
C05159,retail,40,M,Oaxaca,Freelancer,2025-09-19 11:25:45.803240373,1043298.4007298439
C05160,retail,47,F,Querétaro,Lawyer,2021-07-08 11:23:50.507522698,741437.5317684296
C05161,retail,48,F,Tamaulipas,Engineer,2021-03-08 19:27:13.486709824,950630.6474266653
C05162,retail,68,M,Quintana Roo,Retired,2020-02-04 17:37:44.757770779,275482.64770868723
C05163,retail,47,M,Guerrero,Sales,2025-06-15 20:14:30.130030044,351836.8763603839
C05164,retail,55,F,San Luis Potosí,Doctor,2023-07-31 06:20:47.992055816,1158499.2664914052
C05165,retail,42,F,Nuevo León,Student,2020-04-18 05:29:00.089582995,185482.27669794604
C05166,corporate,62,M,Guerrero,Consultant,2024-12-26 20:47:17.655159426,793419.3561956215
C05167,retail,70,M,Querétaro,Retired,2022-10-07 15:59:26.398534459,311277.6726164281
C05168,retail,48,M,Veracruz,Accountant,2024-03-06 12:45:31.845705009,428402.5621269811
C05169,retail,30,M,Sonora,Retired,2025-11-27 22:12:48.166429585,686949.5175941559
C05170,retail,35,F,Querétaro,Retired,2022-09-13 10:02:16.188781449,452575.2777469987
C05171,retail,45,F,Sonora,Consultant,2021-12-04 09:45:59.158522848,1788404.5958140416
C05172,retail,47,M,Coahuila,Teacher,2022-02-08 01:43:34.790073830,443289.4619242627
C05173,retail,50,F,México,Accountant,2022-11-30 04:49:05.048290512,429814.4212312978
C05174,retail,47,M,Michoacán,Business Owner,2020-04-03 13:11:19.886540067,3691311.9115151404
C05175,retail,42,F,Veracruz,Business Owner,2024-05-31 04:35:57.870708065,866643.0610343203
C05176,retail,34,M,Campeche,Government Employee,2021-04-22 02:48:17.197027244,686948.108042906
C05177,retail,46,M,Chihuahua,Doctor,2024-05-11 06:37:34.199424630,897378.5511670948
C05178,retail,64,M,Michoacán,Business Owner,2022-11-19 09:03:15.045210011,3584513.655805444
C05179,retail,54,F,México,Business Owner,2022-12-04 08:43:14.785924173,4538627.673513385
C05180,SME,48,M,Baja California,Lawyer,2025-08-06 15:49:59.426005242,1746917.522583947
C05181,retail,54,M,Yucatán,Consultant,2021-01-03 02:52:39.135617964,1291665.0548020825
C05182,retail,37,M,San Luis Potosí,Business Owner,2020-04-16 06:18:47.312727664,2990626.535119547
C05183,retail,35,M,Baja California Sur,Student,2022-01-18 10:03:13.770732719,184593.52389817307
C05184,SME,33,M,México,Doctor,2025-03-29 02:19:23.113736147,1338914.0698913746
C05185,retail,40,F,Yucatán,Teacher,2022-10-28 16:16:23.080384796,682484.3224199074
C05186,SME,36,M,Sinaloa,Retired,2021-08-17 23:46:43.484931881,447205.79395338264
C05187,retail,56,F,Colima,Freelancer,2025-01-06 00:48:50.522000255,993692.8906030693
C05188,retail,36,F,Guerrero,Freelancer,2022-11-01 22:24:04.330651953,997457.2877094359
C05189,SME,32,F,Querétaro,Business Owner,2023-04-08 02:20:25.497838016,4078514.4698506016
C05190,retail,65,F,Sonora,Engineer,2023-04-30 21:58:56.112307050,1031077.4351601198
C05191,retail,36,F,Baja California,Government Employee,2023-01-16 18:57:00.264808230,450567.93076825363
C05192,retail,43,F,México,Government Employee,2022-09-06 06:59:54.848721176,825998.1605390444
C05193,retail,47,M,Colima,Retired,2022-02-14 12:17:01.928656227,314978.06590957753
C05194,SME,28,F,Tabasco,Accountant,2024-07-05 14:33:44.126829501,898752.8380002291
C05195,retail,56,F,Zacatecas,Teacher,2020-07-24 16:58:14.027986088,301415.5186674418
C05196,retail,49,M,Yucatán,Business Owner,2023-07-15 07:22:30.547799317,4650948.582947064
C05197,retail,60,M,Querétaro,Retired,2021-07-03 03:45:10.021842413,622325.7926959281
C05198,retail,33,F,Guanajuato,Doctor,2022-11-04 20:37:09.739021996,1278075.105473778
C05199,retail,43,F,Morelos,Lawyer,2022-10-19 19:27:49.358694027,713361.4293514846
C05200,retail,42,M,Querétaro,Retired,2020-02-09 19:35:35.660663675,621245.673190244
C05201,retail,45,F,Tlaxcala,Teacher,2021-01-30 18:01:23.391670943,650070.4009314403
C05202,corporate,24,M,Puebla,Lawyer,2024-04-18 02:27:37.346839840,1425586.0522159848
C05203,retail,43,M,Querétaro,Accountant,2023-08-11 23:57:32.226696547,1083121.619761375
C05204,retail,24,F,Tlaxcala,Lawyer,2022-05-18 01:19:00.043463473,711455.335028115
C05205,SME,46,F,Aguascalientes,Business Owner,2024-12-11 04:07:34.395363288,3747193.9109351463
C05206,retail,18,F,Oaxaca,Student,2020-12-18 07:55:58.665828579,242976.04895414526
C05207,retail,19,M,Quintana Roo,Student,2024-06-14 16:30:16.894144656,197472.881063421
C05208,retail,51,F,Tlaxcala,Consultant,2021-06-24 21:45:32.725295970,1487621.8283293531
C05209,retail,35,M,México,Lawyer,2024-03-18 17:01:47.803368349,1559434.6696803384
C05210,retail,30,F,Puebla,Consultant,2024-04-25 19:22:59.323361404,747122.5264600212
C05211,SME,57,M,Querétaro,Retired,2022-08-07 15:52:11.015539672,607071.61323559
C05212,retail,45,M,Baja California,Engineer,2025-12-11 02:26:37.766203821,565079.5288394165
C05213,retail,52,F,San Luis Potosí,Freelancer,2021-12-15 02:09:44.533230497,791400.7024407649
C05214,retail,40,M,Durango,Sales,2024-04-25 00:20:58.269874952,769006.3696047331
C05215,retail,74,F,Oaxaca,Retired,2021-07-06 08:32:47.413103384,315680.72132118035
C05216,retail,34,M,Chihuahua,Retired,2020-06-10 05:38:32.467316048,507184.1641406367
C05217,retail,62,M,Baja California Sur,Engineer,2023-02-20 00:59:17.924764584,797415.1746310166
C05218,retail,41,M,Sinaloa,Consultant,2022-03-26 13:08:51.149877050,1410913.6880448083
C05219,retail,22,F,Hidalgo,Student,2024-10-12 13:37:30.962772944,230907.02827089617
C05220,retail,47,M,San Luis Potosí,Freelancer,2022-08-13 19:24:08.395550051,450912.1198339735
C05221,retail,45,F,Veracruz,Engineer,2022-03-23 15:55:58.641622843,677667.8831293613
C05222,retail,29,F,Yucatán,Teacher,2021-06-02 19:27:16.235820153,645880.9395124761
C05223,retail,30,M,México,Sales,2023-04-04 08:00:03.630680875,351695.4631238475
C05224,retail,41,M,Chihuahua,Doctor,2024-01-08 03:12:56.760822261,886180.0989635808
C05225,retail,46,M,Ciudad de México,Consultant,2023-10-28 00:37:08.921099900,645618.8126373369
C05226,retail,18,F,Durango,Student,2020-09-08 00:07:00.557604684,188898.64611644082
C05227,retail,54,M,Ciudad de México,Teacher,2025-05-02 08:43:00.272683231,305796.8901369163
C05228,retail,36,M,Nayarit,Government Employee,2022-10-01 10:27:07.684389851,412284.2455811881
C05229,retail,26,M,Ciudad de México,Sales,2022-08-22 14:02:23.612764350,375273.0254146127
C05230,retail,53,F,San Luis Potosí,Business Owner,2020-11-10 17:15:35.839776627,1859813.7288475367
C05231,retail,41,F,Yucatán,Sales,2025-03-11 15:48:52.252130742,330625.7861289066
C05232,retail,56,F,Nayarit,Teacher,2023-11-16 22:04:16.763918026,337662.4357239699
C05233,retail,47,F,Ciudad de México,Accountant,2021-05-14 09:56:53.959761084,779034.2494668347
C05234,retail,41,M,Chiapas,Government Employee,2022-06-29 17:46:32.419821605,803081.2285868768
C05235,retail,40,M,Hidalgo,Sales,2020-03-15 21:29:30.529379436,659622.295475449
C05236,retail,47,F,Guerrero,Student,2024-03-26 02:49:12.451153259,246805.32098171266
C05237,retail,37,F,Ciudad de México,Retired,2021-01-02 09:01:12.635848019,448254.1380290207
C05238,retail,31,M,Nuevo León,Accountant,2023-05-23 09:12:53.254607151,843786.8076543031
C05239,retail,49,M,Oaxaca,Freelancer,2024-09-05 22:43:30.041009305,1101867.6725947675
C05240,retail,40,F,Aguascalientes,Business Owner,2023-07-26 17:40:08.444035948,3397899.8397853784
C05241,SME,42,M,Guanajuato,Lawyer,2025-05-28 11:46:42.598087383,673033.3592547325
C05242,retail,55,M,Chiapas,Government Employee,2025-06-10 04:39:04.648584849,699293.7922381447
C05243,retail,40,F,Yucatán,Freelancer,2023-05-05 10:30:02.375012278,724214.982286082
C05244,SME,42,F,Coahuila,Accountant,2020-09-26 17:26:00.372234876,716416.7252842234
C05245,retail,34,M,Hidalgo,Engineer,2021-01-04 16:01:45.571929304,898157.2857975179
C05246,retail,47,M,Quintana Roo,Doctor,2023-07-05 13:03:08.530681462,1270833.0365814667
C05247,retail,46,M,Chihuahua,Teacher,2022-04-04 02:30:47.576576797,314904.0744992071
C05248,retail,52,F,Hidalgo,Sales,2022-11-05 16:25:48.220985972,562131.0612960199
C05249,retail,35,F,Chihuahua,Retired,2024-09-07 10:40:38.898270232,617753.4321244675
C05250,retail,36,F,México,Government Employee,2021-12-29 08:56:32.793861404,671544.5729351282
C05251,retail,51,M,Colima,Doctor,2025-08-02 19:31:40.031674434,847500.5205201913
C05252,SME,45,M,Zacatecas,Freelancer,2021-12-17 06:30:39.472439400,975070.7661660867
C05253,retail,31,F,Guanajuato,Consultant,2021-10-05 03:29:01.405537712,1911998.2774256282
C05254,retail,57,M,Durango,Freelancer,2025-06-13 09:38:01.671214129,1051844.8098432855
C05255,retail,21,F,Ciudad de México,Student,2022-11-15 05:43:21.824255244,223508.6185164897
C05256,retail,51,F,Campeche,Teacher,2022-04-21 04:10:58.315596204,513930.0702980187
C05257,retail,26,M,Jalisco,Sales,2020-10-26 18:27:43.757154270,634353.4929485811
C05258,retail,64,F,Campeche,Government Employee,2022-01-28 22:43:33.765736417,801059.7262286581
C05259,retail,23,M,San Luis Potosí,Sales,2021-03-23 12:21:28.820689273,682945.3806782383
C05260,retail,55,F,México,Accountant,2023-10-30 15:01:26.671962512,539350.225669255
C05261,retail,41,M,Puebla,Retired,2024-12-05 03:09:53.971674303,629368.1184322892
C05262,retail,37,F,Durango,Business Owner,2024-10-21 18:07:07.272900681,4351485.1400622735
C05263,retail,44,F,Jalisco,Business Owner,2025-08-16 10:13:06.562758134,2438712.1707389653
C05264,retail,49,M,Sinaloa,Consultant,2022-12-12 21:11:38.812170350,696372.1797286384
C05265,SME,31,M,Chihuahua,Engineer,2021-09-05 01:32:04.644871535,925997.3309478064
C05266,retail,32,M,Michoacán,Government Employee,2025-09-14 11:16:38.777147243,550082.3068158353
C05267,retail,49,M,Sinaloa,Government Employee,2024-03-10 22:41:54.932159520,818974.1814907461
C05268,retail,21,F,Guerrero,Student,2021-09-17 09:44:08.209533007,217879.16827019496
C05269,retail,34,M,Tamaulipas,Freelancer,2023-11-27 14:13:08.457172483,462999.5388281881
C05270,retail,78,M,Campeche,Retired,2022-10-27 06:24:37.909543757,640470.5349196065
C05271,retail,30,M,Aguascalientes,Accountant,2022-10-30 15:34:31.752225275,831074.9907108962
C05272,retail,55,F,Veracruz,Consultant,2025-04-27 04:04:14.322692757,628987.5510150162
C05273,retail,34,F,Campeche,Freelancer,2022-08-07 17:23:00.684260915,889363.5366116103
C05274,retail,48,M,Sinaloa,Lawyer,2020-12-04 13:28:00.391669932,1503281.0144151177
C05275,retail,49,F,Hidalgo,Student,2022-11-25 22:39:03.842995869,208224.66881561026
C05276,retail,55,F,Coahuila,Consultant,2022-11-10 03:33:51.890878105,1951485.4890983836
C05277,retail,39,M,México,Lawyer,2021-02-16 14:13:29.737013217,1047430.2687271484
C05278,retail,65,F,Yucatán,Sales,2020-06-16 13:49:48.128062678,861373.9429031598
C05279,SME,34,M,Chihuahua,Retired,2022-11-13 05:26:46.243882699,382127.9091558004
C05280,retail,44,M,Veracruz,Teacher,2025-05-10 04:47:31.367636507,543679.0016689438
C05281,corporate,44,F,Jalisco,Student,2025-12-02 22:29:12.572575285,242108.90144624113
C05282,retail,28,M,Nayarit,Freelancer,2022-12-25 20:10:45.940650203,1192159.536095702
C05283,retail,38,F,Campeche,Accountant,2020-10-23 13:28:05.127717489,685849.3348940255
C05284,retail,43,M,Aguascalientes,Government Employee,2021-07-28 04:37:15.624662983,425503.6437257583
C05285,retail,36,M,Tlaxcala,Sales,2020-06-20 19:20:57.878782390,791586.5942239687
C05286,retail,71,F,Baja California Sur,Retired,2020-11-12 20:48:12.521330402,268919.91488286736
C05287,corporate,31,F,Hidalgo,Student,2021-07-29 19:00:03.923131591,286195.60841706925
C05288,retail,56,F,Nayarit,Teacher,2025-01-24 06:18:08.444598303,344235.907956874
C05289,retail,52,M,Tlaxcala,Engineer,2022-01-07 01:55:17.415604929,900409.2785914561
C05290,retail,41,F,Campeche,Consultant,2024-01-26 13:49:37.153633261,1570123.6899977871
C05291,retail,31,F,Campeche,Freelancer,2025-11-25 08:12:53.960420043,536323.6769178272
C05292,retail,32,M,Guanajuato,Engineer,2024-12-09 04:25:12.836753777,1091319.85267654
C05293,retail,35,F,Jalisco,Student,2023-05-26 07:26:32.634778162,251245.1900324492
C05294,retail,20,F,Sinaloa,Student,2025-08-09 21:10:57.324024065,227419.10200055322
C05295,retail,29,M,Coahuila,Accountant,2024-04-29 08:53:12.876557252,627754.7964495639
C05296,retail,24,M,Tlaxcala,Teacher,2023-02-27 21:15:30.209804865,344803.4065504987
C05297,retail,58,M,Baja California Sur,Consultant,2020-10-02 03:29:33.792392003,1460545.981804862
C05298,retail,49,F,Coahuila,Lawyer,2021-04-10 19:48:43.579148081,1036851.8996426985
C05299,retail,51,M,Colima,Retired,2023-12-03 03:45:44.044973859,394252.56740309694
C05300,retail,49,F,Guerrero,Teacher,2023-10-20 18:35:10.061219728,679980.142902304
C05301,retail,44,M,Zacatecas,Lawyer,2025-08-20 15:08:39.617015527,927357.3796266341
C05302,retail,59,F,Coahuila,Government Employee,2023-08-23 00:29:39.980192088,913596.4540529228
C05303,retail,34,M,San Luis Potosí,Accountant,2022-06-18 19:52:29.909728214,1082428.1903678414
C05304,retail,43,F,Michoacán,Government Employee,2020-06-18 03:23:12.504184040,875918.7869187606
C05305,retail,50,M,Veracruz,Government Employee,2024-10-24 17:06:14.338429776,313661.96380079
C05306,retail,26,F,Sinaloa,Accountant,2021-03-11 02:06:00.213168993,1008037.6616513861
C05307,retail,79,F,Morelos,Retired,2020-05-28 09:52:21.917711920,346037.11516348453
C05308,retail,42,F,Sonora,Freelancer,2025-11-27 00:34:50.618111882,553277.9791284456
C05309,retail,43,M,Querétaro,Accountant,2024-03-19 08:13:59.022776253,1094109.2265864662
C05310,retail,57,M,Campeche,Government Employee,2021-10-16 10:11:28.233051292,583484.906589786
C05311,retail,52,F,Zacatecas,Government Employee,2020-10-20 21:54:21.875615822,758385.0783072647
C05312,retail,42,M,Morelos,Teacher,2021-02-06 17:21:03.730134207,424287.9855716729
C05313,SME,43,M,Nayarit,Student,2025-12-03 18:39:54.215161743,224331.8096688683
C05314,SME,23,F,Sonora,Consultant,2020-02-02 03:22:28.453874008,1396438.5903097373
C05315,retail,35,M,Campeche,Accountant,2020-11-28 17:22:40.154418436,1063800.970311854
C05316,retail,48,M,Morelos,Sales,2021-10-12 02:02:31.278799384,433596.3995741063
C05317,retail,47,F,México,Student,2022-09-15 22:59:07.613303915,209684.1682111843
C05318,SME,56,M,Querétaro,Student,2022-01-21 18:03:13.796491566,183152.97351221406
C05319,retail,40,M,Morelos,Government Employee,2023-08-13 22:31:46.733639999,441476.3644271869
C05320,retail,25,F,Hidalgo,Business Owner,2020-11-27 12:49:29.583400399,1828374.2483518808
C05321,retail,54,M,Sinaloa,Student,2023-10-26 19:47:38.965976004,187545.15371315932
C05322,retail,59,F,Sonora,Government Employee,2024-08-14 01:29:20.989506153,694526.7087005784
C05323,retail,52,M,Baja California Sur,Consultant,2023-08-05 21:20:46.424766449,690146.667626963
C05324,corporate,40,F,Guerrero,Business Owner,2023-01-28 13:21:09.126568675,2897629.0267419405
C05325,retail,54,M,Tabasco,Government Employee,2025-09-04 16:00:13.151549848,432287.1123358152
C05326,retail,83,M,Morelos,Retired,2022-02-23 10:06:53.932145488,671077.4114515733
C05327,retail,43,M,Querétaro,Accountant,2024-09-26 12:45:19.731659278,614968.6002884713
C05328,retail,26,M,Querétaro,Accountant,2025-08-28 04:36:06.179360799,465050.0252998466
C05329,retail,34,F,Coahuila,Student,2021-03-09 19:12:19.382386117,280339.3552012935
C05330,retail,49,M,Coahuila,Engineer,2022-06-06 14:50:30.712050549,781425.8660696102
C05331,retail,22,F,Sonora,Student,2021-08-31 16:03:54.963433149,278415.3299795739
C05332,retail,44,F,Guanajuato,Engineer,2020-12-12 02:10:50.040495547,718743.0206853552
C05333,retail,46,F,Michoacán,Government Employee,2022-11-13 01:07:18.891568028,650026.9430794275
C05334,retail,60,M,Campeche,Business Owner,2023-12-10 10:02:54.304049067,2615036.844559836
C05335,SME,57,M,Michoacán,Retired,2023-06-19 09:25:52.899234746,501058.41569027957
C05336,SME,52,F,Chiapas,Business Owner,2024-02-18 19:22:37.351413638,2427100.498662251
C05337,retail,18,F,Nuevo León,Student,2021-08-06 09:37:05.772059104,239616.75487729965
C05338,retail,53,F,Querétaro,Lawyer,2023-12-21 13:15:13.590291595,1415193.7004384785
C05339,SME,50,M,Tlaxcala,Business Owner,2024-05-02 21:33:37.883869237,2483136.361349949
C05340,retail,45,F,Jalisco,Freelancer,2023-06-16 08:36:06.367770532,884405.4308252194
C05341,retail,21,F,Yucatán,Student,2020-06-27 15:33:04.658119240,265716.9446081108
C05342,SME,32,M,Coahuila,Government Employee,2021-11-10 02:32:31.909519205,824249.4848775372
C05343,retail,27,F,Ciudad de México,Business Owner,2022-03-01 02:00:42.741403777,2725028.8659114186
C05344,retail,18,M,Sinaloa,Student,2023-12-10 05:10:19.751585527,180454.81344269397
C05345,SME,41,M,Tamaulipas,Government Employee,2025-07-10 10:13:19.317521327,827458.5043762107
C05346,retail,32,F,Hidalgo,Teacher,2023-08-06 21:16:05.861154335,663634.9562544324
C05347,retail,73,M,Michoacán,Retired,2025-02-11 21:56:47.394363628,543678.6965724274
C05348,retail,39,F,Puebla,Student,2023-03-13 08:10:00.024889876,242946.16744055238
C05349,retail,57,M,Campeche,Teacher,2024-10-11 11:18:46.807614901,523837.0899023594
C05350,retail,23,M,Coahuila,Engineer,2023-03-06 04:47:22.134710474,948568.8719197146
C05351,retail,35,M,Veracruz,Engineer,2024-08-05 07:53:22.264374944,1198968.249989205
C05352,corporate,43,F,Baja California Sur,Engineer,2021-05-24 10:14:03.978170503,543439.2185454251
C05353,retail,31,M,Oaxaca,Sales,2021-08-06 20:01:13.713348387,263768.9043978812
C05354,retail,36,M,México,Accountant,2024-11-26 03:11:52.916698439,1074918.55006639
C05355,retail,39,F,Sinaloa,Business Owner,2025-05-23 16:12:02.364714841,2594041.3831825815
C05356,retail,39,M,Puebla,Doctor,2024-11-08 01:27:19.592115891,1228648.1976773676
C05357,retail,64,M,Sonora,Accountant,2021-04-17 09:37:43.383661482,927409.4148144814
C05358,SME,46,M,Jalisco,Teacher,2024-08-31 05:11:41.728400636,596839.2341629167
C05359,retail,47,M,Coahuila,Consultant,2020-09-01 05:55:32.026304950,1470791.9368962762
C05360,retail,48,M,Nayarit,Retired,2025-11-05 22:23:37.099307025,462351.6639977894
C05361,retail,49,M,Sinaloa,Retired,2025-03-10 15:36:30.147785215,509235.7889882515
C05362,retail,41,M,Chiapas,Lawyer,2025-06-21 08:26:40.509917710,1475575.9492252015
C05363,retail,38,F,Puebla,Teacher,2025-07-28 05:28:22.452423814,640326.657388804
C05364,retail,44,M,Oaxaca,Government Employee,2023-02-22 05:40:32.074244306,389112.96023916337
C05365,retail,55,F,Colima,Student,2024-10-31 12:18:31.237537319,213355.31051304252
C05366,corporate,55,F,Tabasco,Lawyer,2022-08-13 08:48:25.732439199,1077114.1085227565
C05367,retail,39,M,Oaxaca,Accountant,2021-08-24 05:51:45.763592925,865849.4493672053
C05368,retail,51,F,Nayarit,Lawyer,2023-12-17 20:11:50.032892405,1074806.0932969726
C05369,retail,39,M,Puebla,Teacher,2022-04-21 15:46:46.922915569,395554.257865246
C05370,retail,42,M,Nuevo León,Sales,2025-12-26 20:40:44.027848883,271542.96999885706
C05371,retail,36,M,Oaxaca,Engineer,2020-03-24 05:26:15.612181583,1089756.4013643041
C05372,retail,39,F,Baja California Sur,Freelancer,2024-11-06 07:45:30.442757680,618934.1818548846
C05373,retail,58,M,Quintana Roo,Student,2025-05-05 08:04:39.574034730,219507.80909887605
C05374,retail,43,M,Veracruz,Consultant,2024-05-09 16:39:11.490380530,1296239.862516677
C05375,retail,43,M,Chihuahua,Engineer,2023-08-28 16:39:02.139273224,586043.9736048322
C05376,retail,24,F,Nayarit,Accountant,2020-08-31 06:54:25.671394306,678151.2480263676
C05377,retail,38,M,Tabasco,Retired,2020-04-25 02:32:00.474946315,588304.3338855444
C05378,retail,39,M,México,Engineer,2020-07-30 21:29:40.547524516,1015282.9505219231
C05379,retail,32,M,Jalisco,Government Employee,2020-05-29 00:43:26.044906541,840328.2262062164
C05380,retail,42,F,San Luis Potosí,Business Owner,2022-06-25 16:46:19.302241851,2709893.9634566773
C05381,retail,36,M,Puebla,Business Owner,2022-06-13 20:48:25.372184801,2286329.3831351786
C05382,retail,42,M,Querétaro,Accountant,2025-07-12 14:10:32.137081178,982009.1804293744
C05383,retail,43,F,Colima,Lawyer,2024-07-05 03:38:22.134208686,807949.4187563815
C05384,retail,30,M,Guanajuato,Retired,2025-03-18 10:01:53.618953821,576312.7262032176
C05385,retail,37,F,Guanajuato,Accountant,2021-07-13 19:53:01.863898241,1021563.9933948634
C05386,retail,42,F,Guerrero,Engineer,2022-11-09 09:33:23.572594486,700306.8809581578
C05387,retail,56,F,Michoacán,Retired,2023-03-17 13:18:33.545814267,339008.13779301173
C05388,SME,45,M,Coahuila,Consultant,2024-08-13 09:33:43.381796260,1268787.419580224
C05389,retail,34,M,Yucatán,Freelancer,2025-12-29 00:18:44.814982978,416390.89830607956
C05390,retail,46,M,Tabasco,Accountant,2020-07-23 11:00:33.155637405,1009538.8335105493
C05391,retail,62,F,Baja California Sur,Retired,2023-12-10 13:46:35.643565757,359987.84987028467
C05392,retail,53,F,Baja California,Consultant,2020-04-19 17:42:43.964689408,970949.1961615724
C05393,retail,48,M,Baja California Sur,Consultant,2024-05-19 16:28:50.375266312,1832630.2008063628
C05394,retail,50,F,Yucatán,Student,2023-12-07 02:37:50.983852575,204674.80001793493
C05395,retail,59,F,Colima,Freelancer,2022-12-25 16:06:15.426622740,1084784.91065069
C05396,retail,54,M,Oaxaca,Government Employee,2023-08-16 18:24:57.321460684,446862.281380747
C05397,retail,48,M,Colima,Business Owner,2023-01-18 13:53:28.626025501,4620765.256014952
C05398,retail,54,M,Yucatán,Consultant,2025-09-22 07:18:57.112377668,976463.1722861247
C05399,retail,29,M,Campeche,Freelancer,2021-05-20 20:55:36.325685321,446234.8377027571
C05400,retail,23,F,Yucatán,Sales,2020-02-23 23:56:34.516799286,560173.8283488599
C05401,retail,43,F,Quintana Roo,Retired,2024-05-15 20:34:10.258577511,416150.945718846
C05402,SME,42,M,Zacatecas,Freelancer,2023-02-27 00:47:18.059444063,401749.88878793083
C05403,SME,35,M,Hidalgo,Lawyer,2025-02-25 22:46:12.510599310,1006024.8960610147
C05404,retail,51,M,Querétaro,Accountant,2020-06-19 20:12:09.390426657,899261.2534846419
C05405,retail,19,F,Sonora,Student,2021-07-22 01:40:48.128546674,279828.9084715108
C05406,retail,35,F,Morelos,Engineer,2023-05-14 06:39:04.037450551,1074534.1028427524
C05407,SME,36,F,Tlaxcala,Business Owner,2024-08-24 09:00:13.368383750,3954314.9249393637
C05408,retail,22,F,Tabasco,Student,2020-10-22 15:16:19.908550381,180652.22373337546
C05409,retail,59,M,San Luis Potosí,Consultant,2023-10-20 18:04:02.073497273,1139906.3472870593
C05410,retail,25,M,Querétaro,Business Owner,2022-09-11 16:36:03.193376809,1426580.532786877
C05411,retail,34,F,Nayarit,Engineer,2023-05-12 01:28:05.665462545,551433.1515944364
C05412,retail,52,M,Chiapas,Business Owner,2022-07-30 09:26:37.853839859,3864293.543288533
C05413,retail,49,F,Guerrero,Business Owner,2025-05-15 19:41:17.864943044,4111964.236309688
C05414,retail,28,M,Baja California,Student,2024-04-03 02:57:44.776100264,277754.81223561685
C05415,retail,50,F,Durango,Teacher,2021-11-20 09:06:34.414561888,656125.2084560402
C05416,retail,45,F,Coahuila,Engineer,2025-02-10 04:54:07.447218369,913034.3237070518
C05417,retail,69,F,México,Retired,2021-05-15 01:02:00.774448110,699159.4080421478
C05418,retail,46,F,Tabasco,Engineer,2020-02-18 21:21:53.756292450,838606.331940929
C05419,retail,40,M,Sonora,Student,2020-01-25 22:51:08.429201401,286020.7633646886
C05420,retail,31,F,Querétaro,Business Owner,2021-11-18 16:10:53.115664770,1185645.402023585
C05421,retail,33,M,Coahuila,Retired,2025-09-10 22:36:41.401007760,317015.72419144324
C05422,retail,32,F,México,Teacher,2025-10-09 11:09:41.523389907,536140.3681791103
C05423,SME,58,M,Michoacán,Lawyer,2021-06-05 22:49:13.513060099,748961.8504408575
C05424,retail,42,F,Querétaro,Student,2025-09-08 17:01:18.359849979,189036.1518813497
C05425,retail,48,M,Sonora,Sales,2024-04-23 22:53:42.700290303,377442.2069987159
C05426,retail,60,M,Aguascalientes,Teacher,2023-06-28 14:16:02.499394901,615015.5334717273
C05427,corporate,18,M,México,Student,2025-05-27 07:30:20.369937616,291295.88809962076
C05428,retail,57,F,Baja California Sur,Teacher,2021-10-13 07:25:55.177670198,433387.26244353614
C05429,retail,42,M,Yucatán,Business Owner,2025-05-13 03:12:02.937520667,4891451.088816516
C05430,retail,47,M,Durango,Retired,2022-01-14 21:38:21.490049522,614298.519398914
C05431,retail,32,M,Michoacán,Student,2025-12-11 17:01:31.828223048,207133.15210326383
C05432,retail,32,M,Baja California,Teacher,2024-02-29 08:31:48.419018822,534446.5857097933
C05433,retail,47,M,Morelos,Doctor,2024-06-12 20:34:36.616896497,1487256.3720143563
C05434,retail,70,F,Aguascalientes,Retired,2023-09-10 04:25:23.277545250,631954.4645566269
C05435,retail,54,M,Campeche,Lawyer,2024-04-23 13:14:50.657166630,1036031.2627066593
C05436,retail,57,F,Guanajuato,Sales,2025-09-15 09:30:38.781717419,449110.214178358
C05437,retail,39,M,Morelos,Freelancer,2024-06-18 14:04:01.544602443,1019254.9675031871
C05438,retail,34,M,Baja California,Teacher,2022-09-03 23:30:53.221624197,519666.627857825
C05439,retail,32,F,Aguascalientes,Engineer,2024-09-16 03:51:31.766020878,614409.9241740853
C05440,retail,36,M,Tlaxcala,Sales,2020-04-25 12:19:10.074899695,463091.4907820358
C05441,retail,18,M,Tamaulipas,Student,2025-08-15 09:05:49.862447059,259418.21909782768
C05442,retail,33,M,Tamaulipas,Accountant,2025-11-06 09:53:45.076041417,507211.3720563967
C05443,retail,35,M,Chihuahua,Engineer,2021-05-17 19:52:35.145068583,989102.0439009328
C05444,SME,39,F,Guanajuato,Government Employee,2020-03-01 19:22:22.805129762,796950.8429560743
C05445,retail,43,F,Campeche,Teacher,2025-05-01 00:20:09.632471701,408298.8127308905
C05446,retail,46,F,San Luis Potosí,Doctor,2021-04-03 21:46:26.909274688,1078621.798312821
C05447,retail,41,M,Guanajuato,Freelancer,2022-12-27 19:00:16.018367136,1135451.6000219309
C05448,retail,35,M,Chiapas,Teacher,2020-01-31 03:32:58.536436777,599671.0643017732
C05449,retail,18,M,Veracruz,Student,2024-01-13 02:38:30.004080846,274538.06647860224
C05450,retail,35,F,Durango,Government Employee,2025-02-11 03:46:15.443240579,661386.1491058461
C05451,retail,30,M,Chiapas,Teacher,2020-01-28 01:13:28.684123878,385256.1854802688
C05452,retail,47,M,Tabasco,Doctor,2025-01-31 06:17:11.532765591,1213879.7300877057
C05453,retail,52,F,Tabasco,Retired,2023-10-21 14:15:15.699228950,597447.7026717912
C05454,retail,53,M,San Luis Potosí,Consultant,2022-04-05 09:39:42.029725110,505824.9002402314
C05455,retail,51,F,Tabasco,Doctor,2022-06-16 14:54:29.425929870,879643.49106211
C05456,retail,40,M,Sonora,Student,2023-05-05 11:02:58.354025594,236915.76818508518
C05457,retail,35,F,Querétaro,Student,2023-06-25 08:07:02.657118638,232463.9748893393
C05458,retail,33,M,Querétaro,Consultant,2023-03-28 11:24:34.282852120,1973425.5509755246
C05459,SME,23,F,Baja California Sur,Doctor,2025-12-11 01:17:27.448453443,864507.1225709567
C05460,SME,53,M,Tlaxcala,Government Employee,2021-11-21 00:59:26.019532615,526580.7774705099
C05461,retail,39,M,Chihuahua,Freelancer,2024-10-24 04:46:12.192110966,1015111.2426566107
C05462,retail,27,M,Sonora,Government Employee,2020-07-26 12:36:29.073123084,728699.9279730485
C05463,retail,32,F,Hidalgo,Doctor,2020-06-12 06:44:03.705475619,1193130.6704776373
C05464,retail,31,F,Michoacán,Student,2020-02-26 00:17:44.682793068,268944.86583109776
C05465,retail,42,M,Coahuila,Doctor,2020-05-03 21:14:49.745598954,827988.1473720255
C05466,retail,54,F,Nayarit,Lawyer,2024-05-30 09:01:32.597062878,1736990.9855323664
C05467,retail,37,F,Baja California Sur,Accountant,2024-03-30 09:32:07.024741972,533884.9558276642
C05468,retail,18,M,Chihuahua,Student,2023-10-26 01:11:41.951198758,189820.58505384592
C05469,retail,39,M,Durango,Engineer,2022-08-20 09:44:05.857973759,737267.8432542708
C05470,retail,40,F,Michoacán,Student,2023-06-21 15:42:44.972017460,264283.45027227246
C05471,retail,39,M,Sinaloa,Doctor,2024-08-28 08:00:56.053640644,962038.5076441295
C05472,retail,34,M,Hidalgo,Business Owner,2025-03-22 15:47:30.163177116,914403.3695201026
C05473,retail,44,M,Sinaloa,Consultant,2025-06-01 08:50:43.834246529,586119.3271642094
C05474,retail,42,M,San Luis Potosí,Government Employee,2023-12-08 23:51:31.612655675,479604.17064781283
C05475,retail,41,F,San Luis Potosí,Consultant,2023-09-02 02:22:47.761865869,702910.9186026361
C05476,retail,46,M,Ciudad de México,Doctor,2025-11-10 09:19:23.675237031,1060703.549770252
C05477,retail,36,M,Tabasco,Retired,2020-11-13 12:15:38.110641820,327883.06089534017
C05478,retail,36,M,Yucatán,Government Employee,2024-12-28 03:41:53.004422125,541020.3806932052
C05479,retail,58,M,Michoacán,Accountant,2020-02-02 21:55:21.132363373,711141.4360537787
C05480,retail,48,M,Guanajuato,Doctor,2023-06-21 13:43:21.860690933,1319778.188314657
C05481,retail,51,F,Ciudad de México,Doctor,2020-08-18 05:58:21.620330616,959179.8962100395
C05482,retail,56,M,Durango,Lawyer,2020-06-07 13:03:07.749202283,1170077.003767896
C05483,retail,48,F,Guanajuato,Accountant,2022-04-04 22:46:58.975902181,970749.4501130551
C05484,retail,53,M,Tlaxcala,Accountant,2025-03-30 00:23:08.052298573,1090465.019060376
C05485,retail,23,M,Sinaloa,Student,2020-09-22 15:22:29.257927409,246877.2977177541
C05486,corporate,44,M,Puebla,Government Employee,2023-11-06 14:00:02.572941972,602624.6894189902
C05487,retail,39,F,Yucatán,Sales,2020-08-27 06:37:39.939012917,660497.1654992911
C05488,retail,62,F,Querétaro,Accountant,2025-10-04 22:39:37.385298451,740407.448683939
C05489,retail,53,M,México,Teacher,2020-02-22 01:26:41.828706475,365902.8217740134
C05490,SME,34,M,Puebla,Accountant,2022-01-13 09:37:39.686731481,721613.4868990226
C05491,retail,46,F,Hidalgo,Business Owner,2020-10-31 14:33:01.825585705,4910132.294556137
C05492,retail,44,M,Morelos,Consultant,2025-05-25 22:34:36.680353947,1460643.6099155762
C05493,retail,47,F,Campeche,Doctor,2021-06-24 20:22:13.339936164,998402.8646660249
C05494,retail,29,M,Yucatán,Freelancer,2020-09-04 05:52:36.472919150,1147146.9535116479
C05495,retail,46,F,Veracruz,Business Owner,2020-02-07 03:34:38.491182394,2370901.496854198
C05496,retail,39,F,Guanajuato,Engineer,2021-12-20 14:12:29.580329965,773085.3536240302
C05497,retail,45,M,Tlaxcala,Sales,2024-04-16 11:14:28.882201872,650790.2864203362
C05498,retail,33,F,Aguascalientes,Engineer,2025-01-28 13:11:31.303453056,898282.1704504377
C05499,retail,34,M,Tamaulipas,Business Owner,2020-01-31 18:35:39.437497248,1948877.5477543552
C05500,retail,56,M,Aguascalientes,Sales,2025-10-27 04:08:30.020570923,553602.6781105977
C05501,retail,29,M,Baja California Sur,Government Employee,2020-06-08 05:48:11.730861274,532759.450440351
C05502,retail,30,M,Quintana Roo,Consultant,2024-09-07 20:35:12.454021384,1606671.4138153985
C05503,retail,41,M,México,Engineer,2022-04-21 08:18:15.324532469,585752.1290120063
C05504,retail,32,F,Aguascalientes,Retired,2022-03-13 08:29:24.442116203,587613.7587298602
C05505,retail,31,F,Zacatecas,Accountant,2020-01-13 07:23:05.743685550,512817.0788861211
C05506,retail,43,M,Quintana Roo,Consultant,2023-05-02 03:02:37.953385998,958973.2930953468
C05507,retail,23,F,Sonora,Business Owner,2023-07-10 20:20:35.583968264,2133327.0190286655
C05508,retail,29,M,Veracruz,Freelancer,2023-07-27 15:36:52.878814529,1190413.165872575
C05509,retail,66,F,Sonora,Retired,2023-09-12 01:23:11.519490168,515420.48295341764
C05510,retail,47,M,Yucatán,Consultant,2022-07-11 20:44:51.587977984,1666332.066037577
C05511,retail,33,F,Zacatecas,Consultant,2022-06-11 04:44:41.960307925,1333067.531122203
C05512,SME,47,F,Tlaxcala,Student,2024-06-25 19:52:10.402657276,297979.9394389846
C05513,retail,48,F,Michoacán,Student,2022-04-11 00:46:34.398976699,201285.93953089305
C05514,retail,53,M,Morelos,Retired,2024-05-14 00:37:43.955357701,522193.9630732212
C05515,retail,40,M,Ciudad de México,Teacher,2025-05-01 16:14:19.681619774,618953.6242791575
C05516,retail,53,M,Chiapas,Sales,2022-06-30 15:58:00.199431713,658562.121319941
C05517,retail,18,M,Tlaxcala,Student,2022-09-21 16:31:39.170016105,287633.23906793876
C05518,retail,29,M,Yucatán,Accountant,2020-12-24 16:30:56.476363878,820496.1876790207
C05519,retail,43,F,Chihuahua,Sales,2024-10-10 20:49:28.708397439,787185.883273345
C05520,retail,45,F,México,Accountant,2022-12-20 17:24:52.467881878,523058.162856092
C05521,retail,31,M,Tamaulipas,Consultant,2022-02-25 11:50:11.119251600,893096.103589385
C05522,retail,45,M,Ciudad de México,Engineer,2020-12-01 12:59:48.999280596,810848.448241293
C05523,retail,34,F,Tabasco,Teacher,2020-10-13 12:56:40.696326628,640647.9363515949
C05524,retail,38,F,Baja California Sur,Doctor,2020-05-23 09:14:50.374910456,1098592.0010074405
C05525,retail,54,M,Nuevo León,Business Owner,2021-07-25 14:19:43.287333326,3398074.0597159187
C05526,retail,52,M,Puebla,Government Employee,2022-10-04 20:09:29.876709744,577068.5171558077
C05527,retail,30,F,Hidalgo,Retired,2024-02-12 10:58:39.240691883,612574.9808230831
C05528,retail,29,F,Hidalgo,Teacher,2024-02-04 21:34:52.507235023,380115.2347867916
C05529,retail,37,M,Quintana Roo,Freelancer,2023-04-10 08:00:11.493432641,793770.0718094335
C05530,retail,41,F,Baja California Sur,Government Employee,2022-04-29 20:39:57.697317433,704523.7097269752
C05531,retail,34,F,Oaxaca,Engineer,2020-09-13 03:40:36.823502008,782269.6808650162
C05532,retail,54,M,Jalisco,Engineer,2023-07-04 05:54:03.464717000,993590.3447535026
C05533,retail,46,F,Baja California,Lawyer,2025-10-31 16:26:32.528424260,634171.9581060676
C05534,retail,46,M,Sinaloa,Retired,2025-05-17 04:18:23.936259865,628675.836350428
C05535,retail,26,F,Durango,Lawyer,2023-12-01 04:51:15.829033366,1017558.6234519361
C05536,retail,56,F,Ciudad de México,Doctor,2024-01-21 23:27:20.549354953,1355116.5917249667
C05537,retail,18,M,Hidalgo,Student,2021-09-16 05:17:21.171416005,216607.44404973384
C05538,retail,52,F,Guanajuato,Student,2025-08-10 05:47:38.796351744,202548.96395800656
C05539,retail,53,F,Baja California,Retired,2020-11-16 20:49:32.084067612,425270.6523776657
C05540,retail,36,F,Michoacán,Accountant,2025-07-28 01:41:28.389591888,958157.6644602157
C05541,retail,57,M,Chiapas,Teacher,2020-04-10 12:29:09.096459834,581407.9176322243
C05542,retail,41,M,Aguascalientes,Lawyer,2022-12-03 20:04:43.211887665,1081237.8432703682
C05543,retail,42,F,Colima,Government Employee,2021-02-19 19:36:39.451529085,956509.0449563899
C05544,retail,46,F,Querétaro,Student,2020-07-27 19:08:34.356393132,229053.5510782908
C05545,retail,80,F,Michoacán,Retired,2021-06-07 13:10:00.712563266,407839.0784847322
C05546,retail,58,M,Jalisco,Retired,2022-04-24 18:10:38.005182786,315123.65464826516
C05547,retail,50,M,Sonora,Consultant,2025-09-24 02:26:30.492651178,605418.038896489
C05548,retail,31,M,Sonora,Freelancer,2021-01-16 20:53:17.682385760,549902.753753887
C05549,retail,43,F,Baja California,Accountant,2022-12-14 07:49:43.818310873,464401.62234262505
C05550,retail,32,F,Nayarit,Freelancer,2024-05-10 19:54:54.845266735,662635.4205237115
C05551,retail,51,F,Sonora,Business Owner,2022-07-16 05:20:05.980453983,4398041.897984172
C05552,retail,43,M,Puebla,Accountant,2020-10-22 22:11:21.466853176,733282.1330029618
C05553,SME,28,M,Coahuila,Doctor,2025-06-06 09:47:29.251063124,1136407.1653710883
C05554,retail,42,F,Sinaloa,Teacher,2025-02-08 16:48:05.316206454,401376.501827247
C05555,retail,31,F,Sinaloa,Doctor,2023-10-23 18:57:03.086755242,916407.0694594536
C05556,retail,43,F,Guerrero,Teacher,2023-12-17 08:37:53.324651194,388931.7657331289
C05557,retail,31,M,Yucatán,Teacher,2022-10-24 17:40:56.016119157,527195.9598089433
C05558,retail,42,M,México,Teacher,2022-10-26 01:58:01.367647213,536717.8375508715
C05559,retail,51,M,Tabasco,Freelancer,2022-06-01 01:00:09.455543713,420188.0128634111
C05560,retail,41,F,Querétaro,Consultant,2024-10-09 01:44:42.571537299,1098380.9602678977
C05561,retail,37,M,Baja California,Teacher,2020-03-08 00:03:59.696479474,527473.6424372869
C05562,corporate,44,F,Querétaro,Student,2020-07-24 04:00:39.071871638,271256.20508323255
C05563,retail,50,F,Morelos,Accountant,2024-05-24 10:22:01.780707555,623838.8717990655
C05564,retail,28,M,Tabasco,Retired,2025-02-14 12:21:05.094623169,372110.88536377775
C05565,SME,45,M,Guanajuato,Consultant,2020-09-28 21:22:42.211580241,1595701.2294496614
C05566,retail,57,F,Tlaxcala,Freelancer,2023-03-11 17:11:21.107408398,713812.6845498482
C05567,retail,48,M,Baja California,Accountant,2020-05-23 21:40:16.006080381,999723.4705827186
C05568,retail,42,M,Tamaulipas,Engineer,2021-12-31 13:40:52.976363623,647702.3252741428
C05569,retail,49,F,Nuevo León,Student,2020-01-08 08:25:54.254074358,272513.9160738261
C05570,SME,47,F,Chiapas,Doctor,2024-03-28 13:54:29.315013938,913423.6172257641
C05571,SME,51,F,Sonora,Government Employee,2024-10-11 20:10:28.745533653,709340.4559189902
C05572,retail,18,M,Morelos,Student,2023-06-18 22:36:50.850702268,214036.32863147068
C05573,retail,23,F,Michoacán,Government Employee,2021-09-08 03:22:54.366794336,370763.7714106697
C05574,retail,54,M,Tamaulipas,Teacher,2022-06-19 06:04:31.308957753,546706.4585914616
C05575,retail,23,M,Sonora,Sales,2021-11-01 21:53:00.948126244,579419.8307313998
C05576,retail,46,M,Hidalgo,Lawyer,2020-12-26 16:54:37.330274251,1183176.7122356792
C05577,retail,37,M,Veracruz,Lawyer,2023-03-28 20:54:27.633604513,1311023.9054639738
C05578,corporate,30,F,Hidalgo,Retired,2024-04-04 06:56:02.281156539,417597.120291993
C05579,SME,46,F,Hidalgo,Government Employee,2024-03-10 11:50:12.615009397,769117.9633940633
C05580,retail,44,F,Zacatecas,Freelancer,2021-09-01 03:24:01.563767127,330843.8617822407
C05581,retail,67,F,Chiapas,Retired,2023-03-20 17:48:21.261318506,571737.8826079811
C05582,retail,34,M,Chiapas,Doctor,2022-02-09 07:23:28.287243243,1205870.179810203
C05583,retail,59,M,Oaxaca,Retired,2020-09-21 08:57:14.176416566,468913.1744887461
C05584,retail,46,F,Nuevo León,Engineer,2024-10-31 18:13:52.171455645,589355.4076279474
C05585,retail,34,F,Coahuila,Freelancer,2025-04-27 13:20:36.141601994,478264.75776110287
C05586,retail,51,M,Guanajuato,Business Owner,2024-11-23 04:31:29.305839644,1969775.5833607814
C05587,retail,48,M,Quintana Roo,Business Owner,2025-08-27 15:20:23.018073054,1705394.6456253738
C05588,retail,42,M,Aguascalientes,Freelancer,2020-10-27 22:21:57.594676737,1154180.680700129
C05589,SME,45,M,Coahuila,Teacher,2025-07-26 04:23:35.312969337,666257.5387811752
C05590,retail,34,M,Baja California Sur,Business Owner,2022-09-20 23:05:29.707828368,3048373.365641991
C05591,retail,32,M,Hidalgo,Business Owner,2022-02-24 04:51:42.080305801,1584392.3136055435
C05592,retail,51,M,Baja California Sur,Retired,2024-12-12 13:53:15.494219528,660013.1754212102
C05593,retail,39,M,Yucatán,Sales,2024-01-12 05:08:25.042769043,737114.995763046
C05594,SME,41,M,Chihuahua,Government Employee,2024-01-16 01:40:14.862535911,327140.326039665
C05595,retail,45,F,Yucatán,Consultant,2021-10-17 17:48:36.956000090,1236067.773316262
C05596,retail,45,F,Querétaro,Government Employee,2021-05-11 20:22:08.161846927,723461.8411199853
C05597,retail,24,F,Tabasco,Retired,2023-11-14 11:31:07.777244311,279913.0803019065
C05598,retail,57,F,Tlaxcala,Doctor,2021-07-04 10:18:33.899840983,834881.7716400384
C05599,retail,43,F,México,Student,2021-12-05 09:10:00.785988871,235623.33854218016
C05600,retail,39,M,Campeche,Lawyer,2024-04-08 09:01:29.017113902,602342.0579568666
C05601,retail,47,M,Chiapas,Consultant,2021-10-29 06:31:41.577029860,570253.385952264
C05602,retail,44,F,Baja California Sur,Engineer,2023-08-21 05:27:57.597175598,615596.5298060217
C05603,retail,51,F,Nuevo León,Business Owner,2024-04-23 14:50:48.929849247,4612875.2382959565
C05604,retail,48,M,Sinaloa,Doctor,2021-04-01 11:22:34.866046419,1336399.2351924223
C05605,retail,50,F,Zacatecas,Lawyer,2023-04-19 07:04:26.070450852,1140511.6555107483
C05606,retail,58,M,Puebla,Doctor,2022-07-09 11:36:38.068551200,1135444.4464372315
C05607,retail,52,M,Michoacán,Sales,2023-08-24 14:22:31.957415151,695916.642943407
C05608,retail,40,M,Morelos,Government Employee,2024-04-30 20:01:05.487907885,632071.0498139053
C05609,retail,28,M,Ciudad de México,Engineer,2021-06-24 02:43:31.477790157,544747.6401179365
C05610,retail,62,M,Sonora,Government Employee,2025-06-18 23:15:53.765714270,817112.7012782819
C05611,retail,39,F,Querétaro,Business Owner,2024-12-16 23:42:36.216396034,948324.3080203147
C05612,retail,36,M,Ciudad de México,Government Employee,2024-12-03 05:07:08.163178123,640265.6788067529
C05613,retail,21,M,Jalisco,Student,2020-01-05 01:09:14.259074711,283405.7628592284
C05614,retail,46,M,Tabasco,Doctor,2021-05-13 17:46:55.959311417,882165.9073993234
C05615,retail,43,F,Quintana Roo,Retired,2021-10-31 19:10:29.108692730,567983.2672403431
C05616,retail,23,F,Guanajuato,Teacher,2021-02-06 01:57:46.696171941,318531.2165483552
C05617,retail,47,M,Sonora,Government Employee,2023-04-14 20:16:02.985191210,995142.7259951873
C05618,retail,36,M,Durango,Consultant,2023-11-12 13:42:10.080281810,1523130.2525696042
C05619,retail,74,M,Quintana Roo,Retired,2024-10-31 02:59:07.257209228,686046.2974886503
C05620,retail,35,F,Chiapas,Retired,2025-01-22 10:57:23.417041823,550701.4522972223
C05621,retail,36,M,Quintana Roo,Freelancer,2021-02-03 04:07:48.146871821,442283.38253532385
C05622,SME,31,M,Sonora,Accountant,2021-09-07 00:54:14.303730823,1048456.0858912352
C05623,retail,57,M,Campeche,Sales,2021-05-11 00:03:11.508648675,657336.2468091603
C05624,retail,37,M,Guanajuato,Teacher,2022-03-03 04:36:40.539304065,530375.3961801894
C05625,retail,33,F,Tabasco,Accountant,2022-07-10 00:14:07.330736811,700378.7542097423
C05626,retail,50,M,Chihuahua,Sales,2024-07-25 10:38:12.190490641,434986.32570945803
C05627,retail,25,M,Baja California,Accountant,2022-01-14 15:35:09.457280143,771049.2288224408
C05628,retail,49,F,Veracruz,Lawyer,2021-04-08 12:56:01.369090411,1039269.6166311705
C05629,retail,63,F,Sonora,Student,2020-11-11 22:07:10.027364835,282483.7825472303
C05630,retail,48,M,Baja California Sur,Teacher,2020-11-20 11:21:17.999879207,311519.4455856448
C05631,retail,49,F,Nayarit,Engineer,2022-09-11 15:44:15.320926211,871064.569505384
C05632,retail,52,F,Zacatecas,Teacher,2024-01-01 08:31:33.599977236,634626.7919939808
C05633,retail,62,M,Tlaxcala,Consultant,2022-12-31 04:23:29.618696598,541409.5846808463
C05634,retail,56,M,Sonora,Lawyer,2025-07-06 01:30:21.473131919,938763.4938204911
C05635,retail,47,M,Nayarit,Engineer,2023-06-06 22:38:16.585693649,536065.8411666283
C05636,retail,52,M,Coahuila,Retired,2022-05-26 10:42:48.885545384,517752.2914189643
C05637,retail,31,M,Puebla,Engineer,2020-06-07 01:07:49.454724669,721715.5688102869
C05638,retail,51,F,Hidalgo,Accountant,2023-07-13 08:15:59.073170170,1071811.9862711858
C05639,retail,29,F,Hidalgo,Student,2022-05-20 20:35:52.185866606,253955.84900588676
C05640,retail,37,M,Chihuahua,Retired,2024-12-22 11:37:51.530514440,502811.46391273383
C05641,retail,18,M,Baja California Sur,Student,2023-02-16 08:07:27.456071101,290069.68908123294
C05642,retail,46,M,Yucatán,Student,2025-03-19 08:34:32.266560390,206829.27230391602
C05643,retail,34,F,Durango,Sales,2020-11-07 12:21:14.623401447,615458.0309320844
C05644,retail,55,F,Puebla,Sales,2022-09-03 06:00:09.472613476,602809.2555055462
C05645,retail,46,M,Chiapas,Freelancer,2020-11-10 22:35:03.850262935,282114.3164251704
C05646,retail,55,F,Guanajuato,Retired,2024-02-11 18:20:12.355872031,669427.8359280666
C05647,retail,28,M,Campeche,Teacher,2024-01-02 21:51:26.615929107,580094.5931394955
C05648,retail,54,F,Durango,Doctor,2023-12-11 07:05:44.378039265,1421674.9828817653
C05649,retail,67,M,Campeche,Retired,2024-11-15 22:44:37.247482258,692142.8066431176
C05650,retail,51,M,Tamaulipas,Student,2022-08-17 07:28:40.405306211,237558.95512973788
C05651,retail,51,M,Hidalgo,Business Owner,2021-12-08 14:10:03.498500697,4155738.124630058
C05652,retail,44,F,Colima,Student,2020-08-17 06:00:53.210578333,249307.74582997733
C05653,retail,35,F,Chihuahua,Accountant,2022-12-22 10:42:24.437593849,1083987.1112851151
C05654,retail,51,F,Guanajuato,Retired,2021-04-05 19:08:39.714690534,361250.86007204343
C05655,retail,23,M,Baja California,Sales,2023-02-12 04:47:02.800901360,258981.17496090799
C05656,retail,36,M,Nayarit,Freelancer,2025-09-15 17:03:32.508929646,385947.7572147958
C05657,retail,20,M,Nayarit,Student,2023-05-16 04:50:13.013319202,195362.3818598328
C05658,retail,33,F,Querétaro,Teacher,2024-11-29 17:51:48.054124990,474781.36148373457
C05659,SME,49,F,Guerrero,Sales,2025-12-16 09:27:00.727736249,300316.7098473084
C05660,retail,48,F,Morelos,Consultant,2021-03-08 22:14:06.182105187,830296.8259073971
C05661,retail,42,F,Nuevo León,Lawyer,2020-01-06 21:09:16.519095113,715519.152895661
C05662,retail,44,F,Morelos,Accountant,2024-03-20 16:16:47.021292744,740727.4315334051
C05663,retail,19,F,Campeche,Student,2025-06-07 11:57:23.999191223,212013.5154274283
C05664,retail,37,M,Tlaxcala,Engineer,2022-06-17 17:39:42.352868498,829705.5797323289
C05665,retail,33,F,Morelos,Government Employee,2022-10-14 08:49:16.758667650,362221.7589192337
C05666,retail,34,F,Michoacán,Accountant,2020-07-27 12:16:03.924590294,761809.983081192
C05667,retail,49,M,Ciudad de México,Government Employee,2024-02-08 20:50:35.241069678,391048.5713697183
C05668,retail,31,F,Guanajuato,Consultant,2023-03-26 18:55:40.154818787,649019.7764769909
C05669,retail,34,M,Guerrero,Retired,2021-09-17 22:07:53.546150993,389509.10781463893
C05670,retail,18,M,Guanajuato,Student,2020-09-20 05:28:33.643285049,284930.9715929878
C05671,retail,38,F,Hidalgo,Student,2025-02-22 15:54:33.909974356,274623.3568726866
C05672,retail,28,M,Querétaro,Doctor,2024-04-24 19:42:16.648005193,1471405.8207593479
C05673,retail,42,M,Veracruz,Retired,2020-01-08 09:38:13.017412651,457088.3291685863
C05674,retail,30,F,Colima,Retired,2024-02-17 06:39:09.098374225,390598.95280478825
C05675,SME,43,M,Jalisco,Government Employee,2021-03-27 23:53:17.004020801,979635.6832063495
C05676,retail,40,M,Nayarit,Business Owner,2024-03-21 13:40:31.718185558,2341603.1183198383
C05677,retail,62,F,Jalisco,Sales,2020-07-06 00:19:14.909486956,255917.22314454132
C05678,retail,47,M,Michoacán,Retired,2020-03-04 12:29:03.529907548,619049.696323901
C05679,retail,19,M,México,Student,2022-07-14 22:08:40.422154977,200305.4341265309
C05680,retail,26,M,Querétaro,Sales,2023-02-19 15:10:40.262412570,716643.7964812142
C05681,retail,42,M,Oaxaca,Doctor,2020-10-16 20:07:37.056282459,810585.3384385426
C05682,retail,30,M,Coahuila,Sales,2021-12-10 04:03:55.147306687,322143.7176613171
C05683,SME,18,F,Colima,Student,2022-05-29 06:26:35.725307270,238028.10995905122
C05684,retail,58,M,Veracruz,Teacher,2023-03-07 04:23:58.646032187,327159.278489957
C05685,retail,50,M,Chihuahua,Teacher,2023-08-18 20:54:54.798321552,655453.2469056902
C05686,retail,48,F,Tlaxcala,Freelancer,2022-01-15 11:11:16.004864710,949869.8111376252
C05687,retail,34,F,Hidalgo,Business Owner,2023-09-22 00:24:22.286390945,2111197.1698720427
C05688,SME,47,M,Morelos,Student,2020-12-16 07:19:25.354768389,251703.0472480188
C05689,retail,33,F,Yucatán,Business Owner,2021-02-27 03:50:01.553306960,3776765.6771150753
C05690,retail,44,F,Colima,Accountant,2022-03-19 17:59:04.391846530,928780.187438727
C05691,retail,30,F,Guanajuato,Lawyer,2024-04-04 18:34:07.767484527,1074811.5410614081
C05692,retail,60,F,Morelos,Student,2020-12-08 04:13:30.003282372,287856.9252885639
C05693,retail,23,M,Ciudad de México,Freelancer,2025-12-17 03:17:31.328503446,1141785.6718317047
C05694,retail,56,M,Baja California,Retired,2025-10-13 16:41:51.318869636,338072.05876695906
C05695,retail,42,M,Tabasco,Business Owner,2024-05-16 15:43:30.449165396,4618327.75011697
C05696,retail,36,F,Durango,Engineer,2024-07-27 16:35:27.497584392,998877.0703821502
C05697,retail,44,F,Querétaro,Lawyer,2020-01-02 21:10:27.238527191,1665766.5651029227
C05698,retail,50,M,San Luis Potosí,Lawyer,2023-05-04 12:56:08.351716696,1109705.5466469345
C05699,corporate,58,M,Puebla,Government Employee,2025-10-08 00:50:16.046093840,762838.9402967239
C05700,retail,45,F,Jalisco,Doctor,2022-08-16 13:49:14.651802068,964766.0801563505
C05701,retail,31,M,Baja California,Lawyer,2025-11-29 13:36:45.450393453,1501322.8539777813
C05702,retail,42,M,Chiapas,Retired,2023-07-19 05:45:59.031394650,511780.6581496942
C05703,retail,63,F,Morelos,Engineer,2024-07-01 21:56:24.039314569,836662.0592676932
C05704,retail,58,M,San Luis Potosí,Teacher,2021-10-20 05:17:06.425945391,577073.3367907824
C05705,SME,52,M,Colima,Business Owner,2024-03-25 13:01:32.463520257,3075085.218189468
C05706,retail,51,M,Veracruz,Retired,2020-12-26 17:08:00.607118415,594410.4578327602
C05707,retail,50,F,Nayarit,Business Owner,2023-04-15 07:55:15.496481324,4391275.9457416115
C05708,retail,55,M,Querétaro,Engineer,2024-06-30 15:55:02.054812666,1060425.2137247368
C05709,retail,36,F,Tabasco,Business Owner,2021-10-03 14:57:05.062674824,2022278.8230035969
C05710,SME,25,M,San Luis Potosí,Sales,2021-05-11 00:00:24.709000479,884478.4649355768
C05711,retail,42,F,Sonora,Engineer,2025-10-06 06:13:36.004302612,954819.5337800258
C05712,SME,32,M,Tlaxcala,Engineer,2025-04-15 19:19:54.660151170,726426.8567251832
C05713,retail,29,M,Colima,Freelancer,2024-11-19 20:39:19.590058721,242580.9178574801
C05714,SME,33,F,Guerrero,Teacher,2022-03-10 13:20:11.512388329,695239.5519775397
C05715,retail,71,M,Jalisco,Retired,2023-06-04 10:05:32.957864915,519558.42606664106
C05716,retail,43,F,Yucatán,Freelancer,2024-08-20 21:14:52.819200420,427540.49004710594
C05717,retail,46,M,Veracruz,Lawyer,2023-09-30 11:15:41.020018411,1189349.052465017
C05718,retail,27,M,Quintana Roo,Lawyer,2025-04-09 15:34:11.364815373,1077048.9738776223
C05719,retail,19,F,Baja California Sur,Student,2023-12-31 00:46:30.470160346,294164.78012893716
C05720,retail,32,F,Tlaxcala,Retired,2023-09-27 17:04:12.607959796,471697.91798937216
C05721,retail,59,M,Veracruz,Engineer,2021-12-16 12:16:29.179776631,839267.8505110872
C05722,retail,46,F,Yucatán,Teacher,2021-02-21 06:27:18.247184142,617840.6776886215
C05723,retail,49,M,Tamaulipas,Student,2023-01-26 20:07:43.650892895,226909.7786712034
C05724,retail,50,M,Jalisco,Student,2023-06-09 10:15:20.227477457,203582.39832355856
C05725,retail,34,M,Tabasco,Consultant,2023-11-29 00:36:35.694526956,1652598.821292597
C05726,retail,58,M,Campeche,Consultant,2020-12-04 11:26:29.996162728,1865163.867034398
C05727,retail,34,M,Aguascalientes,Sales,2024-10-22 06:03:37.700063049,279722.10746548924
C05728,retail,58,F,Ciudad de México,Sales,2025-05-01 22:54:00.489914829,808935.8994935744
C05729,retail,47,M,Jalisco,Freelancer,2021-03-28 11:12:03.620260818,637863.6336806766
C05730,SME,20,M,Sonora,Student,2020-08-08 05:01:17.654871417,214696.3064790116
C05731,retail,33,F,Durango,Teacher,2025-06-20 05:01:35.545887115,315672.17404652754
C05732,retail,20,M,Nayarit,Student,2021-10-06 22:24:38.785889388,204662.93790568324
C05733,retail,55,M,Durango,Engineer,2025-08-01 23:51:27.405049710,733009.193512723
C05734,retail,41,M,Coahuila,Sales,2021-05-03 22:01:27.182003457,295944.8283689986
C05735,retail,18,M,Colima,Student,2023-07-25 12:18:07.110055315,202654.9965845048
C05736,retail,46,M,Jalisco,Sales,2023-04-24 03:04:53.386188006,728947.0244018256
C05737,retail,35,M,Campeche,Consultant,2023-09-29 11:52:55.233266465,1530291.9112102357
C05738,retail,24,F,Tabasco,Teacher,2022-11-29 17:38:03.372101826,607936.3367346188
C05739,retail,62,F,Guanajuato,Business Owner,2020-04-18 22:58:09.804787838,1410608.6206487482
C05740,retail,43,F,Yucatán,Doctor,2020-09-18 14:28:36.204522035,830121.1595997262
C05741,retail,38,F,Durango,Engineer,2021-04-15 23:38:31.950812757,828013.3784572373
C05742,retail,37,M,Morelos,Engineer,2022-09-22 11:21:02.151718949,739949.6573597427
C05743,retail,23,M,Chiapas,Retired,2022-06-24 09:57:40.858027429,599530.6627122832
C05744,corporate,26,F,Durango,Doctor,2021-01-28 16:29:04.966510940,1177179.270287387
C05745,retail,57,M,Durango,Student,2020-08-17 19:08:37.416690473,291742.56836884085
C05746,retail,36,M,Querétaro,Government Employee,2024-03-16 11:26:42.138864479,342844.53487965936
C05747,retail,42,F,Coahuila,Business Owner,2022-06-25 11:55:53.734692465,2263808.734436826
C05748,SME,18,M,Morelos,Student,2022-08-21 04:42:48.633973560,228629.2774128405
C05749,corporate,26,F,Tlaxcala,Teacher,2022-08-28 12:31:00.005408563,350355.8995134456
C05750,retail,49,M,Oaxaca,Lawyer,2021-05-22 16:59:44.474800656,1299619.6408059816
C05751,retail,46,F,Guerrero,Teacher,2023-04-25 03:06:16.274420192,316081.01809407794
C05752,retail,63,F,Chiapas,Accountant,2020-08-15 11:16:26.439054406,898908.3027115087
C05753,retail,58,M,Chiapas,Freelancer,2020-10-30 21:20:58.387303128,237443.19820868355
C05754,retail,39,F,Quintana Roo,Government Employee,2025-06-24 10:53:40.417701554,911431.3126325113
C05755,SME,47,F,Campeche,Freelancer,2020-07-07 12:59:12.093325361,265027.0366056228
C05756,retail,38,F,Sonora,Business Owner,2020-09-04 04:23:53.316662182,2662302.9401831543
C05757,retail,66,M,Coahuila,Retired,2021-02-12 00:27:37.397425850,319923.5848552353
C05758,retail,55,M,San Luis Potosí,Retired,2020-08-05 03:45:48.455490794,309905.1434399377
C05759,retail,44,M,Baja California,Engineer,2025-11-03 04:27:01.808573354,1004851.7036542669
C05760,retail,44,M,Veracruz,Teacher,2022-04-11 19:46:21.501669791,609701.1910280457
C05761,retail,59,F,Aguascalientes,Business Owner,2021-10-25 02:55:30.955692553,3878556.8136643684
C05762,SME,48,M,Tlaxcala,Freelancer,2021-02-06 22:40:48.189630962,603992.2552566342
C05763,SME,60,M,Sonora,Accountant,2022-06-15 06:34:08.793189852,1093551.2167762744
C05764,retail,18,M,Durango,Student,2023-07-25 20:44:02.577787445,220796.61007929826
C05765,retail,47,F,Aguascalientes,Lawyer,2023-08-13 06:28:57.271040305,894335.718653878
C05766,retail,35,F,Hidalgo,Student,2020-06-29 05:47:27.833507871,299581.64710297313
C05767,retail,63,F,Morelos,Accountant,2025-08-17 01:43:46.211815506,1084094.7409728984
C05768,retail,60,F,Ciudad de México,Freelancer,2020-04-01 22:16:51.828282371,791836.5663207124
C05769,retail,42,F,Campeche,Teacher,2025-11-04 03:02:28.623657107,383615.8803537802
C05770,SME,60,F,Ciudad de México,Retired,2023-12-07 07:03:20.259017741,357324.7205127164
C05771,retail,63,M,Coahuila,Engineer,2022-09-21 03:15:58.475350704,864620.3324503887
C05772,retail,42,M,Yucatán,Engineer,2023-05-31 14:10:21.596137422,1043273.0190894296
C05773,retail,71,F,Quintana Roo,Retired,2022-05-31 01:27:56.230009148,284854.44243551086
C05774,retail,41,M,Tlaxcala,Accountant,2023-06-13 23:36:52.921953033,881369.9680465509
C05775,retail,39,F,Baja California,Retired,2020-06-14 00:29:14.812415605,296399.9853068811
C05776,retail,52,M,Nayarit,Sales,2022-11-27 15:51:57.087310415,798672.8279771348
C05777,retail,37,F,Tamaulipas,Accountant,2024-05-23 20:00:44.982682200,772483.287690642
C05778,retail,43,M,Puebla,Sales,2020-06-07 23:47:27.515250222,893302.1484991623
C05779,retail,58,M,México,Sales,2023-12-11 21:20:42.443523195,739439.2039305429
C05780,retail,42,F,Durango,Retired,2020-03-06 08:57:04.513450642,473753.39305012306
C05781,retail,21,M,Morelos,Student,2025-06-18 11:10:09.076533475,196941.39911010524
C05782,retail,46,F,Coahuila,Accountant,2025-06-27 19:48:57.871111321,779677.499310813
C05783,retail,33,F,Yucatán,Lawyer,2024-05-15 01:38:01.197566323,737333.7977794174
C05784,retail,52,F,Guanajuato,Engineer,2021-09-26 21:13:04.501127930,1133614.5850798627
C05785,retail,50,F,Coahuila,Sales,2024-11-16 02:57:58.116840928,399544.2671066648
C05786,SME,59,M,Guanajuato,Business Owner,2022-11-25 21:14:12.167315380,4421077.590158377
C05787,retail,52,F,San Luis Potosí,Business Owner,2021-10-17 10:33:30.769511869,2006781.297571974
C05788,retail,55,M,Quintana Roo,Engineer,2025-02-07 15:32:48.244458651,655329.2189826875
C05789,corporate,33,M,San Luis Potosí,Sales,2020-12-16 09:29:59.560963102,447753.7944095576
C05790,retail,51,F,México,Student,2021-05-09 17:18:20.751976035,264907.2064229605
C05791,retail,65,F,Yucatán,Doctor,2025-11-19 04:04:31.600840506,1167651.4235114655
C05792,retail,33,M,Nuevo León,Engineer,2024-09-22 00:06:51.245679916,575230.8486406645
C05793,SME,63,M,Nuevo León,Business Owner,2024-10-12 20:36:42.215683487,1289353.9112742064
C05794,SME,35,F,San Luis Potosí,Lawyer,2022-06-07 18:44:36.568182596,1054235.9856934738
C05795,retail,31,M,Sinaloa,Freelancer,2022-06-13 11:58:12.385745910,538543.8568572018
C05796,retail,45,F,Durango,Accountant,2022-08-03 10:38:06.403679491,996215.639719621
C05797,retail,50,F,Michoacán,Teacher,2024-11-22 05:36:42.459576616,528901.8484491198
C05798,SME,52,M,Oaxaca,Business Owner,2021-04-22 20:41:01.216955362,1502874.6268941574
C05799,SME,30,M,Colima,Engineer,2020-05-26 04:33:17.807574369,519840.1277486026
C05800,retail,47,M,Aguascalientes,Lawyer,2024-09-19 12:25:27.345863994,722835.8290587373
C05801,retail,33,F,Baja California,Student,2020-10-11 18:22:47.950349492,264050.1024208788
C05802,retail,24,F,Tlaxcala,Freelancer,2022-06-07 16:53:34.571679352,1047098.1141250379
C05803,retail,30,F,Durango,Business Owner,2023-12-26 13:09:34.501088563,4064914.1950293547
C05804,retail,32,M,Durango,Business Owner,2020-01-11 19:37:09.048792043,4096465.3348483667
C05805,retail,48,F,Durango,Business Owner,2025-03-25 16:09:45.997099697,1822132.329109538
C05806,retail,55,M,Ciudad de México,Freelancer,2023-11-01 00:49:43.483916127,1189087.0209343322
C05807,retail,24,F,Nayarit,Accountant,2024-01-17 12:37:03.587340766,460486.0621759456
C05808,corporate,46,M,Yucatán,Consultant,2025-03-08 09:35:24.051780143,1731643.8263881342
C05809,retail,27,F,Zacatecas,Freelancer,2024-02-22 21:18:31.459494069,296817.3707651315
C05810,retail,49,F,Baja California,Freelancer,2022-08-28 00:34:46.669587330,467531.57222737314
C05811,retail,34,M,San Luis Potosí,Government Employee,2021-01-26 00:04:30.422485211,646790.3151308615
C05812,corporate,29,F,Chiapas,Doctor,2023-04-06 06:23:22.024075167,837338.5928755683
C05813,retail,51,M,Puebla,Government Employee,2022-03-05 17:21:56.919589591,575920.3359816028
C05814,retail,34,M,Guanajuato,Business Owner,2020-02-26 23:57:48.785604806,2205492.1935523134
C05815,retail,38,M,Chihuahua,Student,2025-10-13 18:02:18.572111762,257661.29698368855
C05816,retail,18,F,Colima,Student,2025-09-08 06:27:12.980480160,266162.32963978243
C05817,retail,53,F,Zacatecas,Sales,2024-04-19 19:11:34.906090939,308822.0357753038
C05818,retail,51,F,Colima,Retired,2024-08-22 06:10:57.789923099,267130.8535438866
C05819,SME,42,F,Sinaloa,Consultant,2022-05-23 23:55:13.340080125,1663837.7594389431
C05820,retail,23,M,Durango,Sales,2020-08-01 16:50:13.886986030,593194.9296058891
C05821,retail,56,M,Guanajuato,Accountant,2023-02-26 07:51:25.145217268,774246.2621099014
C05822,retail,34,M,Nuevo León,Consultant,2021-12-07 06:03:02.245622866,1971075.9875292503
C05823,retail,36,F,Sinaloa,Sales,2024-11-22 20:58:08.694883396,534532.4333787733
C05824,retail,69,F,Jalisco,Retired,2025-07-13 19:51:21.973318444,338286.83085491275
C05825,retail,33,M,Guanajuato,Lawyer,2024-05-08 23:21:12.243417194,1416770.0479279053
C05826,retail,50,F,Baja California Sur,Sales,2025-02-15 13:54:08.052858661,780191.5555965967
C05827,retail,48,F,Aguascalientes,Lawyer,2022-02-17 23:53:41.949332619,1202833.4361676995
C05828,retail,46,M,Tamaulipas,Accountant,2022-04-28 19:16:52.535075175,884270.9047920504
C05829,retail,45,F,Tabasco,Sales,2020-07-20 10:04:22.303913797,584055.9272824572
C05830,retail,46,F,Puebla,Engineer,2020-03-07 18:57:41.858909350,785146.9882498467
C05831,corporate,45,M,Quintana Roo,Sales,2025-07-07 00:52:47.864759083,272280.68483696645
C05832,retail,41,F,Baja California Sur,Sales,2024-05-11 18:54:21.578360621,362932.85204392456
C05833,retail,60,M,Ciudad de México,Engineer,2022-05-08 22:28:10.899053433,835837.7221204159
C05834,retail,26,M,Aguascalientes,Business Owner,2023-02-03 14:57:13.959622483,2405073.2636908763
C05835,retail,54,M,Querétaro,Freelancer,2022-01-27 06:25:09.403769939,1042884.6110478352
C05836,retail,51,F,Yucatán,Government Employee,2024-02-26 07:19:41.745715501,375912.25657233334
C05837,retail,50,M,Guerrero,Accountant,2020-02-26 17:50:48.228664903,435089.3243425
C05838,retail,55,F,Guerrero,Student,2021-02-03 19:17:13.349057534,190456.5592692573
C05839,retail,40,F,Chihuahua,Accountant,2022-01-22 19:54:56.668738220,874665.5468518224
C05840,retail,19,M,Veracruz,Student,2024-04-09 12:52:54.315140759,251337.4117942105
C05841,retail,41,F,Tlaxcala,Accountant,2023-10-27 09:50:22.731213470,842554.8618758173
C05842,retail,30,M,Colima,Teacher,2024-10-09 04:58:18.808543665,362768.7405680642
C05843,retail,33,F,Yucatán,Lawyer,2020-09-05 05:18:11.699689998,1219623.8379467144
C05844,retail,27,M,Tlaxcala,Lawyer,2023-06-17 21:13:26.451724308,1521204.8049012176
C05845,retail,36,F,Baja California Sur,Government Employee,2022-11-28 08:28:40.219816251,778714.1376382222
C05846,retail,34,F,Tamaulipas,Government Employee,2020-10-10 20:15:47.018110134,607081.9020862787
C05847,retail,18,F,Puebla,Student,2020-06-17 23:26:48.930410190,192420.16510186892
C05848,retail,50,M,Guanajuato,Doctor,2023-08-22 13:47:27.200751897,1409456.020398398
C05849,retail,68,F,Sonora,Retired,2025-01-07 16:57:30.680474678,486792.48003413476
C05850,retail,49,M,Guanajuato,Business Owner,2025-06-04 13:40:37.857735892,4525542.156780835
C05851,retail,39,M,Yucatán,Retired,2023-04-17 17:41:47.172263084,447415.48879771656
C05852,SME,41,M,Chiapas,Sales,2021-12-26 07:39:37.287073271,404058.7032224685
C05853,retail,36,M,San Luis Potosí,Teacher,2025-03-18 11:51:21.698020560,422965.51150947454
C05854,retail,43,F,Coahuila,Teacher,2021-12-09 22:14:28.807087326,467260.149109107
C05855,retail,41,F,Nuevo León,Engineer,2025-11-12 07:30:22.544916822,929956.8074561399
C05856,retail,31,M,Yucatán,Sales,2021-07-22 17:58:07.198408701,749792.9112773784
C05857,retail,62,F,Coahuila,Student,2022-01-23 21:43:40.868581409,209117.11846290747
C05858,retail,24,M,Durango,Engineer,2023-12-17 03:49:31.022766469,631405.5321854581
C05859,retail,50,F,Colima,Freelancer,2023-10-14 06:36:03.214557013,402658.98166644515
C05860,retail,40,F,Zacatecas,Engineer,2025-11-06 02:54:22.603072458,1154150.779807841
C05861,retail,64,F,Puebla,Engineer,2022-02-04 18:47:24.870381556,614764.3615431137
C05862,retail,46,M,Tabasco,Government Employee,2024-03-01 15:21:29.088070187,542020.6281210956
C05863,retail,37,F,Puebla,Accountant,2020-10-20 06:12:51.173245979,740107.8200653567
C05864,retail,39,M,Veracruz,Business Owner,2023-04-26 07:46:26.623316783,3091675.544374489
C05865,retail,42,F,Jalisco,Lawyer,2022-10-07 15:36:06.193415122,1629703.0301700914
C05866,retail,28,F,Tabasco,Engineer,2024-09-19 06:30:19.427687210,579018.8032912503
C05867,retail,32,F,Aguascalientes,Engineer,2022-05-19 01:19:39.222097868,575609.4832276349
C05868,retail,20,M,Hidalgo,Student,2024-02-06 00:05:03.236346359,217969.47439574267
C05869,retail,30,F,San Luis Potosí,Doctor,2022-03-07 14:33:46.581785306,1089241.4334679286
C05870,retail,43,F,Tlaxcala,Accountant,2021-04-09 15:02:42.240180628,661643.3371517098
C05871,retail,45,F,Chihuahua,Accountant,2024-12-20 13:16:22.429808489,674331.6560798471
C05872,retail,18,F,Chihuahua,Student,2020-04-16 09:29:36.971079005,282175.45158430294
C05873,retail,40,F,Yucatán,Retired,2021-09-26 03:56:18.790338097,626501.5805315048
C05874,retail,48,F,Puebla,Retired,2025-03-04 16:28:09.612645734,612476.3930405248
C05875,retail,40,M,Chiapas,Student,2025-11-25 04:03:49.356720073,270634.43541487836
C05876,retail,34,F,Veracruz,Consultant,2024-01-10 01:54:28.871649011,560583.9377426924
C05877,retail,37,M,Baja California Sur,Retired,2020-11-14 08:40:28.847552170,317224.6156143632
C05878,retail,35,F,Zacatecas,Student,2022-08-01 03:56:22.971275193,267863.8494053189
C05879,retail,34,F,Guerrero,Student,2024-11-11 14:46:09.444070091,251381.8656434005
C05880,retail,44,M,México,Student,2025-09-30 00:02:01.581442191,260874.02329176542
C05881,retail,69,F,Baja California Sur,Retired,2022-11-15 13:31:37.327531587,572619.840595004
C05882,retail,33,F,Michoacán,Accountant,2025-07-31 03:06:31.398960551,1037956.2081668552
C05883,retail,38,F,Nayarit,Government Employee,2024-09-03 23:23:22.127840224,744600.696849922
C05884,corporate,41,M,Ciudad de México,Doctor,2023-01-12 14:40:19.226902316,992897.4756403209
C05885,retail,33,M,Colima,Lawyer,2024-01-12 20:08:23.007968282,699619.2074417413
C05886,retail,55,F,Guanajuato,Retired,2022-03-14 04:48:38.150392419,444438.56017422955
C05887,retail,18,M,Baja California Sur,Student,2020-05-23 19:24:42.930901938,265182.65770297585
C05888,SME,35,F,Chiapas,Freelancer,2024-01-04 15:01:15.834552937,481901.6826376127
C05889,retail,51,M,Yucatán,Retired,2023-05-17 14:28:48.354349678,304035.81215544033
C05890,retail,38,M,Durango,Consultant,2023-07-18 05:13:11.965740794,1998114.614444378
C05891,retail,32,F,Yucatán,Consultant,2022-11-29 21:56:57.291347895,1128311.9667659374
C05892,retail,47,M,Chiapas,Consultant,2020-01-18 20:28:54.838806319,824472.403528098
C05893,retail,52,F,Colima,Business Owner,2020-10-23 15:19:08.068442439,1407590.7013537006
C05894,retail,44,F,Chihuahua,Freelancer,2021-12-22 12:25:57.112343793,1062783.2426818917
C05895,retail,32,F,Quintana Roo,Student,2025-12-14 13:58:35.328545259,278353.2849952959
C05896,retail,47,M,Puebla,Freelancer,2025-03-23 02:23:34.160883625,813321.2023833406
C05897,SME,37,F,Michoacán,Doctor,2022-12-12 12:13:00.766347573,1183030.4049408592
C05898,retail,50,M,Guerrero,Student,2020-01-31 16:06:27.218775149,294173.6320136058
C05899,SME,59,F,Morelos,Lawyer,2023-10-21 21:42:01.003571784,873921.3762969058
C05900,retail,18,M,Colima,Student,2023-02-25 17:32:13.722060078,229847.64690941776
C05901,retail,43,M,Zacatecas,Engineer,2024-05-30 02:00:11.180747328,517265.52593998576
C05902,retail,21,F,Campeche,Student,2020-11-25 08:41:26.656431913,230231.19064972244
C05903,retail,71,F,Zacatecas,Retired,2021-03-16 21:05:18.431172150,422897.81832033175
C05904,retail,36,M,Puebla,Sales,2024-07-23 20:26:26.248668566,867171.5550968096
C05905,retail,50,M,Morelos,Government Employee,2021-10-27 04:50:32.168599434,550763.0631082518
C05906,retail,41,F,Baja California Sur,Freelancer,2022-04-28 17:24:41.425474743,1034790.0941363364
C05907,retail,32,M,Yucatán,Accountant,2020-03-18 08:23:30.047569253,936616.3282539595
C05908,retail,30,M,Nayarit,Business Owner,2024-09-26 16:00:05.337740927,1333269.962198892
C05909,retail,61,M,Michoacán,Teacher,2023-01-17 11:41:23.141314001,685087.8518793413
C05910,retail,53,M,Tamaulipas,Government Employee,2025-05-24 17:42:12.190659959,741676.6560865322
C05911,retail,65,M,Baja California,Lawyer,2021-06-11 11:18:19.195180380,1315861.2293081316
C05912,SME,42,M,Hidalgo,Accountant,2023-11-20 11:02:20.069520616,408193.82257026393
C05913,retail,45,F,Aguascalientes,Student,2021-06-29 20:13:37.466173086,263905.9944480169
C05914,retail,38,M,Querétaro,Sales,2020-07-04 19:53:13.912311538,286158.8175096058
C05915,retail,38,F,Yucatán,Sales,2021-07-07 13:40:13.115282385,370497.7130834128
C05916,retail,29,F,Yucatán,Accountant,2025-02-12 14:07:36.435615833,469034.7864320541
C05917,corporate,43,F,San Luis Potosí,Government Employee,2024-07-24 20:58:33.157980914,564744.52433981
C05918,retail,32,F,Baja California Sur,Accountant,2021-06-11 15:12:20.620523971,956998.8472045098
C05919,retail,47,M,Aguascalientes,Engineer,2023-12-14 07:23:42.391002581,995167.7896000864
C05920,retail,44,M,Veracruz,Freelancer,2024-01-10 22:45:50.761189423,306695.25000294135
C05921,retail,45,F,Sonora,Lawyer,2023-12-02 02:33:54.160850567,1558154.22980185
C05922,SME,62,M,Baja California,Retired,2023-11-12 04:15:05.402834670,457381.67407511093
C05923,retail,41,M,Nuevo León,Teacher,2025-03-24 07:18:48.027412450,313052.34378599713
C05924,retail,51,F,Querétaro,Consultant,2023-07-25 08:18:33.141294359,835739.9142213191
C05925,retail,66,M,Veracruz,Retired,2022-10-21 06:39:21.447513408,603334.2727710383
C05926,retail,57,F,Baja California Sur,Teacher,2024-06-29 23:18:23.375028073,593320.6288689878
C05927,retail,55,F,Sinaloa,Retired,2021-09-16 13:56:59.316823606,334758.1937667749
C05928,retail,38,F,Tamaulipas,Accountant,2024-12-28 12:19:06.907527638,426599.383413472
C05929,retail,44,F,Aguascalientes,Retired,2023-07-07 16:01:34.726119903,382841.16999559524
C05930,retail,26,M,Quintana Roo,Freelancer,2022-02-07 02:25:00.469918351,994927.6921230647
C05931,retail,47,F,Sonora,Government Employee,2025-01-10 07:46:21.953567499,956874.2758071296
C05932,retail,45,M,San Luis Potosí,Accountant,2021-06-26 19:01:20.589030146,801020.517335624
C05933,retail,42,F,Ciudad de México,Freelancer,2020-03-09 00:14:36.406367653,291103.94607334165
C05934,corporate,54,M,Colima,Retired,2023-05-20 06:17:42.297279956,475939.27191765443
C05935,retail,27,F,Chiapas,Teacher,2021-02-22 08:12:19.513049451,699517.5476670736
C05936,retail,61,F,Aguascalientes,Consultant,2022-10-16 22:02:54.010698577,1908004.4574058035
C05937,retail,52,M,México,Business Owner,2021-03-11 07:29:24.965147692,4970808.309987692
C05938,retail,41,M,Morelos,Student,2024-09-14 17:51:35.738949469,263930.4647008963
C05939,retail,40,M,Veracruz,Doctor,2025-02-07 18:07:48.194123291,1098262.4213025726
C05940,retail,47,M,México,Engineer,2021-02-06 17:05:56.157651258,1125191.5851956657
C05941,retail,60,M,Colima,Teacher,2025-08-02 16:16:36.405664683,658073.080398341
C05942,retail,43,F,Quintana Roo,Government Employee,2025-11-03 21:04:50.564895469,401055.52749009663
C05943,retail,43,M,Puebla,Accountant,2021-05-14 13:42:12.009017104,942770.8751539957
C05944,retail,42,M,Zacatecas,Retired,2023-04-14 02:02:26.430176416,663690.203063491
C05945,SME,63,F,Sonora,Accountant,2023-01-16 09:58:22.144200391,1028964.6723348317
C05946,retail,37,M,Baja California Sur,Engineer,2022-01-01 04:37:03.319050154,994784.2390312126
C05947,retail,41,M,Ciudad de México,Freelancer,2020-01-27 13:49:00.299425833,737358.8727528319
C05948,retail,59,F,Oaxaca,Engineer,2025-05-12 19:57:38.761996335,1043725.2617740588
C05949,retail,43,F,Jalisco,Teacher,2022-01-28 12:17:48.397482168,506462.85271332803
C05950,retail,55,M,Chihuahua,Engineer,2025-04-13 12:02:27.182879120,724864.1698256194
C05951,retail,31,M,Tabasco,Student,2021-05-25 13:02:52.055778440,211072.87818407782
C05952,retail,39,M,Oaxaca,Teacher,2021-10-01 14:40:54.003279806,516263.43052175443
C05953,retail,59,M,Sinaloa,Freelancer,2024-09-05 05:28:13.093957189,655955.3364688549
C05954,retail,33,M,Campeche,Consultant,2020-01-02 19:13:37.805751242,1286743.4265460172
C05955,retail,40,F,Veracruz,Student,2024-08-23 20:03:55.107502446,211283.889721376
C05956,retail,45,F,San Luis Potosí,Consultant,2022-02-27 22:56:38.475426052,1385875.2727981168
C05957,retail,30,M,Tabasco,Accountant,2023-06-14 16:56:31.250108194,863452.7559037774
C05958,retail,37,F,Guerrero,Engineer,2022-04-17 01:46:54.157879203,1064795.032426625
C05959,retail,43,M,Tamaulipas,Lawyer,2022-03-31 01:16:44.094230895,1307985.4971829425
C05960,retail,42,F,Baja California Sur,Freelancer,2024-02-22 15:05:30.289132790,956071.5584378106
C05961,retail,57,F,San Luis Potosí,Teacher,2024-10-10 00:38:39.436604662,367754.2997720192
C05962,SME,60,F,Yucatán,Sales,2021-06-16 20:44:53.424469319,328690.8726583305
C05963,retail,31,M,Tabasco,Accountant,2025-10-02 05:02:46.397518459,525748.9429234008
C05964,retail,43,M,Baja California Sur,Freelancer,2023-08-05 08:23:45.131255095,1046265.9680827633
C05965,retail,50,F,Veracruz,Retired,2023-07-04 10:54:07.209394169,500268.00482163683
C05966,retail,60,M,Zacatecas,Freelancer,2021-09-04 22:48:41.038572733,655315.6868449003
C05967,SME,50,M,Tabasco,Doctor,2023-05-04 09:40:36.710103360,1333512.35880551
C05968,retail,45,M,Puebla,Accountant,2020-04-30 13:05:14.908569279,486854.66494693403
C05969,SME,49,F,Morelos,Government Employee,2025-05-11 08:15:05.349359537,304345.58081888064
C05970,retail,50,M,Chihuahua,Business Owner,2020-08-26 09:22:49.511274688,2037148.993420738
C05971,retail,30,F,México,Retired,2023-03-03 08:48:33.479982733,362002.6992168752
C05972,retail,44,M,Guanajuato,Doctor,2022-04-12 20:00:36.401161017,1015131.888168573
C05973,retail,59,M,Nayarit,Lawyer,2022-09-03 14:44:00.952629951,1768284.1901211524
C05974,retail,39,F,Tamaulipas,Engineer,2023-11-18 22:23:37.746753760,897422.5877030084
C05975,retail,43,M,Baja California Sur,Teacher,2021-08-11 15:19:15.954051419,535645.3509772413
C05976,SME,39,M,Tabasco,Doctor,2021-09-17 10:30:46.451148873,1258969.1571266698
C05977,retail,18,M,Morelos,Student,2020-09-09 03:06:40.611606379,227727.4535853728
C05978,retail,42,M,Guanajuato,Business Owner,2025-10-27 14:40:58.862607224,4909597.419581072
C05979,retail,45,F,Chihuahua,Business Owner,2021-04-26 10:52:48.311437502,4885025.085048545
C05980,retail,35,M,Chiapas,Engineer,2020-10-16 11:35:14.975329343,1038472.4882089406
C05981,retail,28,F,Durango,Retired,2021-03-12 10:23:47.300997061,345261.6872760354
C05982,retail,31,F,Baja California,Doctor,2023-12-31 08:56:15.451325002,1416138.6606572447
C05983,SME,51,M,México,Doctor,2020-05-11 03:06:43.269040761,870644.0194177296
C05984,retail,65,M,Zacatecas,Teacher,2022-05-14 20:58:42.249359243,551958.5601027699
C05985,retail,58,M,Guanajuato,Doctor,2025-10-16 16:15:59.246069409,1120051.056307726
C05986,retail,25,M,San Luis Potosí,Sales,2023-02-08 03:10:56.654171507,275490.2267048905
C05987,retail,52,F,Sinaloa,Government Employee,2020-02-01 11:11:24.300910327,932735.8110713561
C05988,SME,34,M,Jalisco,Lawyer,2021-07-01 08:20:34.555192536,1753312.3745188375
C05989,retail,35,F,Jalisco,Teacher,2024-03-09 18:13:45.931073063,662958.7214607892
C05990,retail,36,M,Baja California Sur,Student,2024-08-26 13:59:20.130377727,203096.20826953757
C05991,retail,50,M,Tamaulipas,Engineer,2024-08-18 02:43:57.912715930,733087.6638732057
C05992,retail,53,M,Querétaro,Government Employee,2020-08-09 13:25:40.879918498,969014.016473562
C05993,retail,40,M,Querétaro,Student,2024-07-09 18:11:20.436214544,192770.9797143945
C05994,retail,41,F,Michoacán,Teacher,2020-10-20 20:39:36.713395001,533322.480713302
C05995,retail,47,F,Jalisco,Retired,2020-07-22 03:45:15.269307418,468485.60404847155
C05996,retail,48,M,Durango,Lawyer,2025-07-01 09:42:05.721892343,782278.5083824208
C05997,retail,56,F,Querétaro,Lawyer,2022-03-30 01:13:33.372641418,1663893.877912852
C05998,retail,26,F,Colima,Business Owner,2024-05-26 17:48:23.908987311,1276864.182077678
C05999,retail,42,F,Guerrero,Doctor,2024-01-22 22:18:47.651047452,1214895.465280654
C06000,retail,29,F,Chiapas,Freelancer,2025-08-21 09:37:01.894283871,518181.2005239231
C06001,retail,41,F,Sonora,Freelancer,2021-04-12 01:07:14.019310220,617981.5581580866
C06002,retail,39,F,Sonora,Government Employee,2023-03-30 04:23:21.250910040,447951.94131994917
C06003,retail,41,M,Hidalgo,Doctor,2025-06-03 14:30:52.523107097,1237268.9704482344
C06004,retail,32,M,San Luis Potosí,Lawyer,2023-12-21 22:11:26.153444522,1786413.9705882755
C06005,retail,24,F,Guerrero,Government Employee,2023-01-07 18:00:06.117192505,883481.0019150674
C06006,SME,18,F,Baja California Sur,Student,2021-08-10 04:56:33.349106507,261985.38599504848
C06007,retail,40,F,Zacatecas,Government Employee,2020-02-26 12:10:57.825064863,829467.652828722
C06008,retail,36,F,Quintana Roo,Student,2022-10-04 08:37:36.721060436,280715.2406772219
C06009,retail,33,M,Morelos,Retired,2022-12-13 17:44:41.920563391,462646.66532488604
C06010,retail,57,F,Oaxaca,Accountant,2021-03-24 04:28:33.019134943,796931.511087517
C06011,retail,31,F,Chiapas,Freelancer,2020-07-16 01:51:14.034643624,1095483.650801675
C06012,retail,59,F,Quintana Roo,Doctor,2021-04-13 18:03:41.864309646,1287163.8298176546
C06013,SME,61,F,Veracruz,Business Owner,2024-04-04 20:23:33.051136007,1284899.919190959
C06014,retail,18,M,Chihuahua,Student,2022-08-01 09:54:44.548380257,273545.07079914655
C06015,retail,43,M,Hidalgo,Sales,2021-04-04 03:16:47.924163145,264759.12868278055
C06016,retail,37,F,Chihuahua,Consultant,2022-02-18 20:13:26.884078459,1771291.337465068
C06017,retail,18,M,Hidalgo,Student,2024-05-27 12:27:15.199766177,274596.70697344746
C06018,retail,24,M,México,Business Owner,2020-06-08 18:27:48.526292663,4272208.56842129
C06019,retail,51,M,Baja California,Sales,2023-01-03 01:06:20.140341132,265335.17851202347
C06020,retail,66,M,Guanajuato,Retired,2022-11-27 18:28:23.795711805,687602.9478038868
C06021,retail,52,F,Michoacán,Business Owner,2025-03-02 10:41:28.687315548,3340768.333384622
C06022,retail,45,F,Nayarit,Freelancer,2025-05-28 13:27:41.128547461,1000049.1932320964
C06023,retail,41,F,Baja California,Freelancer,2025-03-24 14:39:51.122367293,766559.6699301441
C06024,retail,62,M,Durango,Lawyer,2021-04-06 06:11:21.352905468,1007699.5191590434
C06025,retail,67,F,Hidalgo,Retired,2021-01-20 13:32:30.770311184,383267.06146645633
C06026,retail,34,F,Zacatecas,Freelancer,2025-07-23 18:48:44.851744919,269934.02744972776
C06027,retail,18,F,Tamaulipas,Student,2025-03-27 07:18:33.522298680,245102.335707369
C06028,retail,18,F,Colima,Student,2023-05-19 06:26:36.620189793,197230.84221431424
C06029,retail,57,F,Coahuila,Government Employee,2020-11-06 13:33:35.652262426,697262.7367440241
C06030,retail,41,M,Michoacán,Business Owner,2021-10-23 07:21:10.604781448,3387140.379298035
C06031,retail,44,M,Morelos,Government Employee,2024-01-09 14:21:57.288835084,609456.930658912
C06032,retail,20,F,Ciudad de México,Student,2020-02-09 07:39:31.896255886,198759.137162554
C06033,retail,32,F,Tabasco,Government Employee,2022-06-28 10:29:35.095128728,602895.5963970071
C06034,retail,38,F,Tabasco,Retired,2020-01-21 06:42:17.408699435,645403.2670831059
C06035,retail,44,M,Zacatecas,Doctor,2023-03-01 21:07:19.510206837,1120633.9129450484
C06036,retail,37,F,Colima,Accountant,2024-07-10 08:54:59.786042974,639910.9634300667
C06037,retail,29,M,Tlaxcala,Freelancer,2023-07-05 20:49:57.245592659,829764.588042244
C06038,retail,32,M,Sinaloa,Government Employee,2023-01-21 20:26:38.222807522,733204.2049293473
C06039,retail,56,M,Oaxaca,Doctor,2025-05-02 17:54:42.536354630,863431.6392934172
C06040,retail,44,F,Chiapas,Accountant,2024-07-27 22:19:13.495138409,565543.6343824641
C06041,retail,49,M,Tabasco,Teacher,2020-04-06 06:55:12.828544208,497762.37332963874
C06042,retail,31,F,Chiapas,Doctor,2020-12-08 13:29:45.535496135,1056432.1172851583
C06043,retail,18,M,Zacatecas,Student,2025-10-25 12:59:15.542520657,218395.14934415225
C06044,retail,35,F,Tabasco,Student,2025-06-13 02:59:13.096637195,233486.09047832573
C06045,retail,31,F,Sinaloa,Accountant,2023-11-10 17:48:09.196728669,603220.1543112402
C06046,retail,46,F,Yucatán,Doctor,2020-02-18 17:57:09.654042190,1043230.5403817996
C06047,retail,81,M,San Luis Potosí,Retired,2022-09-27 11:26:45.085198296,598134.1804798457
C06048,retail,50,M,Hidalgo,Doctor,2024-09-26 23:18:39.213879744,1157162.203287668
C06049,retail,74,F,Michoacán,Retired,2025-08-27 12:31:55.065714458,642786.0253279429
C06050,SME,48,M,Sonora,Retired,2025-07-06 09:52:46.657089041,676853.064263154
C06051,retail,34,M,Zacatecas,Lawyer,2025-04-13 22:31:49.694001916,1706493.6834248337
C06052,SME,46,F,Querétaro,Sales,2025-08-14 21:15:23.206456442,414912.4639314262
C06053,retail,63,F,Yucatán,Doctor,2023-02-06 22:57:05.383672176,1131020.6237577242
C06054,retail,63,M,Tabasco,Student,2025-08-31 08:10:36.762084922,244206.79700199858
C06055,retail,35,M,Sonora,Freelancer,2023-08-18 11:48:41.084482069,1052191.6068949187
C06056,retail,45,F,Guanajuato,Consultant,2020-03-05 01:16:57.422908736,1338531.562146459
C06057,retail,24,F,México,Lawyer,2022-10-01 21:20:30.655746154,903258.8414017016
C06058,retail,51,M,Zacatecas,Student,2025-05-29 12:02:27.975076185,245705.24119747433
C06059,retail,60,M,Sonora,Teacher,2024-05-18 23:03:59.396627504,317713.841981889
C06060,retail,42,F,Morelos,Retired,2023-08-16 15:24:04.436397581,625362.6508523715
C06061,retail,33,M,México,Teacher,2020-09-16 14:58:12.327857159,526400.3157878572
C06062,retail,46,F,Quintana Roo,Doctor,2023-01-06 11:31:57.802573846,1256202.698378035
C06063,retail,47,F,Sinaloa,Doctor,2020-04-07 09:07:31.385671233,940657.5919029587
C06064,retail,42,M,Guerrero,Accountant,2020-07-09 00:23:33.114479684,790694.6919252026
C06065,retail,44,F,Campeche,Doctor,2024-09-30 19:32:54.395521536,1171446.3538780652
C06066,retail,39,M,Campeche,Freelancer,2025-09-16 15:50:40.062644500,819631.5668874449
C06067,retail,53,M,Puebla,Student,2025-09-04 14:53:49.328964382,281691.2535721942
C06068,retail,50,F,Michoacán,Government Employee,2023-04-04 08:42:41.680801293,835177.6869410067
C06069,retail,30,F,México,Business Owner,2025-09-16 01:11:10.904215883,3051560.505859713
C06070,retail,29,M,Colima,Consultant,2020-05-15 10:48:15.982322956,1840105.524411149
C06071,SME,38,M,Tabasco,Engineer,2021-08-25 21:34:22.605157719,750893.2021651983
C06072,retail,50,M,Puebla,Sales,2024-05-21 10:01:53.753070449,570158.5255987237
C06073,retail,43,M,Oaxaca,Teacher,2024-01-20 16:19:40.231607194,559774.250894595
C06074,retail,34,F,Colima,Student,2022-02-17 14:19:07.571924037,232892.44352685977
C06075,retail,45,F,Guanajuato,Government Employee,2024-12-01 10:45:02.303294651,552993.1110197357
C06076,retail,38,M,Puebla,Student,2024-09-12 18:58:09.815013957,193487.42259777765
C06077,retail,52,M,San Luis Potosí,Business Owner,2025-07-05 14:33:58.468198333,3434368.390259997
C06078,retail,45,M,Morelos,Student,2022-10-29 09:48:54.070436998,203112.95644347326
C06079,retail,38,M,Baja California Sur,Engineer,2023-04-07 14:51:09.183574373,596778.6216545664
C06080,retail,44,M,Coahuila,Student,2024-05-07 14:20:44.941051650,201858.5292384441
C06081,retail,57,M,Guerrero,Engineer,2023-11-04 16:14:57.450974946,981937.0363143047
C06082,SME,35,M,Aguascalientes,Doctor,2022-08-17 22:26:48.723096630,896851.6017508935
C06083,retail,46,F,Guanajuato,Lawyer,2021-08-07 19:42:42.617908115,1771484.1904093798
C06084,retail,41,F,Chiapas,Doctor,2025-09-07 04:29:12.592212570,1330979.7220200594
C06085,retail,47,M,Chihuahua,Freelancer,2025-10-07 19:15:40.910004140,592735.1006151736
C06086,retail,34,F,Jalisco,Teacher,2024-03-23 04:11:51.152998074,537313.694113546
C06087,retail,43,F,Tamaulipas,Consultant,2023-05-17 03:13:07.744469572,511439.9722845444
C06088,retail,55,F,Tlaxcala,Consultant,2023-04-14 16:38:40.499595351,1766798.7488754005
C06089,retail,30,F,Morelos,Doctor,2021-07-03 15:26:45.138334639,989848.3695324785
C06090,retail,26,F,Quintana Roo,Retired,2020-10-17 06:39:19.247668986,282347.73906992876
C06091,retail,26,F,Sinaloa,Freelancer,2023-12-01 21:48:13.957156961,958119.658637697
C06092,retail,27,M,Sinaloa,Teacher,2025-11-03 06:24:09.756042022,431832.99463954114
C06093,retail,49,F,Baja California Sur,Accountant,2021-10-01 18:26:22.333478624,797279.3782833938
C06094,retail,25,F,Campeche,Doctor,2023-10-03 15:18:00.697292108,1390822.9285428831
C06095,retail,38,F,Yucatán,Retired,2021-03-22 07:12:14.188441490,599169.888228111
C06096,retail,49,F,Veracruz,Business Owner,2025-04-11 14:19:30.746530201,2148398.5440141615
C06097,retail,46,M,Aguascalientes,Government Employee,2025-01-25 00:02:33.222681431,908088.4792672646
C06098,retail,37,F,Tlaxcala,Freelancer,2021-06-13 05:20:50.205119428,588850.3033431215
C06099,retail,44,M,Campeche,Freelancer,2024-08-30 06:09:40.691376888,700024.3219129873
C06100,retail,43,F,Jalisco,Doctor,2025-12-31 13:26:45.071825159,1228721.6815629008
C06101,retail,39,F,Puebla,Teacher,2024-12-02 06:08:57.666503020,328392.3993549788
C06102,retail,39,F,Coahuila,Freelancer,2020-11-23 18:51:55.086213128,797164.4334507928
C06103,retail,68,F,Puebla,Retired,2022-04-04 19:43:54.921560538,509838.33578911365
C06104,SME,51,M,San Luis Potosí,Accountant,2022-01-02 10:05:49.620565169,1011447.0059381772
C06105,retail,71,F,Coahuila,Retired,2022-09-14 13:35:40.225314295,409149.09650793846
C06106,retail,36,M,Aguascalientes,Teacher,2020-05-30 05:47:34.146644152,396875.71339179634
C06107,retail,40,F,Tamaulipas,Teacher,2024-10-15 05:17:03.958621917,490606.28702365106
C06108,retail,26,M,Baja California,Student,2024-01-26 05:00:39.828030020,262480.48527593934
C06109,retail,32,M,Quintana Roo,Freelancer,2023-01-02 00:00:16.925936545,761894.7992038042
C06110,SME,64,F,Baja California Sur,Doctor,2023-06-08 21:22:35.771712523,896744.808594774
C06111,SME,35,F,Nayarit,Doctor,2023-09-27 20:41:03.578732879,1043524.48873683
C06112,retail,65,M,Guanajuato,Sales,2020-10-30 15:42:39.420938976,291460.8100167753
C06113,SME,27,F,Guerrero,Sales,2020-05-12 14:03:38.671295904,730562.8431056438
C06114,retail,29,F,Jalisco,Sales,2025-09-22 14:24:41.138159268,823917.2927887292
C06115,retail,37,M,Ciudad de México,Accountant,2025-04-21 11:09:42.726671821,431971.1490896607
C06116,retail,41,F,Tamaulipas,Lawyer,2021-03-03 14:23:00.479375590,1230513.5146905528
C06117,retail,53,M,Durango,Freelancer,2025-08-04 19:21:34.397061829,765980.5993552145
C06118,corporate,47,F,Hidalgo,Retired,2023-11-19 01:31:48.598104175,447472.9852785332
C06119,retail,37,M,San Luis Potosí,Consultant,2022-06-20 18:13:40.393505700,1254101.106385433
C06120,retail,40,F,San Luis Potosí,Lawyer,2021-01-18 02:04:43.044029788,1452428.7905513763
C06121,retail,38,M,Baja California Sur,Engineer,2020-06-28 00:41:21.277166799,838608.4319505692
C06122,retail,31,M,Tabasco,Student,2021-07-30 05:25:02.451651703,290359.1757263214
C06123,retail,31,F,Sonora,Consultant,2020-08-02 01:47:34.787516130,1311311.2373953117
C06124,corporate,54,F,Ciudad de México,Student,2021-05-03 18:10:36.719076066,188615.67094474248
C06125,retail,20,F,San Luis Potosí,Student,2023-05-09 05:27:08.076229740,294399.9126004026
C06126,retail,61,F,Tamaulipas,Doctor,2023-08-26 04:21:38.372716212,902767.6379946731
C06127,retail,37,F,Baja California,Retired,2021-12-01 23:37:50.121404791,603007.7394668653
C06128,retail,32,M,Quintana Roo,Business Owner,2020-08-28 19:52:22.928745620,2965694.9787344346
C06129,retail,50,M,Colima,Business Owner,2023-04-24 07:26:31.459716515,3885838.2942498894
C06130,retail,59,M,Tamaulipas,Accountant,2020-02-06 13:53:47.844636359,759401.432356839
C06131,retail,55,M,Coahuila,Freelancer,2023-09-15 19:39:45.016133863,258970.25930280803
C06132,retail,48,F,Ciudad de México,Freelancer,2020-04-28 07:26:10.462866537,574926.3046154768
C06133,retail,55,M,Hidalgo,Doctor,2023-11-22 15:48:45.040309891,1234480.8081143503
C06134,retail,21,M,Coahuila,Student,2022-09-16 07:45:17.663995659,255466.49510613986
C06135,retail,35,M,Tamaulipas,Freelancer,2022-11-29 17:41:21.917629432,1173045.4152282332
C06136,retail,31,M,Coahuila,Accountant,2025-03-28 14:41:58.601096274,824427.8951861854
C06137,retail,56,M,Aguascalientes,Doctor,2022-01-29 22:08:27.670552924,1000507.6784163088
C06138,SME,37,F,Baja California,Doctor,2023-07-05 20:41:13.806561004,830397.8864827681
C06139,retail,52,M,Veracruz,Engineer,2021-02-18 20:54:44.677352865,1051891.4291949065
C06140,retail,48,F,Puebla,Lawyer,2024-04-13 21:51:35.793066879,1667149.437047884
C06141,retail,31,F,Tlaxcala,Retired,2021-08-08 13:40:34.772016005,526137.7318054794
C06142,retail,34,F,Tlaxcala,Freelancer,2022-10-28 14:26:36.299959579,682377.4183975507
C06143,retail,57,F,Tabasco,Sales,2025-04-12 14:41:15.930308063,809642.0975039813
C06144,retail,32,F,Veracruz,Sales,2025-11-11 02:20:07.481740359,406231.6917297259
C06145,retail,43,M,Morelos,Sales,2020-11-07 19:57:21.442936407,509176.2530879942
C06146,retail,32,M,Tamaulipas,Accountant,2022-10-04 13:17:38.089088308,755360.0956106179
C06147,retail,38,F,Durango,Teacher,2020-09-05 13:54:47.718097913,319749.0961249712
C06148,retail,41,M,México,Accountant,2022-08-04 13:27:00.993525998,882005.9851862577
C06149,retail,32,M,Michoacán,Consultant,2020-01-20 03:21:24.276313199,782839.9878309804
C06150,SME,30,M,Quintana Roo,Government Employee,2025-08-01 05:17:02.411046958,533207.5626442374
C06151,retail,45,F,Puebla,Doctor,2020-02-06 12:17:36.504704366,1090145.3842248702
C06152,retail,31,M,Hidalgo,Government Employee,2022-03-25 02:21:07.100816598,746957.8692404429
C06153,retail,32,F,Puebla,Consultant,2023-07-23 11:23:34.520668220,598226.122345252
C06154,retail,30,F,Colima,Teacher,2022-05-24 11:44:09.250446309,436345.0355631873
C06155,retail,41,M,Ciudad de México,Freelancer,2021-02-16 00:03:04.778960829,474362.01083416404
C06156,retail,53,M,Sonora,Lawyer,2021-11-23 06:41:11.299913342,601823.3080526013
C06157,retail,60,F,Aguascalientes,Government Employee,2023-06-28 12:17:23.563923232,784158.1005063333
C06158,retail,33,M,Sonora,Retired,2023-09-13 05:09:52.687219263,356170.9570823427
C06159,retail,67,M,Campeche,Retired,2025-05-31 00:44:39.743036815,324897.42976089416
C06160,retail,29,M,Yucatán,Government Employee,2024-10-28 08:22:29.135662714,858576.4818794
C06161,retail,55,F,Tabasco,Retired,2023-01-09 10:11:49.684737801,267639.2773661705
C06162,retail,33,F,Nayarit,Doctor,2021-11-11 04:00:53.408741558,1430168.8636344979
C06163,retail,31,M,Zacatecas,Teacher,2025-05-02 05:09:06.216128923,574761.351823208
C06164,retail,33,F,Veracruz,Retired,2024-02-26 04:56:01.445700638,327286.02808590187
C06165,retail,41,F,Sinaloa,Sales,2021-11-18 07:22:26.478910418,477567.3173890612
C06166,retail,48,M,Sinaloa,Government Employee,2024-07-01 06:40:46.033000265,964989.1423706384
C06167,retail,50,M,Aguascalientes,Lawyer,2020-11-25 14:37:38.862651106,1342614.117513345
C06168,corporate,30,F,Baja California Sur,Lawyer,2021-11-19 06:33:01.023122334,1330461.772983681
C06169,retail,30,F,Durango,Government Employee,2020-10-13 02:06:54.754669641,757150.4175499484
C06170,retail,31,F,San Luis Potosí,Government Employee,2023-08-01 20:07:34.584118152,623916.8916074911
C06171,retail,40,M,Baja California,Sales,2022-10-29 11:40:56.980098121,358747.38587612286
C06172,retail,39,F,Nayarit,Business Owner,2025-07-10 12:55:54.212803782,1348831.9309222386
C06173,retail,30,F,Baja California,Freelancer,2024-09-19 02:43:01.157363795,887311.331689507
C06174,retail,45,M,Hidalgo,Consultant,2022-09-08 20:36:16.039098000,1825912.8616841657
C06175,retail,69,F,Puebla,Retired,2025-06-12 06:33:59.517517036,385095.199204098
C06176,retail,35,M,Veracruz,Accountant,2020-02-15 17:40:37.370153217,752383.0023167997
C06177,retail,36,M,Ciudad de México,Student,2025-08-19 10:07:04.941932841,299069.53346617054
C06178,retail,48,M,Quintana Roo,Government Employee,2025-08-27 05:36:01.932317322,480013.0946036312
C06179,retail,35,F,Tlaxcala,Freelancer,2020-07-13 20:16:44.951987923,590214.3187692321
C06180,retail,50,F,Quintana Roo,Engineer,2024-11-10 09:16:48.615622392,754465.4807625599
C06181,retail,33,F,Yucatán,Engineer,2023-03-01 05:19:17.057971784,522810.1178975508
C06182,retail,63,F,Baja California,Lawyer,2025-02-27 08:20:27.342529452,1211420.878297891
C06183,retail,46,M,Baja California,Student,2023-07-27 01:21:06.625179809,205041.5550580856
C06184,SME,34,F,Chiapas,Consultant,2024-04-07 08:29:26.504136132,692896.5241780716
C06185,retail,34,F,Tamaulipas,Student,2024-06-25 06:49:32.146914137,265250.63034184603
C06186,retail,35,F,Jalisco,Sales,2024-11-20 09:01:39.439189988,747745.0542360233
C06187,retail,58,M,Quintana Roo,Accountant,2022-02-20 10:05:18.394276421,1022224.9633988433
C06188,retail,26,F,Quintana Roo,Government Employee,2023-08-26 03:05:45.982758260,953893.6091369974
C06189,retail,33,M,Sinaloa,Government Employee,2025-09-20 18:26:26.505066803,908347.0411588983
C06190,retail,35,F,Baja California Sur,Teacher,2020-01-06 15:56:38.903219689,348997.99077151465
C06191,retail,41,F,Jalisco,Accountant,2020-10-08 15:57:52.539102483,556540.4074610437
C06192,retail,38,F,Aguascalientes,Freelancer,2023-01-17 15:41:23.261764451,322475.4171862169
C06193,retail,24,M,Ciudad de México,Accountant,2023-03-14 00:21:14.438868160,647467.5251857466
C06194,SME,37,M,Michoacán,Teacher,2025-11-16 16:27:30.325412877,349628.86231919477
C06195,retail,40,M,Morelos,Student,2023-02-18 15:38:54.194157803,258393.92887102359
C06196,retail,34,F,Colima,Government Employee,2025-07-20 17:23:53.826592520,801701.5613751693
C06197,retail,50,F,Veracruz,Accountant,2024-04-15 04:19:03.033227766,511715.7446222609
C06198,retail,53,F,México,Accountant,2022-05-11 02:14:08.919687544,835103.8568427431
C06199,retail,41,M,Veracruz,Freelancer,2021-01-14 10:09:14.889227538,222989.42959556528
C06200,retail,44,M,Puebla,Engineer,2024-04-29 02:32:06.291229438,804059.6229927272
C06201,retail,18,M,Colima,Student,2020-02-29 05:06:17.186664201,214240.9718289778
C06202,retail,36,M,Coahuila,Consultant,2023-04-06 23:21:07.176980610,1997743.313946552
C06203,SME,54,F,Ciudad de México,Engineer,2025-05-15 04:51:46.378494895,1145950.1560727842
C06204,retail,36,F,Baja California,Student,2020-09-19 12:42:27.448994960,197708.0022994081
C06205,retail,33,F,Sinaloa,Government Employee,2023-06-04 03:38:14.218535130,942160.4713498848
C06206,SME,69,M,Zacatecas,Retired,2022-03-08 00:32:02.849611972,438455.8456168438
C06207,retail,63,M,Durango,Student,2021-06-24 07:50:26.773652073,249198.35195793852
C06208,retail,47,M,Chiapas,Freelancer,2021-02-05 14:33:36.349874871,733764.9598242281
C06209,retail,55,F,Michoacán,Sales,2021-11-25 13:36:07.395390541,722002.4847977957
C06210,retail,18,F,Puebla,Student,2021-05-02 17:41:35.111128434,220195.1502004923
C06211,retail,32,M,Zacatecas,Sales,2020-11-07 05:05:42.514272770,295293.7507303716
C06212,retail,36,M,Aguascalientes,Lawyer,2022-12-12 12:58:30.242189067,1101152.7453817758
C06213,retail,39,F,Chihuahua,Freelancer,2021-09-17 09:52:42.468235685,744506.0950368012
C06214,retail,36,F,Durango,Consultant,2023-07-29 14:53:33.203854512,1332371.4917351971
C06215,retail,18,M,Durango,Student,2020-08-28 03:59:16.137943726,275112.5082626266
C06216,retail,46,F,Sonora,Consultant,2025-11-02 09:11:09.938737909,566338.8183734891
C06217,retail,48,M,Sonora,Lawyer,2022-10-28 14:39:26.303369759,1785714.222481222
C06218,retail,61,F,Nuevo León,Retired,2025-06-15 11:36:21.714622686,695755.2418663024
C06219,retail,32,M,Hidalgo,Student,2022-01-10 00:35:14.016267830,191882.11766952244
C06220,retail,31,M,Sonora,Consultant,2022-08-12 22:35:55.204380957,1016026.5720638989
C06221,retail,18,M,Nuevo León,Student,2024-01-10 14:17:30.888996419,250837.87139384175
C06222,retail,38,M,Baja California Sur,Engineer,2020-09-11 00:17:12.015064673,761328.4540737947
C06223,retail,52,F,Hidalgo,Accountant,2022-08-18 17:23:23.028561056,741337.7690885973
C06224,retail,34,F,Campeche,Sales,2024-07-13 07:29:27.090312349,461853.7577978595
C06225,retail,67,M,Sinaloa,Retired,2022-08-25 11:20:44.987566172,570460.7077633819
C06226,retail,38,F,Tlaxcala,Government Employee,2020-03-10 04:52:11.854924577,554812.4351817517
C06227,retail,43,M,Colima,Government Employee,2024-08-26 19:02:03.960737547,600920.9227763368
C06228,corporate,25,M,Guerrero,Sales,2022-04-06 17:54:45.347195992,624340.6042830243
C06229,retail,45,F,Querétaro,Engineer,2024-12-26 12:45:57.157938769,1178441.8531142161
C06230,retail,18,F,San Luis Potosí,Student,2021-05-24 19:18:32.601787257,257017.17801170063
C06231,retail,50,M,San Luis Potosí,Freelancer,2022-02-04 14:33:30.569724156,296921.24630169413
C06232,SME,50,M,Morelos,Business Owner,2021-04-05 03:06:22.506187519,2071272.988146253
C06233,retail,58,F,Sinaloa,Doctor,2025-06-15 03:35:27.306206999,1093800.6006997852
C06234,retail,29,M,Aguascalientes,Business Owner,2020-01-10 14:22:07.409942962,3882748.1669843085
C06235,retail,43,F,Zacatecas,Accountant,2025-10-13 01:51:13.587899745,712813.3331172094
C06236,retail,48,F,Tabasco,Engineer,2020-01-12 10:51:22.064105736,961373.6130412677
C06237,retail,47,M,Baja California,Consultant,2025-10-10 17:51:32.025142179,1759242.9739969536
C06238,retail,31,M,Ciudad de México,Student,2024-05-15 22:01:53.739363042,192520.6143836131
C06239,retail,18,F,Quintana Roo,Student,2020-10-23 07:28:44.552126903,271889.51533282537
C06240,retail,46,M,Sonora,Sales,2021-07-23 09:27:25.809855625,734627.6141725484
C06241,SME,40,M,Aguascalientes,Teacher,2024-10-14 16:12:14.845616778,627885.7714713105
C06242,retail,35,F,Nuevo León,Retired,2022-05-08 00:09:29.697921543,680230.8674177711
C06243,retail,51,F,Veracruz,Teacher,2022-07-19 13:36:19.375908852,423839.49976283265
C06244,retail,41,M,Morelos,Sales,2020-02-03 04:42:29.247835385,528863.7492842267
C06245,retail,26,F,Chiapas,Government Employee,2020-11-27 07:08:52.068026835,483877.6620352641
C06246,retail,18,F,México,Student,2021-07-17 04:01:47.847259001,219253.00234863636
C06247,retail,28,M,Oaxaca,Sales,2020-04-04 08:32:07.919620215,464387.2031813616
C06248,retail,70,M,San Luis Potosí,Retired,2024-10-20 12:28:46.297680621,641399.6282511621
C06249,retail,50,F,Sinaloa,Consultant,2020-08-23 01:33:15.350353389,594347.5394205676
C06250,retail,44,M,Yucatán,Doctor,2020-06-13 03:07:08.698891731,941889.2268109836
C06251,retail,39,M,Guerrero,Freelancer,2021-12-22 20:30:13.554574320,810558.8248635763
C06252,retail,39,F,Campeche,Consultant,2023-07-03 23:24:56.421509337,1647792.938300652
C06253,retail,56,F,Zacatecas,Student,2020-06-09 01:49:23.818569231,263685.9438550846
C06254,retail,36,F,México,Accountant,2025-04-13 21:51:33.899423037,432603.0195529876
C06255,retail,48,F,Baja California Sur,Engineer,2024-11-10 06:50:40.535179607,817656.5206990379
C06256,retail,37,M,Jalisco,Student,2025-11-03 16:32:34.845917171,202137.01505249878
C06257,retail,65,M,Campeche,Doctor,2025-03-23 17:22:07.858416657,1491700.532772819
C06258,retail,50,F,Nuevo León,Lawyer,2023-04-08 06:21:44.127731578,1798671.3547299828
C06259,retail,56,F,Chihuahua,Retired,2021-10-30 15:00:42.618503599,272904.39521146275
C06260,retail,34,F,Morelos,Doctor,2020-03-20 02:13:01.622247204,1267407.5576294735
C06261,retail,54,M,Nayarit,Accountant,2024-04-02 06:43:26.138577171,969146.2713971157
C06262,retail,38,F,Colima,Freelancer,2022-08-16 20:25:22.781276015,524780.193740716
C06263,retail,43,M,Nuevo León,Student,2024-05-13 09:19:21.033165873,263237.0659858851
C06264,SME,61,M,Oaxaca,Sales,2024-08-06 02:28:49.847112379,371984.7352986109
C06265,retail,29,M,Guerrero,Doctor,2020-06-12 10:33:28.978149245,889571.5352501278
C06266,retail,44,M,Morelos,Student,2023-06-11 00:25:53.789834340,291037.1433160033
C06267,corporate,47,F,Yucatán,Accountant,2021-02-23 18:16:41.900817340,849775.649673258
C06268,retail,48,M,Nuevo León,Sales,2023-04-04 02:20:47.412921635,781016.5230918503
C06269,retail,36,M,Aguascalientes,Consultant,2023-01-02 16:17:39.418992751,1299070.2929533753
C06270,retail,67,M,Guanajuato,Retired,2025-05-01 17:51:21.282694300,319626.56531685876
C06271,retail,26,F,Durango,Student,2024-11-04 17:10:49.333512089,225198.9988515529
C06272,SME,59,F,Michoacán,Lawyer,2022-06-03 20:18:45.344554056,1657989.2251964866
C06273,retail,56,F,Chiapas,Retired,2020-07-21 13:16:04.898926504,257022.97552544734
C06274,retail,64,M,Morelos,Accountant,2023-01-24 10:27:21.205033695,545024.5496092131
C06275,retail,22,F,Tamaulipas,Student,2021-09-15 10:24:13.657428528,210394.6450554942
C06276,retail,31,M,Ciudad de México,Retired,2023-01-02 01:21:09.397968541,368348.3619249251
C06277,retail,59,M,Quintana Roo,Student,2023-11-13 02:53:54.113153403,191830.50197265242
C06278,retail,19,F,Tabasco,Student,2022-10-24 22:03:34.374408249,281787.21143615525
C06279,retail,22,M,Colima,Student,2025-02-14 22:51:36.434005817,199141.82991443702
C06280,retail,36,M,Sinaloa,Retired,2025-01-07 23:11:34.277723125,623354.3032883701
C06281,retail,44,M,Durango,Freelancer,2022-03-03 03:14:31.435408339,555062.1327270826
C06282,retail,61,M,Colima,Business Owner,2025-02-21 17:05:40.484258458,2666468.251402757
C06283,retail,39,M,Baja California Sur,Freelancer,2022-08-14 17:37:40.332469365,662851.3024558013
C06284,retail,34,M,Quintana Roo,Consultant,2021-03-07 01:11:40.887035747,1569723.9464792677
C06285,retail,45,M,Quintana Roo,Student,2024-02-09 14:34:51.550517120,267756.7113905287
C06286,retail,47,F,Veracruz,Doctor,2020-03-29 12:16:51.566541964,1248482.2603139468
C06287,retail,47,F,Quintana Roo,Sales,2024-07-23 21:01:08.524741157,752950.2880767427
C06288,retail,39,F,Guerrero,Freelancer,2025-01-22 09:36:17.105535174,208303.18733458113
C06289,SME,18,F,San Luis Potosí,Student,2021-09-11 06:39:35.003110045,240577.75655432354
C06290,retail,30,F,Campeche,Doctor,2021-08-20 23:57:22.431227735,1166818.2648390755
C06291,retail,59,M,Tabasco,Lawyer,2024-11-28 19:06:16.075477277,887208.0484088596
C06292,retail,44,M,Querétaro,Teacher,2024-11-10 05:54:34.869285121,522548.9196103907
C06293,SME,38,F,Nayarit,Accountant,2020-11-08 15:37:55.818283708,727010.6259570825
C06294,retail,55,M,Quintana Roo,Student,2022-10-08 18:16:16.126591953,236653.94915625502
C06295,retail,28,M,Ciudad de México,Accountant,2024-01-12 19:56:56.245039843,482915.49016777443
C06296,retail,39,M,Puebla,Teacher,2023-04-02 06:23:31.169065066,474105.4505827684
C06297,retail,43,F,Campeche,Business Owner,2025-10-02 13:48:23.365136254,3995652.8992036884
C06298,retail,36,F,Baja California,Student,2024-08-22 10:30:00.383567500,229199.20893639652
C06299,retail,43,M,Coahuila,Consultant,2024-11-05 00:42:15.841364225,1231248.1228186656
C06300,retail,39,F,Nayarit,Freelancer,2022-10-27 15:28:53.499487040,1167521.3792255274
C06301,retail,25,F,Baja California,Lawyer,2022-02-15 13:21:48.659753757,1646142.0128834844
C06302,retail,44,M,Sinaloa,Doctor,2025-04-24 18:48:42.836705317,1450091.038846354
C06303,retail,26,M,Baja California,Student,2025-06-10 19:40:48.150987800,189321.26376336964
C06304,retail,43,M,Durango,Government Employee,2024-08-05 10:14:01.443417178,733007.0922208587
C06305,retail,58,F,Baja California Sur,Teacher,2022-01-22 04:55:25.675153320,389364.9732521214
C06306,retail,38,M,Nuevo León,Business Owner,2025-04-21 03:15:53.466433596,2438248.1119251624
C06307,retail,27,M,Baja California,Government Employee,2024-09-28 20:12:26.679255174,775825.800306015
C06308,retail,40,M,Sonora,Student,2025-12-29 08:50:22.636214896,249470.3667777417
C06309,retail,32,F,Baja California Sur,Accountant,2023-09-09 12:24:15.902808730,754013.1260334925
C06310,retail,49,F,Ciudad de México,Business Owner,2025-10-15 19:39:25.687019043,4202129.091275011
C06311,retail,40,M,Guanajuato,Freelancer,2022-05-27 22:51:37.407683991,882599.3119884052
C06312,retail,62,F,Yucatán,Retired,2021-09-05 00:25:20.653361952,619471.1189269827
C06313,retail,55,M,Guanajuato,Student,2022-11-07 21:13:35.380592082,291832.8015224602
C06314,retail,40,M,Tabasco,Accountant,2022-12-08 23:36:19.829295278,898380.2733410548
C06315,retail,50,F,Baja California Sur,Lawyer,2023-08-13 16:17:14.536217439,1074474.8927757381
C06316,SME,37,F,Chiapas,Doctor,2024-01-24 05:13:39.725542458,948945.0573886808
C06317,retail,42,M,Guerrero,Sales,2025-05-02 10:54:43.749396885,426095.2295093554
C06318,retail,37,M,México,Lawyer,2022-05-24 07:54:19.600175840,1075956.4866885268
C06319,retail,51,F,Quintana Roo,Consultant,2023-03-31 04:11:36.068087385,1610137.395746621
C06320,retail,59,F,Morelos,Lawyer,2023-07-21 02:14:42.841175971,648185.6477598669
C06321,retail,51,F,Michoacán,Business Owner,2023-12-12 14:49:09.328978984,4201411.157115842
C06322,retail,53,F,Veracruz,Government Employee,2025-07-27 01:36:21.371697834,830695.2102415228
C06323,retail,53,F,Morelos,Accountant,2022-01-18 19:12:16.180660930,749592.1565741561
C06324,retail,48,F,México,Engineer,2020-04-24 07:23:44.277927641,779767.1784018234
C06325,retail,28,F,Sonora,Accountant,2024-03-03 22:38:51.796054464,478888.0492032698
C06326,retail,62,F,Hidalgo,Sales,2024-09-03 20:24:28.018909694,438306.31404643547
C06327,SME,63,M,Baja California,Engineer,2024-11-06 19:37:02.047509377,576739.7609770946
C06328,retail,39,M,Morelos,Doctor,2022-06-05 12:49:33.583634762,1373219.9795718268
C06329,retail,37,M,Aguascalientes,Sales,2023-02-24 11:57:08.579311417,581070.1203256466
C06330,retail,49,F,Veracruz,Business Owner,2022-12-30 17:15:29.865320254,1761183.4004787034
C06331,retail,48,M,Zacatecas,Business Owner,2025-03-06 02:50:33.876268174,777784.2167295018
C06332,retail,39,M,Veracruz,Business Owner,2022-02-17 09:48:03.484323733,2952860.6892137593
C06333,retail,26,M,Durango,Retired,2023-05-03 09:10:13.748506901,588439.945367255
C06334,retail,45,M,Campeche,Teacher,2025-11-26 01:17:40.658231625,606598.2807443065
C06335,retail,48,F,Durango,Doctor,2024-11-03 01:26:32.432299972,950098.557366393
C06336,retail,50,M,Guerrero,Business Owner,2022-12-24 04:22:50.172948957,4978767.645393072
C06337,retail,46,M,Zacatecas,Sales,2025-03-11 17:41:21.857281173,619707.5143470245
C06338,retail,38,F,Tamaulipas,Engineer,2021-09-24 00:19:35.631282685,732405.2577022628
C06339,retail,53,F,Baja California Sur,Government Employee,2021-02-26 04:21:38.120242522,574965.8157577836
C06340,retail,42,M,Aguascalientes,Business Owner,2024-06-02 19:40:16.295702558,1235078.5761597662
C06341,retail,36,M,Nuevo León,Teacher,2024-04-05 02:41:09.827503480,497342.8326944109
C06342,retail,39,F,Aguascalientes,Lawyer,2024-03-19 08:51:23.643851302,1503955.2786641866
C06343,retail,21,M,Nuevo León,Student,2020-11-28 10:42:49.736524042,229129.6211090088
C06344,retail,39,F,Campeche,Lawyer,2020-08-07 21:07:34.492234017,1640224.0558730972
C06345,retail,50,M,Tabasco,Sales,2020-04-01 04:18:03.798396676,559889.5224654397
C06346,retail,46,M,Hidalgo,Consultant,2024-05-18 11:21:49.489579499,1850915.6372093952
C06347,retail,60,M,Tabasco,Retired,2020-08-31 05:23:14.993586188,566442.3974512623
C06348,corporate,38,M,Jalisco,Accountant,2024-05-27 21:10:44.517093764,438506.8461222537
C06349,retail,47,F,Jalisco,Doctor,2020-04-16 18:58:34.542320351,846912.2923123541
C06350,retail,51,F,San Luis Potosí,Sales,2022-12-01 11:41:51.320176304,770069.9605938215
C06351,retail,70,F,Baja California Sur,Retired,2025-11-12 04:21:24.769229156,410571.02742931776
C06352,retail,43,F,Nuevo León,Retired,2022-05-19 08:04:48.248695976,335160.4724419292
C06353,retail,29,F,Tlaxcala,Teacher,2023-09-01 03:32:26.245736604,646129.05771805
C06354,retail,52,F,Sinaloa,Government Employee,2021-04-07 16:13:53.222161617,988315.6496658778
C06355,SME,64,F,Guanajuato,Accountant,2025-03-20 10:47:24.086163572,966124.573417119
C06356,SME,38,M,Ciudad de México,Retired,2024-05-29 22:26:36.846844621,576309.0063164349
C06357,retail,52,M,Chihuahua,Government Employee,2023-06-18 06:40:10.600140353,300670.9928021527
C06358,retail,56,F,Sonora,Business Owner,2021-06-28 08:03:47.234084154,1155687.9887744123
C06359,SME,54,F,Campeche,Accountant,2020-06-19 21:05:21.855590151,869661.3252411748
C06360,retail,43,F,Sonora,Student,2025-05-11 17:12:55.218543123,229148.15006823276
C06361,retail,33,F,Chiapas,Teacher,2021-12-29 04:21:48.815678150,307790.14920317807
C06362,retail,41,M,Tlaxcala,Lawyer,2023-02-04 06:17:13.242172511,1489044.340708131
C06363,retail,47,F,Ciudad de México,Sales,2023-02-09 17:57:36.473682709,522197.7181395906
C06364,retail,52,F,Aguascalientes,Business Owner,2024-09-29 17:51:12.650616920,3532948.2815293474
C06365,retail,46,M,Quintana Roo,Consultant,2024-10-01 03:16:17.529341585,1202504.0860863563
C06366,retail,37,F,México,Student,2024-12-07 06:49:11.797315858,183179.75222488967
C06367,retail,48,F,Guanajuato,Lawyer,2020-09-11 20:23:21.247130064,1363110.1176030636
C06368,retail,52,F,Quintana Roo,Retired,2020-03-25 05:52:17.565890144,604639.4808308601
C06369,retail,46,F,Sonora,Business Owner,2021-08-16 22:02:52.555597794,1370700.3481014543
C06370,retail,31,M,Aguascalientes,Teacher,2025-08-13 16:51:43.843053868,656433.7538493809
C06371,retail,39,M,Veracruz,Retired,2023-11-26 11:20:23.593807654,331702.9749646018
C06372,retail,53,F,Morelos,Business Owner,2021-10-01 06:03:34.905324729,2518197.95287909
C06373,SME,25,M,México,Accountant,2024-03-15 20:33:07.717177594,769031.4435733429
C06374,SME,18,M,Jalisco,Student,2025-07-22 17:59:30.400372151,217664.20481258407
C06375,retail,60,M,Ciudad de México,Retired,2022-07-29 01:00:38.798122713,475206.2399866689
C06376,retail,48,F,Quintana Roo,Business Owner,2024-10-25 09:55:48.945329188,3788933.1922880043
C06377,retail,49,M,Campeche,Doctor,2024-06-17 06:16:22.297504089,1300119.3548943456
C06378,retail,29,M,Ciudad de México,Accountant,2025-02-22 05:32:03.799578093,1045598.8312535677
C06379,SME,50,F,Tamaulipas,Doctor,2021-01-27 00:16:11.617974807,1403464.5137604568
C06380,retail,45,F,Chiapas,Doctor,2022-11-26 01:51:51.322114391,1489574.8923053455
C06381,retail,22,F,Baja California Sur,Student,2025-03-24 21:31:11.397115040,251446.1669546892
C06382,retail,59,F,Nayarit,Business Owner,2020-07-08 19:39:44.344983795,2422213.4570547016
C06383,retail,43,M,Ciudad de México,Retired,2025-11-04 08:56:44.816364299,358044.39156941185
C06384,retail,37,M,Campeche,Accountant,2021-06-27 12:49:29.278471385,570778.803234222
C06385,retail,37,M,Coahuila,Freelancer,2023-02-14 07:55:42.691088389,350924.14957856166
C06386,retail,18,F,Aguascalientes,Student,2021-11-27 02:23:44.000352636,267200.76355303644
C06387,retail,49,M,Michoacán,Lawyer,2024-04-24 07:46:31.831511163,1385091.4109484197
C06388,retail,45,F,Sinaloa,Lawyer,2024-10-08 21:42:58.126158419,950753.3276220593
C06389,retail,39,M,Tamaulipas,Doctor,2025-07-04 08:43:57.280818859,1424497.1307778838
C06390,retail,57,M,Sinaloa,Student,2020-08-25 21:50:33.058710230,246274.9137231729
C06391,retail,25,F,Sonora,Government Employee,2020-08-05 23:56:36.879889958,348313.3894977705
C06392,retail,34,F,Chihuahua,Freelancer,2020-11-18 11:20:42.961657330,261450.98638366
C06393,retail,31,M,Chihuahua,Engineer,2025-07-03 18:40:01.152897573,600231.0082437017
C06394,retail,38,M,Jalisco,Doctor,2023-08-06 09:43:16.137525961,947884.5689074444
C06395,corporate,42,M,Yucatán,Teacher,2024-08-19 00:20:27.797341041,654975.8240086467
C06396,retail,47,M,Querétaro,Freelancer,2023-06-15 07:29:30.885876910,978449.1576320139
C06397,retail,37,F,Chiapas,Consultant,2022-04-09 03:52:28.231769864,802586.4102499469
C06398,retail,31,M,Guanajuato,Consultant,2023-01-01 07:55:43.916409482,872738.7768683387
C06399,retail,62,M,Aguascalientes,Freelancer,2025-11-30 05:26:26.974509825,836788.6597003203
C06400,retail,70,F,Oaxaca,Retired,2025-11-04 20:50:41.125737717,642186.2543360414
C06401,retail,43,F,Durango,Sales,2022-10-15 04:12:41.251626516,455874.24705170863
C06402,retail,32,M,Aguascalientes,Engineer,2023-02-08 23:32:39.118621681,867848.1269617673
C06403,retail,59,M,Puebla,Doctor,2024-03-10 14:15:39.136935087,1423265.1745152902
C06404,retail,24,M,Tlaxcala,Consultant,2020-09-12 18:38:05.023875490,1655948.421441579
C06405,retail,37,M,Campeche,Lawyer,2025-08-17 00:07:51.707044976,1669812.2414548334
C06406,retail,33,F,Colima,Government Employee,2024-09-06 02:25:15.934229387,494651.9735267267
C06407,retail,28,F,Zacatecas,Consultant,2021-12-08 08:43:50.407435300,1536401.912906556
C06408,retail,38,M,Aguascalientes,Business Owner,2024-02-08 11:44:03.730810182,1190254.2676086426
C06409,retail,31,F,Colima,Doctor,2020-12-17 04:19:35.713799319,1231346.1167870387
C06410,SME,42,M,Jalisco,Lawyer,2025-03-21 00:46:55.141657781,964830.9478452927
C06411,retail,42,M,San Luis Potosí,Consultant,2024-03-13 22:24:09.712425355,1552221.1731440488
C06412,retail,34,F,Zacatecas,Business Owner,2021-07-30 02:26:16.966749092,1310060.8056976404
C06413,retail,37,M,Morelos,Lawyer,2024-09-24 02:04:12.274859044,1398696.98844276
C06414,retail,39,M,Ciudad de México,Retired,2021-03-10 22:00:38.655899842,568834.3193881235
C06415,retail,51,F,Tlaxcala,Freelancer,2021-02-10 07:52:59.936756605,1057157.1726486036
C06416,retail,40,M,Sinaloa,Sales,2023-08-28 14:10:11.867082265,696600.4712473924
C06417,retail,51,M,Chihuahua,Teacher,2020-08-05 16:35:45.708292761,509146.23557431455
C06418,SME,49,F,Aguascalientes,Consultant,2022-08-24 00:15:25.196332416,1676240.2626926268
C06419,retail,48,F,Quintana Roo,Engineer,2023-06-25 19:48:01.612001556,699103.5082788236
C06420,retail,58,F,Quintana Roo,Student,2024-11-19 16:38:14.346062445,261296.6557208013
C06421,corporate,28,M,Ciudad de México,Consultant,2021-05-28 12:21:13.005420563,1586792.3142082752
C06422,retail,36,M,Aguascalientes,Doctor,2022-08-10 03:32:05.368357510,1074779.2333010049
C06423,retail,63,M,Jalisco,Business Owner,2020-12-30 10:52:40.025055838,4952557.015305733
C06424,retail,38,F,Yucatán,Lawyer,2025-07-12 15:12:43.877705617,1027308.0136054646
C06425,retail,18,M,San Luis Potosí,Student,2020-12-03 04:10:34.672798190,190139.02481855793
C06426,retail,39,F,Veracruz,Retired,2025-12-02 03:56:21.007482826,386563.77426018356
C06427,SME,43,M,Tamaulipas,Sales,2024-07-04 17:21:53.152194244,314634.2392085779
C06428,retail,18,M,Tlaxcala,Student,2020-09-27 07:54:03.444508606,220716.83820241046
C06429,retail,58,M,Guanajuato,Sales,2025-09-11 03:15:29.011561548,333117.50198598776
C06430,retail,33,F,Colima,Doctor,2020-06-24 07:50:18.141356383,1107674.8442363103
C06431,retail,45,F,Quintana Roo,Sales,2021-07-30 15:05:29.634918361,755684.8338191048
C06432,SME,39,F,Guerrero,Lawyer,2025-04-02 07:14:04.735502638,680931.7311636561
C06433,retail,26,M,Chihuahua,Teacher,2024-11-06 10:50:21.290291322,525243.733295471
C06434,retail,29,M,Morelos,Doctor,2022-05-27 05:22:40.587229731,830679.3525592748
C06435,retail,30,M,Guanajuato,Lawyer,2021-12-07 00:11:23.407952502,1661531.8876714478
C06436,retail,55,F,Durango,Consultant,2024-01-23 10:45:38.605769769,1882074.8905053274
C06437,retail,40,M,Tabasco,Engineer,2021-01-31 17:23:59.076497628,844650.9828771527
C06438,retail,35,M,Colima,Business Owner,2021-12-21 01:56:15.983879095,4007694.772627013
C06439,retail,30,M,Guerrero,Freelancer,2020-01-07 03:01:49.238369733,792911.5281850153
C06440,retail,56,M,Puebla,Accountant,2025-08-16 21:39:30.014945919,638464.3552570208
C06441,retail,59,M,Campeche,Freelancer,2020-09-28 07:20:05.180268317,445141.0428009114
C06442,retail,56,M,Puebla,Consultant,2020-08-13 04:37:23.360676891,1637894.483263039
C06443,retail,47,M,Puebla,Retired,2023-06-20 13:56:29.398330034,443491.52792315034
C06444,retail,45,M,Veracruz,Sales,2024-08-19 18:22:32.637880958,848155.9180578358
C06445,retail,27,F,Hidalgo,Student,2024-01-31 21:06:04.273743155,297084.0092693861
C06446,retail,39,F,Sonora,Retired,2024-04-26 09:45:51.044253571,344676.9121728061
C06447,SME,33,M,Baja California Sur,Sales,2021-03-29 16:16:32.689339745,614691.7093491042
C06448,retail,20,F,Oaxaca,Student,2020-01-27 09:48:06.956501101,244432.64585946963
C06449,retail,54,M,Campeche,Sales,2021-07-31 22:44:00.541807118,814265.128194301
C06450,retail,33,M,Colima,Sales,2023-12-28 14:17:42.737638583,699140.9148754927
C06451,retail,56,F,Chiapas,Teacher,2024-05-16 02:34:42.709369435,542951.6099714707
C06452,corporate,52,F,Querétaro,Accountant,2022-09-02 12:50:31.645354231,875318.0893623643
C06453,retail,48,F,Sonora,Sales,2024-03-20 04:15:46.344928323,503147.77720141393
C06454,retail,49,M,Baja California,Government Employee,2020-04-24 05:18:50.783092449,972205.0061292765
C06455,SME,34,F,Sinaloa,Accountant,2021-08-04 09:39:26.440990352,440338.0053477087
C06456,retail,64,M,Colima,Lawyer,2022-08-19 20:58:01.405296563,634954.8120788556
C06457,retail,42,M,San Luis Potosí,Freelancer,2024-11-19 16:41:54.902278583,615590.1518509709
C06458,retail,45,M,Sonora,Sales,2022-05-08 02:45:41.425976128,350474.52037214354
C06459,retail,34,F,Chiapas,Sales,2023-02-13 00:49:33.032094326,604120.7545762246
C06460,retail,30,M,Michoacán,Student,2020-07-16 11:09:00.831892586,181081.197469558
C06461,retail,47,F,Puebla,Student,2022-07-30 01:26:19.153326708,235162.41665489893
C06462,retail,44,F,México,Government Employee,2020-05-30 19:46:11.339492259,506447.4892965929
C06463,SME,32,M,Nuevo León,Engineer,2024-07-19 15:17:48.575895693,641652.4449631757
C06464,retail,24,F,Hidalgo,Teacher,2024-09-09 02:11:14.543646229,477860.25977466814
C06465,retail,26,F,Guanajuato,Consultant,2021-11-30 09:35:27.092117160,1781824.297273098
C06466,retail,56,M,Michoacán,Engineer,2022-10-15 10:58:05.542099210,958776.934359008
C06467,retail,34,M,Nayarit,Government Employee,2024-10-25 22:13:39.271007134,411959.31484327954
C06468,retail,37,F,Sinaloa,Business Owner,2024-08-21 03:21:10.811645779,2845154.6510433336
C06469,SME,59,M,México,Student,2024-12-26 00:38:01.852670916,291801.46592906216
C06470,retail,28,F,Chihuahua,Doctor,2025-08-04 08:25:46.660802882,1107457.8150725663
C06471,retail,33,M,Colima,Doctor,2022-05-13 14:37:41.827045345,1129382.8328515403
C06472,retail,32,M,Campeche,Business Owner,2020-10-09 19:45:51.291851113,4747838.878361031
C06473,retail,61,F,Puebla,Student,2024-06-09 23:08:54.333896285,196297.11776625426
C06474,SME,65,F,Sonora,Sales,2020-11-17 21:23:17.543390671,727777.7005662308
C06475,retail,51,M,Michoacán,Student,2024-01-20 18:22:08.831309600,215899.66716988524
C06476,SME,51,F,Puebla,Teacher,2021-09-28 01:39:27.440323229,646357.5294088847
C06477,retail,35,M,Guanajuato,Business Owner,2020-05-08 07:17:03.533744890,933758.7402011214
C06478,retail,65,F,Sonora,Freelancer,2022-04-28 03:04:13.174614283,1190402.5585582056
C06479,retail,45,F,Oaxaca,Accountant,2025-09-21 23:53:32.856005613,938026.9425519941
C06480,retail,52,M,Tabasco,Sales,2021-07-28 20:35:32.058003286,434816.72298360546
C06481,retail,40,M,Baja California,Business Owner,2022-01-25 11:18:59.771604204,3971681.1036933027
C06482,retail,38,M,Veracruz,Retired,2024-10-19 22:30:29.035206825,665337.3171492621
C06483,retail,61,M,Querétaro,Business Owner,2022-10-10 05:47:21.916121204,1185544.894969312
C06484,retail,48,M,Campeche,Freelancer,2020-07-10 03:41:24.670299391,1113579.280666012
C06485,retail,59,F,Jalisco,Consultant,2021-05-19 08:40:45.981680224,1040261.9949363332
C06486,retail,45,M,Guanajuato,Engineer,2025-04-23 19:24:12.493088596,504521.5202751451
C06487,SME,31,M,Campeche,Accountant,2021-02-18 12:49:30.579224186,478694.791751076
C06488,retail,34,F,Sonora,Consultant,2021-08-14 21:58:26.762439019,1827191.7791769342
C06489,retail,43,M,Baja California Sur,Consultant,2024-04-08 08:03:07.254174698,1974000.684902086
C06490,retail,34,M,San Luis Potosí,Consultant,2021-10-01 20:59:31.754712285,1843058.915611094
C06491,retail,28,M,Querétaro,Lawyer,2024-06-19 06:21:19.963531747,1129844.3997450345
C06492,retail,56,F,Sinaloa,Student,2023-12-09 16:52:07.194761434,295370.1738371283
C06493,retail,35,M,Chiapas,Business Owner,2025-01-07 13:05:25.622756421,2449456.3493603123
C06494,retail,43,F,Chihuahua,Lawyer,2023-01-15 13:23:28.679511040,736435.3968118661
C06495,SME,45,M,Ciudad de México,Consultant,2020-02-19 16:44:03.599021089,1011412.5855118947
C06496,retail,34,F,Campeche,Doctor,2023-10-23 02:19:42.972895710,1498895.8129336461
C06497,retail,59,F,Sonora,Sales,2025-08-25 17:55:07.708039390,656865.265150193
C06498,retail,28,F,Coahuila,Student,2020-08-24 16:24:48.083605386,220800.18527374283
C06499,retail,45,M,Hidalgo,Doctor,2021-08-28 08:49:58.671055090,1236925.9921978407
C06500,retail,44,M,Durango,Accountant,2021-02-11 15:18:52.965082070,700395.5098207946
C06501,retail,41,F,Guerrero,Government Employee,2022-01-10 08:40:47.213019444,334684.0639778236
C06502,retail,26,M,Durango,Engineer,2025-05-04 11:39:16.177075341,640789.5423464277
C06503,retail,52,M,Guanajuato,Government Employee,2022-11-11 18:11:12.856649633,313464.75586954167
C06504,retail,50,F,Guanajuato,Freelancer,2023-11-21 22:13:58.503554632,454792.4776224962
C06505,retail,33,F,Querétaro,Government Employee,2021-12-29 01:36:11.041567083,817696.2624196508
C06506,retail,50,M,Chihuahua,Student,2021-11-10 19:21:52.438433274,203198.4246460371
C06507,retail,46,F,Chihuahua,Business Owner,2023-08-19 23:52:33.979699315,2970642.957459738
C06508,SME,26,F,Veracruz,Student,2020-03-02 04:35:40.553895874,264193.147859351
C06509,retail,31,M,Oaxaca,Teacher,2020-05-25 10:59:05.519030866,519473.5156420079
C06510,retail,55,F,Sonora,Business Owner,2021-08-08 02:33:22.657733327,766093.3297904702
C06511,retail,45,F,Zacatecas,Lawyer,2022-06-21 02:43:57.746436410,1036010.728410857
C06512,retail,35,F,Chihuahua,Teacher,2021-03-26 04:08:41.168295799,476652.6419703498
C06513,retail,31,M,Guerrero,Retired,2024-09-18 19:55:35.095617422,404239.3505631604
C06514,retail,35,F,Quintana Roo,Accountant,2023-05-22 22:48:54.450429087,782385.1891479166
C06515,retail,36,M,Tlaxcala,Business Owner,2021-10-02 11:59:07.131080890,2906561.3426303626
C06516,retail,31,M,Jalisco,Lawyer,2022-01-05 22:48:12.548355460,824940.4766207158
C06517,retail,21,F,Nayarit,Student,2024-08-21 00:51:49.247868072,270237.6359976975
C06518,retail,55,M,Tabasco,Consultant,2023-02-23 10:30:33.252290612,741745.7323997273
C06519,corporate,53,M,Sinaloa,Consultant,2020-05-16 07:07:06.636680413,1188448.51432344
C06520,retail,26,M,Quintana Roo,Lawyer,2023-12-24 08:52:27.660494893,1507563.3969265088
C06521,retail,43,M,Nuevo León,Doctor,2021-08-05 21:45:43.634214926,1288084.2977615236
C06522,retail,31,M,Durango,Engineer,2024-11-24 11:56:10.199919219,802530.5514845254
C06523,retail,38,M,Durango,Teacher,2022-07-07 02:13:36.964847616,615568.9526579513
C06524,retail,37,F,Coahuila,Retired,2021-03-02 21:05:46.505269789,571191.7668739804
C06525,retail,36,M,Sonora,Engineer,2020-02-29 15:26:15.505527779,769175.5266306917
C06526,corporate,66,F,Durango,Retired,2024-11-07 01:10:07.820490369,652981.9164103945
C06527,retail,36,F,Jalisco,Teacher,2023-07-12 06:40:46.772891483,356783.95059952163
C06528,retail,32,M,Chiapas,Lawyer,2020-04-19 01:14:05.484739237,1030178.9043147741
C06529,retail,32,F,Sinaloa,Consultant,2025-09-10 05:43:49.743274834,1546715.2046713717
C06530,retail,54,F,Querétaro,Business Owner,2022-04-21 16:47:52.268078589,4453803.911846656
C06531,retail,22,F,Guanajuato,Student,2023-03-04 01:31:45.244149215,218709.89013300734
C06532,SME,32,M,Tlaxcala,Engineer,2021-12-21 10:47:51.015462604,892870.2409189786
C06533,SME,59,F,Coahuila,Doctor,2022-10-25 19:02:46.890691158,808287.8367213515
C06534,retail,44,M,Oaxaca,Government Employee,2020-07-10 05:21:31.094678201,559590.3278773322
C06535,retail,44,M,Zacatecas,Retired,2022-10-26 12:44:01.385736469,398921.08393824496
C06536,retail,67,F,Nayarit,Retired,2020-04-15 05:17:27.398550408,629112.7503571976
C06537,retail,44,M,Yucatán,Government Employee,2025-05-05 02:51:39.933417625,351783.7573754248
C06538,retail,33,F,Guanajuato,Lawyer,2025-09-15 13:27:23.392457464,674537.5486472971
C06539,retail,38,F,Oaxaca,Accountant,2022-08-05 14:46:47.756726805,709891.8694380224
C06540,retail,28,F,Sinaloa,Government Employee,2023-09-27 19:33:34.371696104,585172.7102601387
C06541,retail,57,M,Baja California Sur,Doctor,2024-11-19 05:56:52.050057196,913092.1129402667
C06542,retail,48,F,Coahuila,Doctor,2021-04-01 17:44:08.998500194,984341.1998505964
C06543,SME,55,F,Tlaxcala,Engineer,2024-03-13 15:42:04.390668449,1181937.1148323263
C06544,retail,56,M,Veracruz,Sales,2025-07-04 14:39:52.450558423,583569.1800146713
C06545,retail,37,M,Campeche,Freelancer,2021-02-12 03:02:39.545183799,287853.1654753241
C06546,retail,30,F,Nuevo León,Lawyer,2023-04-04 22:49:11.597924521,659696.2366286814
C06547,retail,41,F,Veracruz,Student,2024-06-28 00:19:59.582283809,185032.58630432392
C06548,retail,31,F,Veracruz,Sales,2023-01-09 21:02:25.311495203,502862.76553555054
C06549,retail,43,F,Veracruz,Doctor,2024-04-01 22:13:28.852177160,1405933.0267476097
C06550,retail,55,M,Puebla,Freelancer,2023-09-24 20:56:00.352271930,1032917.426253779
C06551,retail,39,M,Nayarit,Business Owner,2021-08-17 11:04:52.044729039,2281911.8726576893
C06552,retail,43,M,Guanajuato,Doctor,2025-03-19 05:43:14.282409600,1342097.2838334541
C06553,retail,40,F,Jalisco,Retired,2024-02-01 06:23:02.174926645,588512.5579055981
C06554,retail,51,M,Durango,Student,2020-11-20 19:34:11.284474500,237959.9362907434
C06555,retail,33,M,Jalisco,Doctor,2022-01-26 14:59:17.802379026,1083071.7677271143
C06556,retail,18,M,Campeche,Student,2023-12-08 23:21:01.573995561,201666.01507042232
C06557,retail,47,F,Quintana Roo,Teacher,2021-07-23 10:30:03.690712354,411508.6737410549
C06558,retail,53,F,Guerrero,Doctor,2024-12-13 16:07:06.214628063,1037087.1439820476
C06559,retail,47,M,Guerrero,Lawyer,2022-09-26 21:29:54.727932343,1575262.22040015
C06560,SME,34,F,Baja California,Doctor,2022-03-19 23:03:39.983358381,1187067.6318993005
C06561,retail,28,M,Sonora,Retired,2025-02-27 07:24:54.907550041,340411.7380245043
C06562,retail,47,M,Chihuahua,Freelancer,2025-12-18 12:54:13.087701565,295827.70669092215
C06563,retail,43,M,Chiapas,Consultant,2025-02-21 07:21:44.353289758,1244996.2380343329
C06564,retail,40,M,Nuevo León,Government Employee,2020-12-02 21:59:56.232550557,766422.2873456159
C06565,retail,63,M,Puebla,Teacher,2023-08-28 18:31:19.394886254,627554.264028066
C06566,retail,30,F,México,Student,2025-12-18 02:55:41.014424200,275678.5576131793
C06567,retail,63,F,Durango,Business Owner,2025-05-11 12:42:25.842812831,4243870.413911531
C06568,retail,42,F,Coahuila,Engineer,2025-01-08 01:54:53.096075397,813493.5928015755
C06569,retail,19,F,Nuevo León,Student,2023-06-15 00:16:56.940376016,283879.7665987245
C06570,retail,39,F,Colima,Sales,2020-10-27 00:09:53.738885710,538995.8077415435
C06571,retail,53,M,México,Retired,2020-10-14 07:24:17.144363155,325654.74888442905
C06572,retail,37,F,Quintana Roo,Freelancer,2024-12-31 10:28:09.693429533,597378.9470178414
C06573,retail,24,F,Campeche,Government Employee,2024-12-19 15:03:54.354714814,538017.8942669933
C06574,retail,40,F,Hidalgo,Consultant,2022-08-13 15:43:55.085122744,1088265.6425308674
C06575,retail,31,M,Yucatán,Student,2021-01-18 04:54:05.195834445,259034.97018577025
C06576,retail,47,M,Tlaxcala,Business Owner,2021-05-15 06:17:21.123884934,3524741.6793670054
C06577,SME,51,F,Chiapas,Business Owner,2024-04-05 19:17:04.753032051,1667076.7582454383
C06578,retail,29,F,Sonora,Accountant,2020-10-18 09:31:58.746725023,621151.7141740104
C06579,retail,33,M,Guanajuato,Teacher,2023-12-09 04:25:47.196661384,538142.5541287172
C06580,retail,51,F,Michoacán,Government Employee,2024-09-22 19:04:57.962697602,358890.0065040163
C06581,retail,31,M,Oaxaca,Freelancer,2025-12-09 07:13:31.885690594,888664.8848810393
C06582,SME,29,F,Nayarit,Accountant,2023-04-30 17:42:20.438169432,525224.7925883987
C06583,retail,27,M,Tamaulipas,Engineer,2020-05-15 08:22:04.084032016,1095498.6469589318
C06584,retail,46,M,México,Consultant,2020-05-05 17:56:46.170179810,1102381.8877382998
C06585,retail,45,M,Sinaloa,Government Employee,2021-02-21 01:26:56.595657024,454564.327337316
C06586,retail,33,M,Aguascalientes,Sales,2021-05-30 08:41:31.578401819,684083.9334104923
C06587,retail,42,M,Colima,Teacher,2021-08-30 01:46:18.398420077,521612.8762994668
C06588,retail,60,F,Zacatecas,Freelancer,2020-12-12 11:43:11.255580223,371935.79996982345
C06589,retail,30,F,Campeche,Engineer,2025-01-04 11:01:51.123932674,1079013.5554972528
C06590,retail,18,M,Ciudad de México,Student,2025-09-17 22:44:27.618169830,234395.14224950643
C06591,retail,47,F,Nuevo León,Engineer,2023-04-25 14:08:40.730569215,606571.5575837977
C06592,retail,40,M,Coahuila,Lawyer,2021-02-09 17:15:51.930609605,1555419.14125435
C06593,retail,33,M,México,Freelancer,2020-07-19 10:20:31.422018642,333434.61516297597
C06594,retail,49,M,Baja California Sur,Accountant,2020-05-08 12:17:18.822264910,1077627.9192965934
C06595,retail,52,M,Yucatán,Accountant,2025-02-06 12:50:03.496213100,709267.3076319946
C06596,retail,18,F,Sonora,Student,2025-07-06 18:53:47.581237414,267387.4002543842
C06597,retail,34,M,Guerrero,Engineer,2022-09-04 00:20:38.651978188,816377.8627622782
C06598,retail,69,F,Quintana Roo,Retired,2022-06-01 00:13:18.960428071,334403.38817246736
C06599,SME,49,F,Baja California,Consultant,2020-05-09 08:01:11.224987492,1637171.8055632962
C06600,retail,50,F,Nuevo León,Sales,2022-06-01 16:50:40.520113744,438082.3531989525
C06601,retail,56,F,San Luis Potosí,Doctor,2024-08-24 23:58:13.582334125,1277693.1654886522
C06602,retail,42,F,Coahuila,Lawyer,2022-06-17 16:13:51.915776553,908847.519448492
C06603,retail,51,F,Guanajuato,Accountant,2021-01-09 23:07:36.864857702,568776.0356539299
C06604,retail,50,M,Nuevo León,Freelancer,2025-07-03 09:32:16.991052334,657446.0749875437
C06605,retail,48,M,Colima,Lawyer,2021-10-03 03:51:46.027038225,1579488.0562001683
C06606,retail,38,F,Hidalgo,Lawyer,2020-11-20 09:09:16.501614184,1336360.2760375338
C06607,retail,44,F,Zacatecas,Government Employee,2025-04-05 13:18:13.984154805,345268.26631723077
C06608,retail,34,F,Ciudad de México,Engineer,2020-02-15 03:53:12.070928131,1013706.0213152395
C06609,SME,42,M,Baja California,Teacher,2022-04-06 00:48:49.009147598,531908.9802746655
C06610,retail,27,M,Nayarit,Teacher,2022-11-03 22:56:38.505695915,549426.8355203517
C06611,retail,32,M,México,Teacher,2024-12-22 09:52:12.488729063,441431.6178752501
C06612,retail,38,F,Quintana Roo,Government Employee,2022-04-05 17:45:01.060007836,689313.7118913322
C06613,retail,30,M,Guanajuato,Engineer,2024-08-02 21:28:28.993864048,760322.4608916761
C06614,retail,35,M,San Luis Potosí,Government Employee,2025-10-06 23:13:54.830589842,357054.0513185931
C06615,retail,40,M,México,Student,2024-07-14 15:29:02.473920769,281332.4780896299
C06616,retail,46,M,Puebla,Engineer,2024-10-02 05:38:41.482158733,974619.3839639018
C06617,retail,53,M,Nayarit,Student,2021-12-15 14:47:45.846894192,260453.3518946897
C06618,retail,36,F,Jalisco,Engineer,2022-08-28 10:04:19.093537246,635575.3289018851
C06619,retail,58,M,Sonora,Government Employee,2025-10-04 03:11:56.990458223,764518.2592659311
C06620,retail,53,F,Puebla,Doctor,2021-12-07 17:28:32.209394978,962421.66872237
C06621,retail,48,F,Nuevo León,Retired,2023-05-11 09:34:40.215994768,559391.2967316685
C06622,retail,43,F,Hidalgo,Student,2022-01-07 06:10:44.336267857,220023.99168499396
C06623,retail,45,F,Sinaloa,Teacher,2022-06-22 15:35:55.195713174,363005.6722080088
C06624,retail,56,F,Zacatecas,Lawyer,2024-02-29 01:33:54.728371653,1687518.1261443421
C06625,retail,56,M,Michoacán,Student,2023-03-19 00:39:08.472879740,192558.14358803915
C06626,retail,58,F,Baja California,Freelancer,2022-12-24 05:02:46.337974879,961788.5784033894
C06627,retail,42,M,Sinaloa,Retired,2022-10-24 04:03:47.791045507,295799.15278748766
C06628,retail,48,M,Baja California,Business Owner,2023-07-13 07:11:25.888176501,3644295.149898346
C06629,retail,58,M,Morelos,Engineer,2020-12-26 16:55:21.963761747,577270.0266465573
C06630,retail,34,M,Sonora,Student,2025-02-13 09:22:10.996011279,241059.44529893948
C06631,retail,38,M,Querétaro,Freelancer,2022-06-17 00:52:40.072392143,387995.87984700367
C06632,retail,42,F,Tabasco,Engineer,2023-02-02 05:55:28.916756493,1106607.974482885
C06633,retail,52,F,Querétaro,Retired,2020-07-16 06:00:40.859657952,430668.4576749018
C06634,retail,52,F,Oaxaca,Student,2025-11-21 00:14:36.053798886,181851.17736636524
C06635,retail,39,M,Tlaxcala,Lawyer,2024-11-02 17:43:44.190065126,1353794.130789313
C06636,retail,23,F,Nayarit,Government Employee,2025-10-28 01:35:14.486555086,611597.8423754189
C06637,SME,44,M,Tlaxcala,Freelancer,2025-04-01 17:42:49.388462585,1059740.1568339542
C06638,retail,30,M,Durango,Consultant,2023-08-16 09:30:26.401476630,1149716.6998169043
C06639,retail,24,F,Guerrero,Lawyer,2024-05-01 07:25:14.836012163,1093368.9872901835
C06640,retail,26,F,Tabasco,Lawyer,2023-06-02 14:34:43.975376415,1144912.3123489737
C06641,retail,45,M,Baja California Sur,Sales,2024-09-13 09:48:51.884015781,808905.9717003901
C06642,retail,58,F,Tlaxcala,Teacher,2020-03-15 10:35:02.054543656,534729.6114331776
C06643,retail,42,F,Chihuahua,Lawyer,2024-02-10 13:04:42.840732764,1403235.5736451447
C06644,retail,44,F,Oaxaca,Lawyer,2022-05-16 03:37:40.852818856,1464493.7837978385
C06645,retail,56,M,Chiapas,Student,2025-01-07 21:25:28.824512607,292502.80020840134
C06646,retail,23,M,Tabasco,Teacher,2021-10-31 01:55:27.261750588,635009.0745755397
C06647,retail,48,M,Sinaloa,Student,2024-05-05 21:18:37.576677282,291275.03868144494
C06648,retail,41,M,Puebla,Freelancer,2024-01-17 06:43:37.172170928,543305.2834892101
C06649,retail,48,M,Sonora,Government Employee,2022-03-25 01:16:06.838580938,450388.24433329364
C06650,retail,36,F,Zacatecas,Consultant,2020-12-24 02:19:12.367351706,805084.4712857464
C06651,retail,32,M,Yucatán,Teacher,2021-07-19 08:57:47.643589118,643121.2946613545
C06652,retail,43,F,Tabasco,Retired,2022-09-29 12:58:56.101821893,623766.8844876768
C06653,retail,61,M,Colima,Retired,2020-09-10 06:30:47.255389458,542685.8755401283
C06654,retail,52,F,Nayarit,Sales,2024-09-15 01:46:16.815474785,290912.6125381944
C06655,retail,35,F,Michoacán,Government Employee,2021-04-15 14:23:02.799249867,522634.02821610135
C06656,retail,25,M,Tamaulipas,Freelancer,2022-10-21 12:53:47.702240422,934202.0219697787
C06657,retail,21,F,Jalisco,Student,2025-12-16 20:13:22.083478515,209828.5014170388
C06658,retail,57,M,Chihuahua,Business Owner,2024-04-09 06:43:21.443149974,3383453.9833803456
C06659,retail,30,M,Guanajuato,Student,2023-05-29 18:01:32.791243322,245129.4893661666
C06660,retail,38,M,Tabasco,Student,2024-12-06 00:21:58.366842515,211520.94755960567
C06661,retail,57,M,Chihuahua,Doctor,2021-09-18 11:06:41.350925043,1454037.555922012
C06662,retail,22,F,Chiapas,Student,2023-09-17 01:28:04.385126161,210808.9426502255
C06663,retail,59,F,México,Accountant,2021-06-01 15:18:59.822016842,1026354.703392176
C06664,retail,38,M,Chihuahua,Accountant,2020-03-15 03:40:26.171627224,778652.8843427142
C06665,retail,28,F,Veracruz,Teacher,2020-06-28 05:25:08.684867680,336731.29703665886
C06666,retail,39,F,Puebla,Accountant,2021-08-27 05:15:36.226023174,983538.1623614362
C06667,retail,33,M,Michoacán,Engineer,2024-03-08 11:36:35.679890531,1054003.2223845404
C06668,retail,47,M,Nayarit,Consultant,2025-03-13 01:16:45.721890967,1746462.626117032
C06669,retail,34,M,Puebla,Business Owner,2024-03-05 08:19:16.524880597,3444039.3843971775
C06670,retail,19,F,Aguascalientes,Student,2021-12-08 18:46:13.020844849,265394.5867746049
C06671,retail,39,M,Baja California Sur,Business Owner,2025-06-12 22:28:35.942480313,4600350.221765308
C06672,retail,25,M,Veracruz,Engineer,2025-02-27 12:59:25.446827821,589388.9706832035
C06673,retail,44,F,Quintana Roo,Doctor,2021-06-17 05:56:24.036502003,858126.5740864124
C06674,retail,27,F,Oaxaca,Student,2024-03-20 06:45:20.354134294,195009.20175391875
C06675,retail,36,M,San Luis Potosí,Consultant,2022-09-24 18:21:47.016904427,1805108.3340995277
C06676,retail,44,F,Baja California Sur,Retired,2025-08-02 00:17:52.459173814,503320.95105542813
C06677,retail,39,F,Coahuila,Doctor,2023-11-01 12:43:18.376405853,923245.8729538086
C06678,retail,45,M,Jalisco,Sales,2025-11-22 09:37:08.566526717,342112.9861329935
C06679,retail,50,F,Nayarit,Sales,2020-03-17 07:37:24.296693623,539525.7564105734
C06680,retail,28,M,Veracruz,Sales,2021-04-07 07:17:06.282834594,780227.9520759442
C06681,retail,41,M,San Luis Potosí,Accountant,2024-10-01 07:34:18.467455524,963624.5088698394
C06682,retail,18,M,México,Student,2021-11-25 09:32:29.124015912,282151.2195263493
C06683,retail,44,M,Hidalgo,Sales,2021-03-27 17:01:54.533561429,749814.8456619091
C06684,retail,38,M,Nuevo León,Government Employee,2024-03-28 14:11:01.972313049,343133.9283850844
C06685,retail,30,M,Tlaxcala,Sales,2020-05-02 17:49:16.485767939,718109.207919314
C06686,retail,45,F,Querétaro,Student,2023-11-02 09:55:34.098149171,242275.87380869768
C06687,retail,56,F,Baja California,Consultant,2023-01-08 03:44:17.861127544,1589619.0462815613
C06688,retail,36,M,Coahuila,Sales,2021-03-17 06:27:18.537800876,564784.2650448771
C06689,retail,30,M,Hidalgo,Freelancer,2025-08-02 03:51:03.667019649,683539.534636264
C06690,retail,43,F,Campeche,Doctor,2020-02-04 22:47:14.346071797,888294.3888279889
C06691,retail,25,M,Chihuahua,Business Owner,2022-04-25 22:32:48.625060698,4592469.444277113
C06692,retail,34,M,Nayarit,Sales,2021-03-11 20:01:29.561686511,493504.5162942492
C06693,retail,56,M,Nuevo León,Consultant,2020-08-17 04:27:12.668930403,1373561.7208996064
C06694,retail,42,F,México,Retired,2023-06-17 10:38:43.235995019,343220.52705331735
C06695,retail,19,F,Zacatecas,Student,2021-09-14 10:45:21.281411191,224267.03672808106
C06696,retail,20,F,Baja California Sur,Student,2024-10-11 03:37:32.389277515,284470.1613595608
C06697,retail,43,M,Oaxaca,Sales,2022-12-03 12:44:59.993091145,386239.7969903664
C06698,retail,52,F,Morelos,Retired,2025-11-25 00:17:29.827278318,342747.73210964515
C06699,retail,22,M,Michoacán,Student,2020-04-28 00:10:40.921215999,211260.15373120908
C06700,retail,47,M,Hidalgo,Teacher,2020-10-06 07:20:53.581323370,529865.0098380041
C06701,retail,57,F,Querétaro,Doctor,2020-05-19 03:52:47.729422519,1164482.2754067956
C06702,retail,64,F,Tabasco,Student,2020-05-15 02:44:56.937595699,201038.8155485511
C06703,retail,45,M,Querétaro,Freelancer,2021-05-08 05:39:05.799476562,891969.712870049
C06704,retail,48,M,Oaxaca,Consultant,2020-05-18 11:30:57.767016672,1861310.9511859857
C06705,retail,18,F,Colima,Student,2024-01-13 14:00:11.898452342,203859.664108752
C06706,retail,67,F,Zacatecas,Retired,2021-11-14 12:14:33.466747790,552829.8944120016
C06707,SME,35,F,Puebla,Government Employee,2021-06-15 05:01:33.765815820,710469.8000274946
C06708,retail,30,M,Sonora,Engineer,2022-05-29 20:30:32.830839707,730257.6013169292
C06709,retail,38,F,Jalisco,Doctor,2023-10-16 18:03:19.279764593,1232482.0508937882
C06710,SME,60,F,Campeche,Consultant,2021-02-23 00:17:40.649527409,814863.54222084
C06711,retail,68,F,Coahuila,Retired,2022-11-08 13:11:29.939584940,625280.5090037119
C06712,retail,43,M,Durango,Engineer,2024-02-08 11:31:47.291289077,515548.482775232
C06713,retail,53,M,México,Freelancer,2022-07-14 16:41:05.508365886,767063.5438370405
C06714,retail,42,M,Sonora,Business Owner,2022-09-21 22:22:07.914759254,2070755.100861687
C06715,retail,29,M,Michoacán,Lawyer,2024-11-18 12:25:08.005210598,1657633.7452695777
C06716,retail,59,M,Colima,Freelancer,2024-10-17 18:43:54.431134412,699366.7674070981
C06717,retail,34,F,Baja California,Business Owner,2025-08-24 19:26:34.549976682,4150699.3713528514
C06718,retail,60,M,Tlaxcala,Lawyer,2020-09-08 02:50:23.530084211,1708585.3376417288
C06719,retail,57,F,Morelos,Student,2025-04-29 02:12:53.109164972,220122.28052519308
C06720,retail,49,M,Chihuahua,Freelancer,2025-12-01 06:23:28.946298671,1080342.7369132745
C06721,retail,63,M,Michoacán,Sales,2024-10-18 07:39:06.046266381,722082.0295273969
C06722,retail,68,F,Baja California,Retired,2023-03-10 14:33:51.642503385,298678.5868729805
C06723,retail,39,M,Tabasco,Government Employee,2021-02-28 06:39:28.291898601,372744.0680598541
C06724,retail,32,M,San Luis Potosí,Student,2021-08-08 11:48:41.854871711,278082.26424305997
C06725,retail,19,M,Tlaxcala,Student,2021-08-23 02:34:08.695788299,236198.39906868472
C06726,retail,68,F,Puebla,Retired,2025-12-16 13:54:56.652774482,472818.1170868082
C06727,retail,36,F,Nayarit,Retired,2021-10-02 13:34:40.108018345,651061.8336681422
C06728,retail,55,F,Guanajuato,Consultant,2020-07-30 21:52:34.054898937,1855705.9090763351
C06729,SME,33,F,Guerrero,Freelancer,2020-01-27 02:56:45.580154177,312706.0973926231
C06730,retail,60,M,Chiapas,Retired,2021-12-15 18:38:22.034951700,418142.11897337437
C06731,retail,33,F,Baja California,Sales,2025-01-10 05:22:20.161845919,831898.2952517158
C06732,retail,27,F,Querétaro,Retired,2022-07-25 10:16:40.769137680,618935.2766091321
C06733,SME,39,F,San Luis Potosí,Sales,2023-11-19 07:03:06.573071398,718656.4546821408
C06734,retail,35,F,Nayarit,Sales,2021-09-20 11:01:31.985492313,316278.78441954893
C06735,retail,49,F,Querétaro,Lawyer,2023-03-14 08:21:03.179666561,1345434.1006416061
C06736,retail,41,M,Chihuahua,Doctor,2023-12-02 18:42:57.972730049,1207296.5630147879
C06737,SME,49,F,Aguascalientes,Doctor,2025-04-22 13:07:37.635223888,917017.1099150551
C06738,retail,38,F,Ciudad de México,Teacher,2020-02-16 14:46:24.400532658,609544.2897523642
C06739,retail,34,F,México,Lawyer,2025-03-24 08:52:35.440700035,974372.6938914816
C06740,SME,34,F,Zacatecas,Retired,2022-04-03 14:52:19.135633568,529282.1959658458
C06741,retail,66,F,Tamaulipas,Retired,2024-11-13 23:44:34.157986996,412826.33044836286
C06742,retail,44,F,Colima,Doctor,2021-04-15 00:05:15.867918150,859076.7335686575
C06743,retail,18,M,Tamaulipas,Student,2024-12-15 14:36:02.814250472,242975.91189056306
C06744,retail,35,M,Jalisco,Retired,2021-12-26 11:57:59.683819710,387989.7176431803
C06745,retail,43,F,Campeche,Engineer,2020-01-02 15:45:16.006749278,549919.1736563161
C06746,corporate,64,F,Coahuila,Freelancer,2020-09-11 21:41:23.182946673,398509.11460151
C06747,retail,54,F,Oaxaca,Engineer,2021-10-30 09:32:26.582931751,933199.6572894077
C06748,retail,30,F,Colima,Retired,2020-11-26 20:43:26.472252517,295622.00110482716
C06749,corporate,71,F,Durango,Retired,2020-10-14 09:37:39.975625810,289359.940939795
C06750,retail,41,M,Nayarit,Business Owner,2021-11-13 20:46:26.567348896,4759293.690854228
C06751,retail,56,M,Nayarit,Doctor,2025-04-04 14:24:27.658697413,875266.4729083695
C06752,retail,28,F,Nuevo León,Lawyer,2025-08-31 05:56:08.794116644,1051272.0500311973
C06753,retail,18,M,Veracruz,Student,2021-02-25 15:34:08.661038745,196009.44026890895
C06754,retail,25,F,Campeche,Retired,2023-10-27 13:30:35.936378736,672672.0307781047
C06755,retail,18,F,Tabasco,Student,2024-01-27 11:58:00.019064878,237739.8491018127
C06756,retail,67,M,Hidalgo,Retired,2025-04-16 08:33:02.636934253,300003.7700704387
C06757,retail,44,F,Chihuahua,Engineer,2024-07-05 20:25:58.307632027,1038172.278514391
C06758,retail,30,M,Yucatán,Sales,2024-10-24 06:54:07.611209837,757512.0627960982
C06759,corporate,47,M,Puebla,Sales,2022-04-30 01:03:57.101357228,835780.5523715846
C06760,retail,44,M,Sonora,Accountant,2022-11-22 09:53:55.017886211,893959.4764914582
C06761,retail,49,F,Hidalgo,Consultant,2022-06-28 00:40:24.755494972,582074.4654778612
C06762,retail,56,M,Sonora,Engineer,2022-06-01 17:20:56.252292968,885218.6332836342
C06763,retail,38,M,Quintana Roo,Doctor,2025-11-30 00:33:54.857333888,1068828.2851534565
C06764,retail,31,M,Querétaro,Freelancer,2023-04-12 04:14:44.722660402,948581.7988744164
C06765,retail,51,M,Veracruz,Lawyer,2021-05-24 04:48:00.936363922,1309115.401135988
C06766,SME,51,F,Yucatán,Government Employee,2025-09-11 00:13:27.087332607,807641.089755078
C06767,SME,43,M,Yucatán,Business Owner,2025-12-22 17:21:38.270974998,1475909.027298204
C06768,retail,68,F,Michoacán,Retired,2021-07-19 06:26:50.903487548,446682.3843414979
C06769,retail,36,M,Oaxaca,Teacher,2025-07-10 00:04:43.689915160,472842.1628973333
C06770,retail,31,F,Tabasco,Doctor,2021-07-17 03:35:51.965815660,1486683.2090822705
C06771,retail,47,M,Durango,Engineer,2022-11-07 03:10:33.799555393,513377.1330724536
C06772,retail,33,F,Ciudad de México,Sales,2022-03-23 17:37:43.562531816,780428.7283955626
C06773,retail,47,M,Coahuila,Student,2024-03-25 18:52:43.010547837,191653.494270123
C06774,retail,32,F,Morelos,Lawyer,2024-07-11 01:08:22.550248688,696453.7472589744
C06775,retail,37,F,San Luis Potosí,Teacher,2023-07-20 12:05:17.311342729,431270.9254367703
C06776,retail,64,F,Oaxaca,Freelancer,2022-10-25 15:39:54.698687533,900767.594674027
C06777,retail,37,F,Coahuila,Lawyer,2021-09-10 00:51:22.209390438,1414136.2669547847
C06778,retail,32,M,Tabasco,Government Employee,2022-11-24 12:39:04.604200373,739517.0787678958
C06779,corporate,56,F,Baja California,Lawyer,2023-05-04 03:49:27.604999491,1529462.097820224
C06780,retail,29,M,Zacatecas,Accountant,2024-02-05 04:29:56.569255636,562664.8696178672
C06781,retail,33,F,Tamaulipas,Doctor,2024-11-24 05:31:24.925678022,1243691.7452375435
C06782,retail,48,F,Nuevo León,Retired,2020-08-13 16:36:00.861486489,537117.5336343342
C06783,retail,53,F,Aguascalientes,Business Owner,2021-10-23 13:25:01.330938735,3513643.359354503
C06784,retail,56,M,Baja California,Retired,2023-04-08 21:44:38.056824927,517504.73022855044
C06785,retail,33,M,Tabasco,Business Owner,2022-09-16 03:46:44.732584995,1652548.660724545
C06786,retail,49,M,Chiapas,Freelancer,2025-06-11 17:17:16.538116039,1114299.8123943368
C06787,SME,36,M,Nayarit,Government Employee,2023-03-11 08:59:00.102385884,983204.2159772925
C06788,retail,34,M,Tlaxcala,Lawyer,2020-08-06 00:35:40.529213003,1427024.7440906398
C06789,retail,56,M,Chihuahua,Accountant,2020-07-17 11:24:38.962637244,710856.2461947717
C06790,retail,35,F,Chihuahua,Business Owner,2023-07-08 06:07:54.564296546,3009920.8688616357
C06791,retail,45,F,Querétaro,Sales,2025-07-30 13:44:21.131029245,320441.5951231323
C06792,retail,43,F,Tamaulipas,Retired,2024-11-07 11:29:52.377447479,413528.5175465729
C06793,retail,29,M,Tabasco,Doctor,2025-04-05 17:31:39.168477945,1483295.0239098626
C06794,retail,53,F,Michoacán,Student,2020-11-08 03:21:38.293795640,245727.219235121
C06795,retail,48,F,Michoacán,Consultant,2020-06-27 05:31:04.947975333,1340941.8760127942
C06796,retail,18,F,Veracruz,Student,2022-01-10 01:50:26.382722591,294478.5382622988
C06797,SME,45,M,Yucatán,Consultant,2024-01-21 08:13:50.766889184,1829532.1568704443
C06798,retail,32,M,Baja California Sur,Lawyer,2023-06-21 18:54:11.594689609,1282460.2220812112
C06799,retail,55,F,Tabasco,Retired,2021-07-05 19:24:32.538933164,371046.1510328182
C06800,retail,24,M,Baja California Sur,Engineer,2021-02-27 12:58:41.707583660,581852.1075939916
C06801,retail,37,F,Sonora,Accountant,2023-08-22 10:20:11.833870734,1004556.8616377537
C06802,retail,46,M,Quintana Roo,Freelancer,2022-10-19 01:00:15.335220188,1120092.4366090996
C06803,retail,42,M,Tlaxcala,Lawyer,2020-02-05 17:35:30.779577870,1193142.3999009682
C06804,retail,51,F,Tlaxcala,Accountant,2021-12-20 10:17:39.910688320,466184.09089303133
C06805,retail,23,M,Campeche,Sales,2024-11-25 01:34:40.536397782,644046.6810714067
C06806,retail,61,M,Chihuahua,Engineer,2021-07-16 19:05:45.893095242,757223.3467207111
C06807,retail,48,M,Tamaulipas,Student,2020-08-17 17:57:46.808575005,198943.43713834713
C06808,retail,58,F,San Luis Potosí,Freelancer,2020-10-11 20:35:54.908365287,1119144.3087823163
C06809,retail,52,M,Baja California Sur,Consultant,2020-10-25 08:24:13.190998856,859173.8175206131
C06810,retail,41,F,Sinaloa,Doctor,2020-12-15 19:40:38.338058175,1297813.7722538298
C06811,retail,26,M,Ciudad de México,Business Owner,2022-10-10 03:12:04.652416313,2546325.224379388
C06812,retail,35,F,Yucatán,Business Owner,2025-06-01 06:15:19.127343829,4260060.55726042
C06813,retail,61,F,Baja California Sur,Retired,2020-01-02 23:37:25.349342338,565376.4074141514
C06814,retail,58,M,Chihuahua,Consultant,2025-11-09 06:45:14.810168189,684740.1675878657
C06815,retail,34,M,Puebla,Consultant,2021-04-23 15:16:53.861117339,1174418.051596818
C06816,retail,18,M,Oaxaca,Student,2020-11-29 20:20:49.370606211,211174.88642165624
C06817,retail,39,F,San Luis Potosí,Freelancer,2023-09-20 01:05:00.864440421,913585.1850958815
C06818,SME,38,M,Sonora,Student,2023-07-24 14:49:40.816521679,245363.20389610712
C06819,retail,39,M,Ciudad de México,Lawyer,2025-04-16 21:48:36.761249708,1008217.8015026402
C06820,retail,48,M,México,Government Employee,2021-08-24 23:37:13.644958891,530622.4323565057
C06821,retail,52,M,Tamaulipas,Lawyer,2023-10-30 16:04:03.410675808,737384.5059126272
C06822,retail,53,M,Ciudad de México,Government Employee,2022-08-12 22:52:27.329190179,449675.4971793818
C06823,SME,47,F,Chiapas,Student,2025-04-10 19:11:01.154006328,265616.6631777778
C06824,SME,20,F,Puebla,Student,2021-10-01 11:54:26.034992792,253189.14756238385
C06825,retail,37,M,Tabasco,Lawyer,2023-03-31 10:42:37.395289508,1026715.4907693429
C06826,retail,69,F,Michoacán,Retired,2023-03-06 07:23:55.603218969,626252.8586462236
C06827,retail,46,F,Baja California Sur,Doctor,2022-06-29 07:51:06.259653900,1139089.4800877823
C06828,retail,46,F,Ciudad de México,Freelancer,2023-01-30 01:38:52.918558642,994434.948789478
C06829,retail,46,F,Morelos,Doctor,2021-03-22 16:44:05.507295210,1346826.886877054
C06830,retail,46,F,Tamaulipas,Consultant,2025-08-10 03:09:50.936660863,1771999.2739732917
C06831,SME,18,F,Zacatecas,Student,2020-08-04 20:36:39.928968307,281973.45463754423
C06832,retail,39,F,Baja California Sur,Freelancer,2025-10-04 07:58:16.052358455,879063.2776897096
C06833,retail,41,M,Coahuila,Teacher,2024-04-02 21:23:01.516455459,599770.1467817335
C06834,SME,57,M,Coahuila,Freelancer,2024-04-03 13:08:16.930044139,976907.9729548442
C06835,SME,42,M,Puebla,Doctor,2024-08-08 02:59:55.579945428,918411.7493150465
C06836,retail,22,F,Zacatecas,Student,2022-04-13 12:47:34.024665783,216029.67964509164
C06837,retail,47,M,Chihuahua,Freelancer,2024-07-29 07:46:04.925367788,304239.84250528715
C06838,retail,32,F,Oaxaca,Teacher,2023-01-31 12:42:11.999704007,375748.73433409556
C06839,retail,27,M,Colima,Consultant,2021-02-03 09:09:46.192795796,1667431.6567390324
C06840,SME,31,F,Campeche,Sales,2025-11-17 15:20:55.109261780,865622.7291293888
C06841,SME,48,M,Sonora,Doctor,2021-03-01 01:40:48.903663756,1271545.5003470718
C06842,retail,57,F,México,Teacher,2021-05-02 10:20:56.722626274,654419.9688639673
C06843,retail,47,F,Chihuahua,Retired,2024-11-08 10:31:55.527189135,393089.82485013426
C06844,retail,49,M,Michoacán,Student,2025-11-25 17:25:14.111021711,281496.31543236057
C06845,SME,47,M,Zacatecas,Accountant,2023-01-22 14:49:01.473306981,637150.4938639394
C06846,retail,43,F,Chiapas,Retired,2025-03-02 07:30:35.885799638,652375.9203771079
C06847,retail,50,M,Guerrero,Accountant,2025-03-10 06:00:28.165442002,958632.884769919
C06848,retail,18,F,Jalisco,Student,2023-05-17 07:47:14.653745719,298032.6458515848
C06849,retail,43,F,Sonora,Consultant,2025-06-07 20:26:35.264182736,1740909.894337198
C06850,retail,29,F,Chihuahua,Consultant,2021-06-11 18:08:50.122759245,1097314.8861127328
C06851,retail,55,F,Baja California Sur,Lawyer,2021-03-29 22:07:05.990867016,732095.8462427006
C06852,SME,40,F,Tlaxcala,Freelancer,2022-04-21 16:14:23.840645863,1074273.9741653951
C06853,SME,42,F,Nuevo León,Doctor,2020-06-01 07:32:36.942972091,1199834.2526643444
C06854,retail,23,F,Durango,Government Employee,2025-06-07 01:44:04.280027554,900699.9426829682
C06855,retail,54,M,Coahuila,Retired,2023-03-25 18:08:59.672250392,424208.39868796663
C06856,retail,49,M,Hidalgo,Lawyer,2020-06-03 19:38:14.135223482,634739.1091115936
C06857,retail,48,M,Aguascalientes,Business Owner,2023-11-03 08:56:13.801826658,925391.3777839601
C06858,retail,32,F,Aguascalientes,Accountant,2023-08-22 09:16:26.222901359,869349.6060778529
C06859,SME,32,M,Morelos,Business Owner,2024-03-18 07:11:13.507811857,1192189.1704986212
C06860,retail,44,F,Querétaro,Freelancer,2024-05-20 11:09:36.250332711,945462.7411200658
C06861,retail,33,M,Campeche,Student,2020-07-31 17:26:03.744361037,230333.5323912898
C06862,SME,47,F,Jalisco,Student,2021-09-21 11:04:20.868184824,247573.5132240603
C06863,SME,18,M,Chihuahua,Student,2020-04-30 02:52:43.017644314,276146.4063477077
C06864,retail,36,M,Veracruz,Sales,2024-09-10 08:09:31.278309629,414496.6918684732
C06865,retail,63,M,Jalisco,Accountant,2021-10-07 01:03:44.219688333,689032.1966331049
C06866,retail,47,M,México,Consultant,2020-10-16 14:00:48.105930922,1594336.7039146933
C06867,retail,44,M,Aguascalientes,Teacher,2025-11-05 17:01:49.605247461,667372.0213197044
C06868,retail,65,F,Oaxaca,Freelancer,2024-11-13 05:41:48.463534359,490300.0517947027
C06869,retail,18,M,Michoacán,Student,2021-01-09 16:02:35.569556935,254727.37605051717
C06870,SME,32,F,Campeche,Accountant,2024-12-25 18:15:57.124326173,1065850.722415557
C06871,retail,37,M,Baja California,Student,2022-06-25 23:07:11.172069393,257862.91153710382
C06872,retail,52,M,Aguascalientes,Sales,2023-01-26 21:11:42.760900428,830313.8100474502
C06873,retail,52,F,Hidalgo,Student,2024-02-19 11:02:37.227191789,292768.52190707333
C06874,retail,31,M,Michoacán,Engineer,2025-11-24 21:30:43.794356078,1150540.765042753
C06875,retail,53,F,Colima,Retired,2020-08-14 21:54:30.213415506,591315.4464170357
C06876,retail,37,F,Querétaro,Retired,2020-11-06 13:56:24.502907368,498443.5209317636
C06877,retail,56,M,Campeche,Doctor,2020-11-27 09:38:56.036419771,867727.0832780581
C06878,retail,29,F,Baja California,Accountant,2024-05-22 13:12:27.455864673,555894.5211015705
C06879,retail,40,M,Tamaulipas,Freelancer,2023-03-13 11:35:20.285831774,455767.382268284
C06880,retail,36,F,Hidalgo,Business Owner,2021-06-28 16:06:59.393358697,843016.1964585223
C06881,retail,54,F,Chiapas,Student,2025-01-25 08:36:35.092556441,192230.90727234355
C06882,retail,35,F,Sinaloa,Business Owner,2021-11-02 18:20:36.636026547,1967454.097353368
C06883,retail,41,M,Quintana Roo,Doctor,2021-03-26 21:13:34.948904323,863518.7503202808
C06884,retail,48,M,Oaxaca,Business Owner,2024-06-25 13:58:17.475144430,1429000.7027896843
C06885,SME,48,F,Yucatán,Engineer,2020-05-12 00:50:50.766291504,538092.3725807025
C06886,SME,52,F,Puebla,Accountant,2023-11-14 04:05:10.834432879,691573.2712520121
C06887,retail,44,F,San Luis Potosí,Retired,2023-12-10 06:32:18.013190944,619598.1025801726
C06888,retail,36,M,Tabasco,Teacher,2022-05-17 14:28:50.148275330,624898.3499251315
C06889,retail,37,F,Hidalgo,Doctor,2020-01-30 21:32:49.765109369,1433424.2056090967
C06890,retail,42,F,Chiapas,Retired,2024-08-02 10:58:26.869466176,585520.5217636742
C06891,retail,44,M,Michoacán,Doctor,2022-06-25 17:33:13.406872610,971109.6141382357
C06892,SME,40,F,Tamaulipas,Student,2024-09-20 00:14:04.292311467,264287.4899645951
C06893,SME,42,M,Chihuahua,Sales,2022-08-01 11:00:25.295729961,739984.9860356918
C06894,retail,23,M,Michoacán,Business Owner,2024-12-27 02:09:20.082955357,3035362.9713042914
C06895,retail,50,M,Tlaxcala,Accountant,2023-08-19 03:56:33.731776006,964908.2244123736
C06896,retail,44,F,Sonora,Government Employee,2024-06-23 22:48:40.192406037,349886.16106950433
C06897,retail,54,F,Querétaro,Freelancer,2023-04-21 09:52:25.463999660,794781.1816858028
C06898,retail,42,F,San Luis Potosí,Business Owner,2024-11-11 15:36:15.765764920,2763542.0141878873
C06899,retail,21,M,Hidalgo,Student,2023-03-17 08:37:41.972021365,276626.22301169764
C06900,retail,37,M,Guanajuato,Consultant,2023-08-01 21:45:26.930460490,691941.0214144014
C06901,retail,39,F,Puebla,Government Employee,2021-06-11 22:59:42.686231083,448836.99627302005
C06902,retail,50,F,Aguascalientes,Doctor,2023-06-01 12:23:37.393914420,1191084.9338107374
C06903,retail,18,F,Campeche,Student,2024-03-10 03:36:33.136992751,293665.5858398173
C06904,retail,42,M,Baja California Sur,Accountant,2023-12-13 01:59:18.061458208,458240.01470625435
C06905,retail,48,F,Nayarit,Sales,2020-01-16 10:33:51.131342335,733195.8089795306
C06906,retail,34,F,Quintana Roo,Retired,2020-06-04 08:20:34.110890624,342429.8463037
C06907,retail,42,F,Michoacán,Lawyer,2020-01-19 17:46:17.544683770,726538.7471507288
C06908,retail,34,F,Hidalgo,Student,2024-07-16 14:37:35.182275203,227372.32842733886
C06909,retail,33,F,Hidalgo,Student,2022-09-24 22:11:55.261241461,249966.92299402528
C06910,retail,37,F,Coahuila,Government Employee,2022-10-05 12:21:18.631733995,878913.3858384168
C06911,retail,33,F,Yucatán,Sales,2023-05-16 06:50:57.403704958,662550.3376728566
C06912,SME,50,F,San Luis Potosí,Freelancer,2021-09-06 21:06:37.246656667,691667.6345933042
C06913,retail,33,M,México,Student,2024-01-06 05:52:39.052333237,214280.36963072285
C06914,retail,31,F,Zacatecas,Freelancer,2020-06-21 03:21:36.951570239,492553.33588464756
C06915,retail,63,F,Sonora,Accountant,2022-05-08 10:17:10.479871611,939404.5524623692
C06916,retail,53,M,México,Engineer,2025-04-08 12:52:56.639007723,579841.8865817487
C06917,retail,19,F,Chiapas,Student,2021-09-12 13:29:29.296260690,197576.998558365
C06918,SME,32,F,Yucatán,Consultant,2020-03-30 17:26:56.222760699,1579605.2882304257
C06919,retail,44,M,Morelos,Sales,2023-05-04 18:57:42.308513104,874678.2800757224
C06920,retail,45,F,Querétaro,Retired,2025-09-30 01:01:57.807803149,304105.5117340836
C06921,SME,24,M,Querétaro,Lawyer,2025-06-21 14:28:54.404241881,1331311.9088594066
C06922,retail,55,F,Guanajuato,Sales,2021-04-10 20:59:05.560090949,405472.6909126331
C06923,retail,51,M,San Luis Potosí,Government Employee,2022-12-12 12:46:49.274269925,318030.4961685768
C06924,retail,47,F,Hidalgo,Consultant,2024-12-04 15:07:59.390058317,1748402.3163647398
C06925,retail,58,F,Durango,Accountant,2024-04-12 08:03:12.680643177,756023.7313953659
C06926,retail,47,F,México,Retired,2024-11-29 04:11:44.196660745,260750.50215243988
C06927,retail,47,F,Baja California,Government Employee,2021-12-10 10:48:29.025391544,926818.2069232732
C06928,retail,60,M,Guanajuato,Sales,2022-05-29 18:33:19.355045224,598195.9420930324
C06929,retail,55,F,Sinaloa,Doctor,2021-05-17 16:25:58.017981593,1315947.9089516576
C06930,retail,31,M,Guanajuato,Teacher,2021-03-25 12:14:34.361963884,469402.3479435354
C06931,retail,49,F,Tlaxcala,Doctor,2025-06-22 21:28:26.036541048,929418.4757765074
C06932,retail,34,F,Querétaro,Sales,2023-01-29 12:48:48.051832605,552623.114339238
C06933,retail,48,F,Aguascalientes,Government Employee,2022-05-10 14:42:44.739363341,501370.93298920756
C06934,retail,47,F,Sinaloa,Student,2024-10-06 03:09:45.998585108,215608.54938987072
C06935,SME,25,M,Colima,Student,2023-02-04 04:43:51.215979007,257266.01843481907
C06936,retail,40,M,Sonora,Freelancer,2020-07-28 20:59:31.249919158,294079.7491348596
C06937,retail,45,F,Morelos,Accountant,2022-09-28 09:32:21.237759685,677910.5695101414
C06938,retail,36,F,Zacatecas,Engineer,2022-03-08 15:17:25.546667395,882652.3225288081
C06939,retail,45,M,Colima,Engineer,2020-06-15 19:08:00.484834020,996900.940556082
C06940,retail,51,M,Hidalgo,Freelancer,2024-01-11 12:52:06.664583073,832899.8955448157
C06941,retail,41,F,Quintana Roo,Business Owner,2024-12-08 18:19:20.195345941,4510861.140301949
C06942,retail,44,M,Chiapas,Teacher,2023-08-02 07:11:34.236959021,696954.7053960385
C06943,retail,58,F,Yucatán,Lawyer,2020-02-19 05:30:23.901000375,1724909.0462411619
C06944,retail,47,F,Tlaxcala,Government Employee,2025-12-29 01:39:21.198651290,834907.4251113344
C06945,retail,44,F,Chihuahua,Accountant,2024-05-08 17:09:36.775624819,880211.3644121988
C06946,retail,30,M,Oaxaca,Student,2023-03-29 19:19:13.604698221,184251.8375246794
C06947,retail,50,M,Sinaloa,Government Employee,2022-02-02 13:06:52.800965856,673449.7023725533
C06948,retail,45,F,Sinaloa,Retired,2020-11-10 12:14:31.441556442,548673.2692293294
C06949,retail,57,F,Tlaxcala,Engineer,2024-08-26 03:24:38.699576973,789058.4464945446
C06950,retail,42,M,Yucatán,Retired,2023-08-13 08:46:45.788125618,423158.86056768754
C06951,retail,20,M,Sonora,Student,2022-11-29 13:21:07.757933135,245103.7205064225
C06952,retail,21,M,Jalisco,Student,2025-04-21 09:15:40.714950680,288797.6968472677
C06953,retail,50,F,Morelos,Government Employee,2022-09-04 20:48:48.288535771,482650.11931563716
C06954,retail,35,F,Michoacán,Accountant,2024-05-03 13:40:02.681057083,679338.7738058995
C06955,retail,47,M,Tamaulipas,Retired,2020-07-28 22:34:55.751587222,543890.166079888
C06956,retail,43,M,Ciudad de México,Student,2024-04-11 14:32:53.867961013,202321.05720318874
C06957,retail,39,F,Nuevo León,Government Employee,2021-12-14 00:39:56.805707450,884433.3412659381
C06958,retail,40,M,Tamaulipas,Freelancer,2023-11-27 02:45:52.169519664,866067.8706553543
C06959,retail,31,F,Baja California,Accountant,2021-12-19 09:13:01.724627302,646583.7940635674
C06960,SME,41,F,Campeche,Consultant,2025-11-16 02:55:24.873931628,1583251.2294042113
C06961,retail,34,F,Oaxaca,Government Employee,2020-04-25 08:54:35.331633343,495542.85548764997
C06962,retail,37,F,Ciudad de México,Accountant,2021-09-08 23:02:48.401517537,942123.4021752954
C06963,SME,38,F,Campeche,Engineer,2025-03-17 04:50:11.077927494,549481.7078280738
C06964,retail,39,F,Chiapas,Retired,2024-12-26 00:04:09.422401492,442038.82107152115
C06965,retail,53,M,Chihuahua,Doctor,2020-06-05 19:42:14.945907481,983147.4621429893
C06966,retail,40,M,Oaxaca,Engineer,2020-06-25 23:45:17.290466185,1071691.0878431234
C06967,retail,54,F,Aguascalientes,Accountant,2022-04-04 18:31:35.159488602,926923.6968000359
C06968,retail,60,M,Hidalgo,Government Employee,2023-05-26 13:26:32.119609731,889303.808254213
C06969,retail,52,F,Nayarit,Doctor,2023-12-12 15:55:27.434272030,1256094.7810345897
C06970,retail,48,M,Zacatecas,Sales,2021-06-18 11:20:58.098068475,766960.3667730152
C06971,retail,45,F,Baja California Sur,Business Owner,2022-05-19 17:28:24.817852851,2586789.9965568287
C06972,retail,52,F,Oaxaca,Consultant,2022-11-27 04:13:28.198062126,1517086.8022102658
C06973,retail,43,F,Chiapas,Lawyer,2020-10-21 10:11:01.452960713,637341.2339412797
C06974,retail,53,M,Hidalgo,Lawyer,2025-09-22 15:10:46.701178993,1656870.410972039
C06975,retail,49,F,Durango,Teacher,2020-12-13 15:46:44.555152366,573910.1452548639
C06976,retail,37,M,Sonora,Teacher,2020-10-02 22:44:19.864158601,646439.4491838575
C06977,retail,52,M,Baja California Sur,Business Owner,2021-07-06 06:36:01.543018119,4014693.9016222428
C06978,retail,43,M,Guanajuato,Consultant,2020-05-08 11:47:34.355620195,929565.3077885761
C06979,retail,40,F,Aguascalientes,Accountant,2025-10-29 11:48:56.319291891,591016.4335963156
C06980,retail,36,M,Tabasco,Accountant,2022-06-29 02:44:27.473843972,959747.9439402424
C06981,retail,43,F,Tabasco,Freelancer,2023-09-02 20:50:03.873751059,384709.3765304961
C06982,retail,53,F,México,Teacher,2021-08-06 16:22:02.719676533,344264.5909925746
C06983,SME,52,F,San Luis Potosí,Business Owner,2022-07-07 05:19:31.692914294,764681.4965189113
C06984,retail,46,F,San Luis Potosí,Teacher,2024-10-01 08:47:52.080684481,419371.5167955077
C06985,retail,49,F,Tlaxcala,Freelancer,2025-06-26 20:12:10.202156761,299265.14983424766
C06986,retail,57,F,Campeche,Accountant,2024-09-26 21:39:13.691504013,961181.3727542656
C06987,retail,40,F,México,Accountant,2022-06-08 14:28:20.824658441,739181.1662310559
C06988,retail,28,M,Coahuila,Doctor,2021-10-07 19:16:14.590348949,976760.9094155345
C06989,retail,57,M,México,Teacher,2022-08-10 06:49:47.587351684,540835.3773636555
C06990,retail,35,M,Campeche,Doctor,2020-01-08 09:05:41.623602679,849246.7643502976
C06991,SME,33,M,Veracruz,Consultant,2021-09-21 15:35:37.042659982,1589182.6030465034
C06992,retail,20,M,Baja California Sur,Student,2021-09-16 15:01:46.719267031,240167.6667860203
C06993,retail,48,F,Quintana Roo,Freelancer,2021-05-28 09:18:50.479795553,206476.3757043782
C06994,retail,22,F,Jalisco,Student,2021-11-02 07:59:22.940446378,218306.37756692403
C06995,SME,32,M,Chihuahua,Lawyer,2020-03-18 16:51:39.508400517,1500231.5982595296
C06996,retail,49,F,Aguascalientes,Business Owner,2022-10-20 03:42:10.002117114,1508895.4211945715
C06997,retail,50,F,Ciudad de México,Teacher,2023-12-12 21:28:01.675063222,684751.8650260267
C06998,SME,34,M,Guerrero,Sales,2022-06-11 15:40:01.646022071,832809.840437882
C06999,retail,40,F,Nayarit,Retired,2022-09-29 02:37:45.417611583,600208.2061969081
C07000,retail,31,F,Tlaxcala,Government Employee,2020-12-10 01:47:26.777921147,354983.9294985792
C07001,retail,35,M,Baja California Sur,Accountant,2021-05-09 03:29:07.929632340,647686.4621806636
C07002,retail,45,F,Puebla,Lawyer,2023-03-25 19:21:59.350413903,957837.1123280376
C07003,retail,35,M,Yucatán,Retired,2025-11-14 18:53:32.731726982,311931.5309092645
C07004,retail,39,M,Nuevo León,Sales,2024-12-27 22:51:47.915756614,899753.2814253435
C07005,retail,24,F,Baja California Sur,Freelancer,2024-09-29 06:02:09.123718945,347197.78215042676
C07006,retail,55,F,San Luis Potosí,Lawyer,2025-01-13 01:57:58.144309892,978393.3711791465
C07007,retail,48,F,Jalisco,Engineer,2022-08-20 06:46:11.904596477,1116099.896938847
C07008,retail,51,M,Campeche,Retired,2024-08-27 02:18:56.854909916,314973.5567447091
C07009,retail,57,F,Hidalgo,Government Employee,2020-08-17 13:22:43.142826825,628670.0498955834
C07010,retail,32,M,Hidalgo,Doctor,2023-01-11 10:07:20.215624229,1482984.0671797595
C07011,retail,37,F,Sonora,Sales,2020-10-16 12:52:09.970780934,410737.7612162134
C07012,retail,19,M,Baja California,Student,2021-12-11 22:22:43.731468471,264367.6890945669
C07013,retail,79,F,Puebla,Retired,2020-07-05 20:46:37.564311831,286017.9218087498
C07014,retail,40,F,Baja California,Doctor,2022-10-13 09:00:42.030532296,1220610.9597457428
C07015,retail,54,F,Durango,Doctor,2025-11-10 20:32:07.050158595,1037335.0122187096
C07016,retail,27,M,Guanajuato,Consultant,2025-05-23 02:11:34.792940907,1549347.4976054349
C07017,retail,53,F,Zacatecas,Business Owner,2025-04-19 20:27:43.654727798,2561427.4562616963
C07018,retail,64,F,Tamaulipas,Consultant,2020-01-08 16:37:13.247072090,948498.2688306374
C07019,retail,41,F,San Luis Potosí,Retired,2021-07-25 19:36:21.661490525,495704.09440826793
C07020,retail,29,F,México,Sales,2022-09-09 06:19:32.380997020,340796.63308538083
C07021,retail,40,M,Baja California Sur,Freelancer,2025-09-17 03:15:52.735588454,1014432.7850804845
C07022,retail,18,M,Jalisco,Student,2024-03-15 21:33:19.373219156,270085.87774718495
C07023,SME,41,M,Nayarit,Retired,2023-12-05 23:02:53.921021541,495236.22217624704
C07024,retail,51,F,Nuevo León,Accountant,2020-09-02 20:34:00.925049900,656934.1779564777
C07025,retail,41,F,Nuevo León,Teacher,2021-05-27 14:43:29.526749593,666091.3795018762
C07026,retail,38,M,Aguascalientes,Doctor,2022-09-09 05:35:13.724960886,1244121.5144565895
C07027,retail,48,F,Nuevo León,Consultant,2020-01-04 12:05:24.225721745,927200.4834174076
C07028,corporate,49,M,Baja California Sur,Accountant,2020-09-30 06:32:03.006758695,964696.8327910763
C07029,retail,22,M,Oaxaca,Student,2024-07-27 12:03:26.870700078,256202.9992276213
C07030,retail,43,M,Tlaxcala,Teacher,2020-04-13 05:33:58.920646816,350805.1736313533
C07031,retail,71,F,Zacatecas,Retired,2025-03-10 21:48:27.385229935,301405.07430717314
C07032,retail,25,F,Colima,Freelancer,2025-02-01 09:06:20.680023795,1138105.957538656
C07033,retail,40,M,Sinaloa,Doctor,2020-01-03 12:11:02.784031195,1001538.6746987421
C07034,retail,65,F,Morelos,Student,2023-12-25 02:26:51.836545788,259618.57540117222
C07035,retail,55,M,Aguascalientes,Sales,2025-05-22 05:21:44.659010852,273682.0539276899
C07036,retail,35,M,Chihuahua,Freelancer,2024-06-21 08:43:40.326164043,756502.4933073842
C07037,retail,44,M,Morelos,Teacher,2025-11-19 13:32:14.698824454,392451.68624237564
C07038,retail,41,M,Tamaulipas,Teacher,2020-10-17 05:32:09.250268024,355850.64736905205
C07039,retail,33,F,Puebla,Engineer,2020-04-12 01:04:17.026087423,1041452.9614471085
C07040,retail,41,F,Veracruz,Business Owner,2024-03-21 12:54:21.322161853,4181034.234382772
C07041,retail,38,M,Tamaulipas,Sales,2020-07-14 10:36:47.536867571,714888.6672254876
C07042,retail,43,M,Aguascalientes,Sales,2021-04-12 06:18:56.743692086,257271.4605288336
C07043,retail,33,M,Hidalgo,Accountant,2024-10-22 08:17:21.024572419,599436.7358595144
C07044,retail,26,M,San Luis Potosí,Doctor,2024-12-16 09:33:50.516229666,1052673.2474668145
C07045,SME,41,F,Guerrero,Student,2024-01-26 19:51:49.609103540,262902.7177124197
C07046,retail,62,M,Chiapas,Doctor,2020-04-07 23:18:46.180086629,1328881.3327169598
C07047,retail,42,F,Querétaro,Accountant,2022-05-12 06:28:48.086130142,839499.0732744611
C07048,retail,38,M,Oaxaca,Student,2020-06-02 12:50:38.960112905,274691.39045690733
C07049,retail,51,M,Yucatán,Freelancer,2025-08-24 08:02:12.229718640,627300.3051193424
C07050,retail,40,F,Hidalgo,Doctor,2025-05-09 19:35:54.922498049,1179292.0347307296
C07051,retail,64,M,Colima,Accountant,2024-02-01 18:26:23.393668570,444975.18680423463
C07052,retail,41,M,Guerrero,Consultant,2023-10-20 11:26:05.409672591,1140745.296981384
C07053,SME,50,M,Sinaloa,Sales,2024-01-05 03:18:59.439100034,531211.9564056138
C07054,retail,32,M,Ciudad de México,Engineer,2020-01-04 22:20:40.618428201,928064.6882178942
C07055,retail,48,M,Morelos,Teacher,2024-04-14 10:27:33.152236081,451158.9189676792
C07056,retail,45,M,Jalisco,Business Owner,2020-09-07 15:45:38.324041218,1725356.682776378
C07057,retail,41,F,Coahuila,Retired,2024-10-08 04:04:08.897355123,356918.5677635884
C07058,retail,35,F,Campeche,Government Employee,2025-08-28 14:58:29.937928376,393711.16018708464
C07059,retail,34,F,Tlaxcala,Lawyer,2022-12-27 08:54:34.600942507,1441227.8811365515
C07060,SME,45,M,Tlaxcala,Accountant,2022-01-29 17:08:21.531155141,835798.4893070767
C07061,SME,49,F,Sonora,Freelancer,2022-06-15 05:45:50.055855126,779250.4991903695
C07062,retail,40,M,Tabasco,Lawyer,2023-10-10 09:24:52.405496992,1237224.0861381534
C07063,retail,45,M,San Luis Potosí,Consultant,2025-10-11 09:41:59.732869009,1051306.6158373596
C07064,retail,41,M,Yucatán,Doctor,2025-11-04 13:31:59.298520160,1338102.5753583778
C07065,retail,43,M,Coahuila,Government Employee,2023-08-05 12:15:55.604971782,945417.8375749981
C07066,retail,39,M,Morelos,Teacher,2025-05-29 20:57:04.381654229,475996.1156685611
C07067,retail,42,M,Morelos,Doctor,2024-12-25 21:23:29.606263755,1086362.4332514321
C07068,retail,74,M,Aguascalientes,Retired,2021-02-26 03:37:13.547912630,323227.5634155611
C07069,retail,45,M,Baja California,Student,2024-11-07 08:49:29.405239640,260485.72734648737
C07070,retail,49,M,Sonora,Engineer,2023-04-20 07:55:47.446071085,890665.1424567327
C07071,retail,47,M,Nayarit,Accountant,2022-01-01 20:48:51.835376841,1091599.5853644619
C07072,retail,38,M,Ciudad de México,Engineer,2023-08-25 00:13:39.118990071,909026.8010621374
C07073,retail,57,M,Chiapas,Accountant,2025-10-28 10:04:08.875354122,602027.8949472886
C07074,retail,38,M,Aguascalientes,Doctor,2023-05-31 13:00:27.080076319,1194059.0261502073
C07075,retail,54,M,Coahuila,Retired,2024-06-09 08:29:09.533685629,693113.839419718
C07076,retail,37,M,Sonora,Freelancer,2025-06-17 12:42:07.611903609,923335.9033593298
C07077,retail,30,F,Baja California,Engineer,2025-07-10 23:09:38.604781803,590004.2447162693
C07078,retail,46,M,Baja California Sur,Government Employee,2021-01-18 00:41:02.651470734,540214.1759949807
C07079,retail,28,M,Campeche,Engineer,2024-10-16 14:28:17.060751611,709079.7714217596
C07080,retail,48,M,Baja California Sur,Student,2022-07-28 01:21:16.653578807,282819.71030226897
C07081,retail,27,M,Nuevo León,Doctor,2023-04-05 18:35:34.331461546,1227814.6048756933
C07082,retail,38,M,Sinaloa,Consultant,2022-02-03 09:38:53.442008265,1715153.8044509946
C07083,retail,24,F,Guerrero,Business Owner,2024-06-13 05:59:43.025982568,1457858.2060100073
C07084,retail,75,F,México,Retired,2025-09-19 06:04:22.627600022,658616.6152697625
C07085,retail,22,M,Campeche,Student,2022-03-14 09:04:14.362850614,186997.37796246933
C07086,retail,42,F,San Luis Potosí,Teacher,2024-09-16 17:02:31.776159797,449935.2496854865
C07087,retail,55,M,Aguascalientes,Consultant,2020-01-30 02:01:58.645000512,521223.5805786922
C07088,retail,54,M,Michoacán,Business Owner,2023-06-02 14:50:19.301677874,1492402.0089394827
C07089,retail,52,F,Tlaxcala,Business Owner,2024-12-02 17:19:02.851789146,4837572.18532682
C07090,retail,38,M,Chihuahua,Doctor,2025-02-19 20:07:56.328624616,854946.8104686644
C07091,retail,58,M,Yucatán,Sales,2023-12-26 18:42:55.775155286,344514.4206981244
C07092,SME,52,F,Morelos,Accountant,2022-05-13 10:34:45.280523170,1047395.2432208903
C07093,retail,44,F,Chiapas,Engineer,2022-01-09 00:26:15.908353386,997122.9049322513
C07094,retail,44,F,Quintana Roo,Engineer,2024-04-11 23:36:23.146877235,784875.4930135799
C07095,retail,38,F,Hidalgo,Teacher,2023-09-12 11:01:27.012355160,327506.39572115114
C07096,retail,31,F,Guerrero,Business Owner,2021-08-27 04:03:30.741498546,4075668.309079708
C07097,retail,56,M,Aguascalientes,Doctor,2022-07-16 10:29:25.689800926,1144909.1165595646
C07098,retail,57,M,Sinaloa,Retired,2021-09-27 14:40:24.599494819,395357.91286266275
C07099,retail,31,F,Guerrero,Doctor,2023-06-18 07:12:25.763766922,1052525.6585829814
C07100,retail,40,F,Tabasco,Government Employee,2025-08-19 21:37:38.074621913,653694.7818596908
C07101,retail,40,M,Sinaloa,Lawyer,2020-08-31 05:33:24.038385392,1261479.9389266223
C07102,retail,41,F,Querétaro,Consultant,2022-05-08 00:18:34.417143257,1727148.9744044207
C07103,SME,42,M,Yucatán,Student,2025-09-27 07:24:40.015833134,272605.2183521204
C07104,retail,53,M,Veracruz,Lawyer,2022-01-15 18:54:44.293086500,1520471.1968829418
C07105,retail,33,M,Baja California,Business Owner,2024-01-02 14:43:54.093683834,3835982.0704752137
C07106,retail,31,M,Nayarit,Consultant,2022-07-11 02:07:30.176439114,1636681.1305014323
C07107,retail,56,F,Ciudad de México,Accountant,2022-11-05 10:20:22.251652923,874321.7452379822
C07108,retail,36,M,Michoacán,Sales,2025-02-24 08:44:30.892571506,814216.1257257686
C07109,retail,26,F,Tlaxcala,Student,2022-09-21 18:56:56.670928404,246895.0729870266
C07110,retail,36,F,Veracruz,Lawyer,2024-06-21 15:22:03.892128773,1225013.6323719807
C07111,retail,38,M,Veracruz,Sales,2020-03-25 21:48:43.595513113,705843.0874112421
C07112,SME,60,F,Oaxaca,Government Employee,2025-09-05 08:28:12.294956597,416204.3471618155
C07113,retail,53,M,México,Teacher,2020-06-14 11:31:37.087473794,610781.4624857309
C07114,retail,55,F,Querétaro,Retired,2023-11-15 02:56:46.364205315,671271.0656036232
C07115,retail,51,M,Tlaxcala,Freelancer,2023-02-06 00:13:47.373992318,496260.2610746703
C07116,SME,53,M,Durango,Retired,2021-03-01 13:09:57.885737669,524970.8417752717
C07117,retail,33,F,Baja California,Freelancer,2025-05-09 03:37:14.099388943,232622.54622355488
C07118,retail,39,F,Yucatán,Government Employee,2023-04-30 03:27:31.937284681,836076.7696937296
C07119,retail,30,F,Campeche,Government Employee,2021-08-02 08:04:30.476491961,691768.2808984006
C07120,retail,39,F,Nayarit,Sales,2023-08-01 10:44:13.111492748,687875.9586668366
C07121,SME,50,F,Yucatán,Sales,2020-02-01 17:22:30.607436000,342945.4109548928
C07122,retail,43,M,Nuevo León,Government Employee,2024-01-11 08:43:17.155847078,866619.1732073663
C07123,retail,57,F,Nayarit,Business Owner,2021-01-25 03:25:30.501193296,1800526.5065139371
C07124,retail,28,M,Jalisco,Lawyer,2025-09-27 11:52:35.746280844,1421751.3287443118
C07125,retail,48,M,Colima,Business Owner,2021-09-16 09:08:23.414438116,3250510.1827716734
C07126,retail,27,M,Chiapas,Government Employee,2020-09-10 17:22:21.575936413,757654.6660813031
C07127,retail,43,M,Chiapas,Engineer,2022-12-16 13:01:18.210152255,535166.1510015974
C07128,retail,50,M,Colima,Business Owner,2022-05-26 06:59:31.529548427,3889958.19384483
C07129,retail,39,M,Guanajuato,Freelancer,2021-08-02 04:25:29.446935456,995250.5237774042
C07130,SME,48,M,Yucatán,Engineer,2020-02-04 15:31:21.022456656,832371.5510225107
C07131,retail,30,F,San Luis Potosí,Consultant,2025-06-03 16:22:40.110052514,1113291.975216671
C07132,retail,22,F,Tlaxcala,Student,2024-01-24 17:08:50.102976989,221105.7070192847
C07133,retail,48,F,Quintana Roo,Government Employee,2020-03-04 13:49:12.989744425,949518.2624194956
C07134,retail,62,M,Puebla,Sales,2021-01-26 12:59:01.263318247,740795.1203902522
C07135,retail,30,F,Coahuila,Engineer,2024-12-05 11:49:10.475101947,989033.807684381
C07136,retail,56,M,Hidalgo,Consultant,2025-03-22 14:17:42.661829799,1888410.8625448532
C07137,retail,42,F,Zacatecas,Freelancer,2025-07-28 17:29:11.262317761,548769.5793884443
C07138,retail,25,M,Morelos,Engineer,2024-05-05 07:55:18.134195028,941097.2902096908
C07139,retail,28,F,Nuevo León,Freelancer,2021-08-17 08:31:57.291921314,886057.5165836767
C07140,retail,42,M,Yucatán,Lawyer,2025-04-04 01:45:38.206601479,1795474.0482088441
C07141,SME,37,F,Baja California Sur,Business Owner,2020-08-22 09:43:20.863608884,2536900.719136884
C07142,retail,26,F,Baja California,Accountant,2021-12-19 20:34:53.515000072,680127.1365388962
C07143,retail,21,F,Chihuahua,Student,2021-08-06 22:04:39.583325959,190138.6354051964
C07144,retail,31,M,Nuevo León,Student,2025-01-01 04:12:56.114715809,191814.39662128175
C07145,SME,44,M,Zacatecas,Teacher,2025-05-18 05:26:46.972107136,504720.1360117195
C07146,retail,41,F,México,Lawyer,2023-02-01 18:19:07.247285098,805418.5225072072
C07147,retail,35,M,Campeche,Lawyer,2023-04-12 19:10:11.995048471,687517.0716391813
C07148,retail,44,F,Nuevo León,Consultant,2020-09-22 09:59:32.791938814,1947340.47244586
C07149,retail,54,M,Coahuila,Student,2021-08-01 17:34:47.426674937,294171.03916639625
C07150,retail,46,F,Oaxaca,Sales,2021-12-29 16:12:39.381491026,461430.2247036139
C07151,retail,40,F,Puebla,Government Employee,2025-04-06 03:21:29.338034531,852909.37472272
C07152,retail,53,F,Jalisco,Retired,2022-07-28 23:54:24.770076507,642647.9466776804
C07153,SME,30,M,Coahuila,Government Employee,2020-12-11 22:00:53.954186053,625323.4121958611
C07154,retail,39,M,Oaxaca,Retired,2021-02-11 15:19:13.794772489,350663.9212892701
C07155,retail,39,F,Zacatecas,Lawyer,2024-05-27 04:21:51.828928423,755765.9225777746
C07156,retail,27,F,Jalisco,Government Employee,2022-01-06 01:16:08.205283361,398575.8008199439
C07157,retail,36,M,Querétaro,Business Owner,2020-07-26 12:34:55.162441326,4126813.3623022833
C07158,retail,18,M,Sinaloa,Student,2024-05-27 17:05:04.473279434,226130.28221896657
C07159,retail,64,F,Yucatán,Sales,2023-06-11 08:05:27.651711288,700780.666300507
C07160,retail,30,F,Querétaro,Engineer,2021-06-25 04:27:53.830904751,877085.9427631735
C07161,retail,61,F,Chiapas,Accountant,2022-09-26 14:21:53.072446685,676268.2609647992
C07162,retail,42,F,Yucatán,Sales,2024-12-10 10:34:11.029135996,330480.3542855085
C07163,retail,48,F,México,Freelancer,2020-10-29 09:30:55.079510738,533449.3210779256
C07164,retail,36,M,Guerrero,Freelancer,2023-05-24 09:27:20.850472442,1040174.7610277281
C07165,retail,44,M,Veracruz,Freelancer,2022-03-27 17:49:58.734915021,1011398.7483564888
C07166,retail,49,M,Tlaxcala,Accountant,2023-03-11 17:54:06.685699130,419858.04274457076
C07167,retail,49,F,Morelos,Business Owner,2021-01-02 18:58:46.903634015,1303189.3412896087
C07168,retail,51,M,San Luis Potosí,Freelancer,2022-03-23 14:49:05.840428489,955901.9726344664
C07169,retail,37,M,Puebla,Lawyer,2025-03-25 06:39:01.004017628,1002879.8113725467
C07170,retail,36,M,Chiapas,Accountant,2020-10-20 15:34:51.443142558,850514.3904620432
C07171,retail,22,M,Nuevo León,Student,2023-05-28 05:02:32.559803420,247521.65135502498
C07172,retail,48,F,Durango,Retired,2025-01-28 04:06:48.505313255,543430.9439950138
C07173,retail,54,F,Guerrero,Teacher,2022-11-09 13:47:57.919293128,321478.6740662658
C07174,retail,61,F,Baja California,Engineer,2020-03-10 20:30:21.083075256,1151784.3749903643
C07175,retail,45,M,Morelos,Lawyer,2024-05-21 09:55:52.988369756,625163.4806759281
C07176,retail,32,F,Sinaloa,Freelancer,2021-10-08 06:44:49.730249956,208032.5040172413
C07177,corporate,21,M,Chiapas,Student,2023-08-03 22:19:14.860485534,207138.58643967006
C07178,retail,54,F,Sonora,Freelancer,2021-10-13 05:37:13.463296341,1193496.9129266525
C07179,retail,20,M,Tamaulipas,Student,2024-12-26 06:32:40.142099413,188703.9646844794
C07180,retail,37,M,Zacatecas,Government Employee,2021-03-29 08:33:05.429484883,912150.996307674
C07181,retail,39,M,México,Student,2021-02-21 10:17:14.903695151,199090.84754226715
C07182,retail,41,F,Oaxaca,Lawyer,2024-10-26 20:28:50.433030076,730924.0609315222
C07183,retail,42,F,Quintana Roo,Engineer,2023-02-16 16:40:04.600413845,1045280.0573037636
C07184,retail,43,M,Hidalgo,Retired,2024-01-31 16:43:59.636984156,631006.2682278655
C07185,retail,18,M,Oaxaca,Student,2023-08-11 18:24:54.834207096,275062.7387979938
C07186,SME,42,F,Guanajuato,Sales,2023-01-22 04:37:10.870935100,406669.01250091614
C07187,retail,18,M,Yucatán,Student,2020-04-10 23:59:31.199973099,285582.0069708442
C07188,retail,50,M,Nayarit,Student,2022-03-17 00:28:28.984721086,188626.3237482488
C07189,retail,35,M,Ciudad de México,Consultant,2024-09-24 16:34:00.261604042,1012966.5368360525
C07190,retail,18,F,Michoacán,Student,2023-11-03 22:57:14.936640739,235582.4382704593
C07191,retail,32,M,San Luis Potosí,Consultant,2021-11-17 08:07:07.406548810,601602.9751458057
C07192,retail,35,F,Tamaulipas,Business Owner,2023-08-20 03:56:09.192497832,3193326.677602328
C07193,retail,56,M,México,Consultant,2022-08-09 16:22:47.945657858,1339075.0849814024
C07194,retail,44,M,Campeche,Consultant,2024-12-16 03:14:55.640749674,1988274.8545448503
C07195,retail,46,M,San Luis Potosí,Government Employee,2025-09-02 15:37:10.653647177,735165.4236155713
C07196,retail,56,F,Guerrero,Retired,2023-01-19 04:24:41.476536484,428895.9521142251
C07197,retail,40,M,Hidalgo,Engineer,2021-09-07 15:19:46.806871134,1053130.183459087
C07198,retail,51,F,Ciudad de México,Consultant,2020-09-27 08:29:45.605100454,1002450.8412274001
C07199,SME,50,M,México,Student,2025-05-31 02:57:28.502509776,243944.7713933588
C07200,SME,26,M,Nayarit,Teacher,2025-11-27 06:39:44.913837596,322187.8981868951
C07201,retail,59,F,Oaxaca,Engineer,2020-03-23 20:27:35.008821070,725866.3647920057
C07202,retail,24,F,Zacatecas,Lawyer,2025-04-26 22:15:49.262266731,1233730.1458128076
C07203,retail,53,M,Tabasco,Sales,2024-07-27 17:02:36.635868844,706503.4332332651
C07204,retail,23,F,Zacatecas,Student,2020-10-11 17:06:06.606903265,191884.0338772459
C07205,SME,49,F,Querétaro,Engineer,2025-07-29 00:32:32.433042858,1058031.507587471
C07206,retail,64,M,Coahuila,Engineer,2020-08-10 05:18:56.737696642,1130112.1908148718
C07207,retail,39,M,Puebla,Government Employee,2025-07-05 12:56:40.861799339,496726.2969299315
C07208,retail,38,M,Sonora,Teacher,2020-11-11 04:10:41.299855009,606139.3976603025
C07209,retail,49,M,Guerrero,Retired,2025-06-18 19:38:05.339149797,331157.00137080357
C07210,retail,38,F,Durango,Freelancer,2024-01-11 03:10:19.764230380,723416.3951725613
C07211,retail,63,M,Tlaxcala,Lawyer,2023-03-10 15:00:51.210856551,1557163.2357218545
C07212,retail,44,M,Coahuila,Business Owner,2021-12-31 14:39:46.419646700,2361914.6344790584
C07213,retail,38,M,Jalisco,Doctor,2022-10-30 10:04:39.171840560,818410.2027274267
C07214,retail,35,F,Tabasco,Consultant,2023-08-20 07:59:36.266822826,1309951.6027886523
C07215,retail,30,F,México,Engineer,2024-02-09 00:02:25.604278309,1091290.75573039
C07216,retail,34,M,Campeche,Engineer,2025-07-28 05:41:24.669658072,575829.2724475928
C07217,retail,37,M,Colima,Retired,2024-06-14 06:01:24.731450391,263338.66060553206
C07218,retail,36,M,Nuevo León,Lawyer,2022-06-04 11:37:53.836061982,1570849.7402222794
C07219,SME,34,F,Tlaxcala,Consultant,2022-03-29 11:28:58.798499070,900699.1351396122
C07220,SME,67,M,Nuevo León,Retired,2021-10-29 17:24:32.938838342,413955.0319262035
C07221,SME,29,F,Chiapas,Accountant,2021-04-30 19:04:55.240194631,460887.50791524985
C07222,retail,43,M,Querétaro,Engineer,2021-11-22 05:50:31.892148379,567633.3857161115
C07223,retail,49,F,Baja California Sur,Doctor,2020-01-25 17:32:20.097999998,1230180.9643845614
C07224,retail,49,F,Durango,Lawyer,2022-12-04 04:03:14.067336171,1262676.131445441
C07225,retail,41,F,México,Freelancer,2022-06-30 17:32:06.235323310,492402.06881602877
C07226,SME,39,M,Baja California,Sales,2021-12-05 01:43:40.555706350,544279.86432266
C07227,retail,47,F,Puebla,Retired,2025-01-11 20:16:44.889555817,424689.38215212565
C07228,retail,45,M,Durango,Doctor,2021-05-12 15:09:50.691202573,1286537.736547816
C07229,SME,38,M,Querétaro,Lawyer,2020-11-09 00:23:39.077474410,1634507.6918653296
C07230,retail,23,F,Michoacán,Accountant,2020-07-12 00:04:50.717422283,935572.4587146312
C07231,retail,36,F,Baja California Sur,Student,2020-02-19 12:57:25.630192548,180528.92236783373
C07232,retail,28,F,Coahuila,Retired,2022-10-10 11:09:03.344384066,294799.15705799777
C07233,retail,33,M,Nuevo León,Doctor,2020-04-09 02:08:48.602883872,1100564.1754141687
C07234,retail,42,F,México,Doctor,2022-06-26 07:30:19.868392429,1396260.0509156263
C07235,retail,46,M,Guerrero,Business Owner,2021-02-26 23:10:39.867236571,1718989.2456925816
C07236,retail,63,M,Tlaxcala,Retired,2024-01-10 00:29:12.357245346,645529.3178989154
C07237,retail,35,F,Baja California,Engineer,2022-04-26 08:04:20.658504180,577009.6709924507
C07238,retail,51,M,Veracruz,Engineer,2022-02-08 00:28:27.724381963,550825.0593010559
C07239,retail,45,F,Hidalgo,Freelancer,2021-10-22 08:52:14.921829726,1113420.610565295
C07240,retail,57,M,Sonora,Teacher,2020-06-19 23:59:51.004999540,364790.9323756026
C07241,retail,48,M,Oaxaca,Sales,2025-01-20 02:21:45.367323410,551454.5918364569
C07242,SME,29,F,Nuevo León,Doctor,2021-01-02 03:33:32.865407189,1028170.2568805884
C07243,retail,21,F,Coahuila,Student,2023-06-23 01:03:30.614124765,197716.51979621866
C07244,retail,45,M,San Luis Potosí,Student,2024-01-23 04:10:39.471751910,255853.95390621934
C07245,retail,35,M,Baja California Sur,Accountant,2024-05-11 13:19:16.908607531,1074571.8635647693
C07246,retail,30,F,Chihuahua,Doctor,2024-12-01 18:19:29.275737039,1260677.2709074037
C07247,retail,26,M,Aguascalientes,Student,2021-07-22 16:25:43.363813200,222444.19563196244
C07248,retail,43,M,Puebla,Student,2022-01-20 22:04:24.060240032,265416.3464941459
C07249,retail,60,F,Baja California,Teacher,2023-06-27 15:18:53.098681720,357299.40543604887
C07250,retail,37,M,Aguascalientes,Accountant,2025-05-04 00:28:05.669279590,806011.9975016979
C07251,retail,49,F,Tlaxcala,Doctor,2025-04-14 01:20:32.359186379,1128620.6817597847
C07252,SME,40,F,Quintana Roo,Business Owner,2022-02-28 01:58:23.573018962,2247929.7171052154
C07253,retail,26,F,Sonora,Teacher,2021-01-09 07:56:26.729571191,595827.6605390724
C07254,SME,50,M,Campeche,Retired,2023-02-10 20:36:49.056605099,303319.3339272435
C07255,retail,28,F,Chiapas,Teacher,2023-08-17 21:02:31.028225028,513116.7229837451
C07256,retail,42,M,Baja California,Consultant,2023-07-05 07:23:55.150456902,1781596.8442273429
C07257,retail,37,M,Michoacán,Teacher,2021-01-04 20:50:51.682914359,380684.2639884886
C07258,retail,52,M,Colima,Sales,2021-09-23 15:48:55.515956530,421952.07179540966
C07259,retail,29,M,México,Doctor,2023-06-14 12:39:14.615125132,1262470.9156120399
C07260,retail,46,M,Guanajuato,Doctor,2023-06-16 14:34:49.888077155,1340811.6434638049
C07261,retail,31,F,Tlaxcala,Government Employee,2024-09-11 02:32:52.750409780,498335.20430284244
C07262,retail,35,M,Durango,Teacher,2021-03-15 22:58:45.500092745,443959.5633127152
C07263,retail,18,M,Veracruz,Student,2021-08-14 06:42:59.687333482,268790.23785922065
C07264,retail,67,F,Baja California Sur,Retired,2022-08-30 20:55:00.781084153,378395.9346353301
C07265,retail,48,M,Quintana Roo,Consultant,2020-02-14 15:46:18.879459460,1499371.9233072326
C07266,retail,32,F,Guanajuato,Accountant,2020-05-03 21:52:36.079699219,511184.48439879867
C07267,retail,28,F,Morelos,Business Owner,2025-04-10 17:45:11.316798155,2468635.387110633
C07268,retail,36,F,Durango,Student,2024-03-31 01:52:16.964148130,262641.9538439975
C07269,retail,50,M,Morelos,Student,2021-04-23 09:07:20.154894831,235189.00663679105
C07270,retail,19,F,Jalisco,Student,2020-01-02 03:37:10.580556377,182308.50104037186
C07271,retail,40,F,Quintana Roo,Doctor,2020-12-23 22:42:01.594076720,1084466.656353517
C07272,SME,63,F,Aguascalientes,Sales,2024-09-28 23:59:06.624451999,437418.22741357906
C07273,retail,28,M,Tamaulipas,Freelancer,2022-10-20 13:41:20.395145938,301282.2841115423
C07274,retail,42,F,Sinaloa,Accountant,2023-04-20 00:30:39.310705757,406396.61729206744
C07275,retail,68,F,Ciudad de México,Retired,2021-12-01 15:04:08.216871483,270481.97622026165
C07276,retail,49,M,San Luis Potosí,Government Employee,2024-01-18 20:21:04.006413498,964474.3096640763
C07277,retail,43,F,San Luis Potosí,Sales,2024-08-16 09:45:44.464926358,737383.2348100721
C07278,retail,48,F,México,Lawyer,2023-10-16 04:25:05.107888712,1727690.9952374818
C07279,retail,37,F,Campeche,Student,2023-03-25 10:57:29.742992976,193774.1823783156
C07280,retail,57,M,Oaxaca,Retired,2024-06-30 17:53:33.031054073,506729.9429789661
C07281,retail,37,F,Puebla,Engineer,2020-09-17 15:54:32.016795150,558302.0788223002
C07282,retail,18,M,Sinaloa,Student,2025-01-30 08:08:49.764853621,183216.79375047554
C07283,retail,37,F,Baja California Sur,Engineer,2021-10-09 08:00:52.143684068,826397.2673893246
C07284,retail,30,M,Oaxaca,Lawyer,2020-05-06 07:11:16.420334152,1375612.9031009707
C07285,retail,38,M,Sonora,Sales,2022-12-03 18:53:01.849408263,291315.5981634803
C07286,retail,38,M,Puebla,Student,2024-06-06 02:36:21.395958338,223807.53106695617
C07287,retail,56,F,Coahuila,Freelancer,2021-06-09 08:52:11.139861627,290167.09174150263
C07288,retail,50,F,Puebla,Freelancer,2021-06-20 07:19:38.350639490,562104.0040037982
C07289,SME,45,M,Sinaloa,Engineer,2025-05-30 12:45:51.526767239,830257.4606025692
C07290,retail,41,M,Querétaro,Doctor,2024-03-26 19:42:04.981468901,1036272.3072583636
C07291,retail,29,M,Baja California Sur,Freelancer,2020-11-26 20:45:59.795749477,776249.6005497314
C07292,retail,18,F,Querétaro,Student,2023-11-10 05:25:16.850354989,250151.39136089862
C07293,retail,43,M,Querétaro,Government Employee,2021-07-24 03:09:12.452640742,533055.0658814602
C07294,retail,51,M,México,Teacher,2023-11-03 15:29:18.734943440,455839.75602952106
C07295,retail,40,F,Tamaulipas,Retired,2023-06-15 05:27:25.071972503,448479.96912613494
C07296,SME,35,M,Durango,Doctor,2022-06-26 12:47:30.539546844,1062957.6902565956
C07297,retail,47,M,Michoacán,Lawyer,2025-03-25 05:29:15.759960919,1512777.9533168497
C07298,retail,41,M,Morelos,Lawyer,2021-08-26 10:36:26.505180960,767937.1447661722
C07299,retail,62,F,Quintana Roo,Engineer,2023-11-30 17:44:24.357889702,1099925.6580183643
C07300,retail,56,F,Nuevo León,Accountant,2022-06-09 12:07:52.307445618,631876.0434439746
C07301,retail,53,F,Aguascalientes,Accountant,2025-11-02 10:17:29.335133276,906773.3219287383
C07302,retail,51,M,Aguascalientes,Teacher,2020-05-19 17:08:17.726177506,653511.2018114505
C07303,retail,26,F,Puebla,Engineer,2025-07-27 16:39:37.938913864,1121217.7786225516
C07304,retail,49,M,Jalisco,Accountant,2025-10-13 07:43:50.169703175,716656.0013752426
C07305,retail,46,F,Sonora,Accountant,2022-04-04 03:20:18.437626354,579622.4671344372
C07306,SME,49,F,Sonora,Business Owner,2024-06-26 03:26:00.483070703,3304770.4494161145
C07307,retail,47,F,Baja California,Consultant,2021-04-10 07:14:04.250898411,775944.6998494312
C07308,retail,47,M,Baja California,Government Employee,2023-10-26 16:59:08.707841694,853418.6011047317
C07309,retail,74,F,Tamaulipas,Retired,2021-12-11 14:57:33.305878637,570105.9159623939
C07310,retail,41,F,Oaxaca,Teacher,2022-09-06 11:15:37.240478196,618257.0053621517
C07311,SME,53,M,Durango,Freelancer,2024-01-27 14:10:26.829180269,633257.9416727776
C07312,retail,36,F,México,Student,2023-10-31 18:54:28.089554956,246891.95341605332
C07313,retail,51,F,Tabasco,Accountant,2025-04-28 16:51:11.813006688,471908.74827506463
C07314,retail,53,F,Tamaulipas,Accountant,2025-10-31 07:41:42.904075282,881352.6199653451
C07315,retail,46,F,Tamaulipas,Retired,2020-12-20 16:27:24.521190117,469077.89308991586
C07316,corporate,62,M,Yucatán,Teacher,2021-11-24 19:35:48.363264580,503695.83004576404
C07317,retail,31,F,México,Government Employee,2021-05-04 18:43:16.058105947,892895.3510762886
C07318,retail,36,F,Coahuila,Consultant,2022-12-18 13:37:54.845903307,1658482.4367043737
C07319,retail,44,M,Colima,Teacher,2025-11-05 04:29:32.152312510,514077.5516514056
C07320,SME,52,M,Zacatecas,Accountant,2024-11-11 12:53:58.066816711,648574.7838598881
C07321,retail,44,M,Guanajuato,Engineer,2021-07-05 02:49:23.217747815,812505.2558837611
C07322,retail,57,M,Michoacán,Consultant,2024-01-12 09:49:59.187422991,1026145.8575939811
C07323,retail,34,F,Sonora,Accountant,2021-03-29 02:52:12.053526202,506123.94330066605
C07324,retail,28,M,Quintana Roo,Accountant,2023-05-05 07:22:24.106764533,852043.8281481665
C07325,retail,45,M,Sinaloa,Student,2023-09-28 06:52:02.012674506,262982.4918246911
C07326,retail,41,M,Coahuila,Sales,2022-09-25 23:23:29.252014057,881287.4936598286
C07327,retail,48,M,Oaxaca,Consultant,2021-12-10 23:26:41.884536549,1183557.1693975027
C07328,retail,41,M,Ciudad de México,Sales,2025-07-08 21:01:26.375648444,898241.0655858277
C07329,retail,37,M,Sinaloa,Accountant,2021-03-04 21:16:26.426361399,530969.196952659
C07330,retail,41,M,Nuevo León,Accountant,2023-05-23 08:22:53.377688342,859642.2397172417
C07331,retail,42,F,Sonora,Student,2025-12-09 20:23:13.369460955,299373.2319248615
C07332,retail,38,M,Veracruz,Engineer,2023-04-29 08:22:09.166075894,948228.1188982078
C07333,SME,39,F,San Luis Potosí,Retired,2024-12-19 01:55:19.327598353,453566.90549236955
C07334,retail,37,M,Aguascalientes,Sales,2021-09-14 16:25:35.729791569,584914.5108785408
C07335,retail,52,M,Nayarit,Retired,2022-11-09 09:34:35.913504833,630480.8578287737
C07336,retail,44,M,Colima,Teacher,2022-12-22 11:18:40.702205800,675645.1374252022
C07337,retail,69,M,Tlaxcala,Retired,2023-06-18 00:38:04.482432175,454267.3929431549
C07338,retail,43,M,Colima,Engineer,2023-12-15 00:55:50.887207984,1040659.7922132876
C07339,retail,35,M,Querétaro,Accountant,2021-04-25 02:23:26.051146302,1053582.827587164
C07340,retail,74,M,Zacatecas,Retired,2020-01-14 23:44:51.850348463,376954.54118351184
C07341,SME,46,F,Colima,Consultant,2023-08-30 15:43:03.234422303,1239741.3845106442
C07342,retail,53,M,Veracruz,Engineer,2020-11-07 09:20:38.484082890,1196793.2838845423
C07343,retail,49,F,Jalisco,Retired,2021-03-09 09:14:26.220424112,409065.70782354404
C07344,retail,49,F,San Luis Potosí,Consultant,2021-09-18 20:22:09.379091046,1429532.5535044498
C07345,retail,48,F,Baja California,Retired,2023-07-29 00:30:00.826008929,545664.8571222905
C07346,retail,28,M,Baja California Sur,Sales,2025-06-03 12:15:57.751815973,350196.63166452444
C07347,retail,46,F,Coahuila,Consultant,2021-01-01 13:29:52.785089831,1709926.3449337503
C07348,retail,26,M,Baja California Sur,Consultant,2022-08-11 07:10:33.931275794,1119351.3267877088
C07349,retail,39,M,Tlaxcala,Student,2023-05-23 22:21:54.999317431,240039.3099516129
C07350,SME,33,M,Yucatán,Consultant,2024-02-25 04:22:18.708494700,1464264.348094184
C07351,retail,46,F,México,Freelancer,2022-05-04 19:33:26.460591804,610485.1048558401
C07352,retail,46,M,Guanajuato,Retired,2023-08-11 04:55:52.187328686,396287.43462364556
C07353,retail,47,F,Baja California,Accountant,2024-11-08 14:55:54.436902571,782502.0561645282
C07354,retail,45,M,Querétaro,Teacher,2023-06-25 09:16:27.682592371,438714.32045792753
C07355,retail,34,F,Nayarit,Lawyer,2024-10-26 02:26:57.077456829,1120956.1027646097
C07356,retail,38,F,Jalisco,Doctor,2020-07-12 00:54:26.566801926,875885.3646047066
C07357,corporate,53,F,Nayarit,Government Employee,2025-11-14 01:43:22.346668228,891320.9876970942
C07358,SME,54,M,Yucatán,Business Owner,2020-09-29 21:45:06.736608621,2470341.480369311
C07359,retail,28,F,Tabasco,Government Employee,2021-05-24 14:12:30.876834813,357948.88806076755
C07360,retail,23,F,Baja California,Government Employee,2024-05-02 21:11:51.222106366,853017.4156109048
C07361,retail,33,M,Campeche,Government Employee,2024-07-21 08:55:31.105270627,313737.7375586096
C07362,retail,54,M,Jalisco,Student,2021-11-28 16:33:22.293583725,251922.14341353858
C07363,retail,56,F,Coahuila,Accountant,2025-12-17 22:57:35.352309073,891865.3344746544
C07364,retail,30,M,México,Teacher,2025-03-03 05:38:11.785057328,376484.35422208137
C07365,retail,45,F,Chihuahua,Freelancer,2025-04-10 06:40:29.838591014,331259.5604678419
C07366,retail,64,M,Chiapas,Retired,2025-11-03 20:13:57.329662506,301247.4762622576
C07367,retail,46,F,Oaxaca,Engineer,2020-09-11 04:05:30.149264381,1195331.9864514272
C07368,retail,59,M,Nayarit,Accountant,2025-02-07 23:56:03.880246909,928561.5325101205
C07369,retail,53,M,Guanajuato,Freelancer,2025-01-23 04:04:02.236818864,512710.78307710006
C07370,SME,31,M,Colima,Freelancer,2020-12-12 13:39:33.444521812,535558.011104604
C07371,retail,39,F,Tlaxcala,Doctor,2020-06-13 01:07:18.924053213,1254037.9768705778
C07372,retail,42,M,Guerrero,Student,2021-07-07 16:33:44.641530367,234921.09269797587
C07373,retail,43,F,Nayarit,Student,2023-04-12 14:11:59.015766004,212561.08862761527
C07374,retail,52,F,Yucatán,Freelancer,2023-05-27 02:09:44.651128756,257096.6636640603
C07375,retail,46,M,México,Freelancer,2024-07-15 13:01:35.832428198,983854.4288420108
C07376,retail,18,M,Tabasco,Student,2023-12-03 21:19:34.607161993,286587.99209940276
C07377,retail,26,M,Colima,Lawyer,2021-09-13 09:17:33.325061231,847151.3492559352
C07378,retail,18,M,Sonora,Student,2021-04-13 08:20:05.332057832,187608.67711108664
C07379,retail,44,M,Veracruz,Government Employee,2023-01-08 09:35:38.616290048,383037.9726236858
C07380,retail,44,F,Campeche,Student,2022-03-16 18:48:53.070830276,229711.5316676571
C07381,retail,45,F,Tamaulipas,Retired,2020-09-26 04:34:41.461434732,384707.0105997444
C07382,retail,30,M,Puebla,Retired,2022-07-31 08:51:11.618118118,283056.09062261775
C07383,corporate,50,F,México,Teacher,2024-03-30 21:56:47.886707301,481947.95243603457
C07384,retail,50,F,Zacatecas,Retired,2020-06-23 18:58:45.150132155,341763.7102164183
C07385,retail,26,F,Guanajuato,Student,2024-11-13 02:51:36.365064599,188033.8964708542
C07386,retail,24,F,Aguascalientes,Consultant,2020-09-29 13:28:10.487594335,1486892.866055037
C07387,retail,41,F,Baja California,Consultant,2020-08-05 21:45:05.225044325,1358760.0111090252
C07388,SME,63,M,Tabasco,Retired,2025-06-20 04:24:40.450144765,621879.8804109902
C07389,retail,62,F,Colima,Retired,2023-06-22 23:15:50.490526862,386026.9771533805
C07390,retail,48,F,Michoacán,Doctor,2022-12-06 04:35:28.648128605,895076.0099925111
C07391,retail,33,M,Aguascalientes,Accountant,2021-03-28 03:05:03.872177938,652112.8886155759
C07392,retail,52,M,Baja California Sur,Consultant,2024-09-02 08:46:16.262116664,1668061.356044651
C07393,retail,36,M,Nayarit,Doctor,2025-11-10 06:14:17.877606635,969217.7903436313
C07394,retail,32,M,Sonora,Sales,2023-09-23 20:01:20.577625320,415750.80745354865
C07395,retail,18,M,Michoacán,Student,2024-09-05 17:18:49.989225572,197710.3096673562
C07396,retail,43,F,Puebla,Accountant,2023-01-28 07:29:39.912001622,1090561.0398070533
C07397,retail,34,F,Zacatecas,Teacher,2021-10-09 02:52:57.629863019,686924.8974072824
C07398,retail,43,M,Tamaulipas,Doctor,2022-04-10 14:41:12.912887724,1260637.1549150348
C07399,retail,18,M,Oaxaca,Student,2021-07-16 18:35:39.336830932,205778.38493242252
C07400,retail,44,F,Oaxaca,Government Employee,2022-11-25 05:10:10.227033932,836590.2028266927
C07401,retail,18,M,Hidalgo,Student,2025-12-17 15:31:36.468230373,250072.59548539607
C07402,retail,55,M,Oaxaca,Freelancer,2022-09-25 15:11:38.569732062,949566.8881317973
C07403,retail,48,F,Tabasco,Accountant,2023-08-12 08:31:03.864064246,1002288.1127190329
C07404,retail,38,M,Campeche,Doctor,2023-05-03 20:21:22.451324574,1022932.3755655817
C07405,retail,48,M,Campeche,Lawyer,2025-03-22 12:02:36.901203187,1696439.4060089532
C07406,retail,30,M,Querétaro,Sales,2025-02-19 02:50:30.583654759,834063.8128833947
C07407,retail,42,F,Baja California,Student,2025-07-30 03:39:38.553307544,245656.20726881258
C07408,SME,51,F,Hidalgo,Freelancer,2023-07-21 09:21:54.033561153,884572.2377598502
C07409,retail,18,M,Hidalgo,Student,2020-05-09 11:27:40.182368215,229324.71769505463
C07410,retail,36,M,Yucatán,Freelancer,2021-04-19 01:17:10.560369924,855103.3955282094
C07411,retail,41,F,Oaxaca,Doctor,2021-05-10 10:02:46.505541055,1184271.4796526176
C07412,retail,39,F,Veracruz,Teacher,2022-06-17 02:05:07.360045104,429128.27896232874
C07413,retail,59,F,Coahuila,Doctor,2021-03-22 13:47:00.875590466,1025987.3162231306
C07414,retail,28,F,Coahuila,Accountant,2021-04-15 14:15:17.295929167,856166.9034989255
C07415,retail,34,F,Morelos,Business Owner,2023-08-14 18:46:30.124151125,4813501.48749418
C07416,retail,19,F,Durango,Student,2020-11-01 17:29:14.432068464,204185.99521230385
C07417,retail,60,F,Guerrero,Sales,2021-11-16 09:33:35.605946291,505149.21691879723
C07418,retail,39,F,Sinaloa,Teacher,2025-10-21 02:04:25.908086215,622284.4822295257
C07419,retail,36,F,Quintana Roo,Consultant,2023-03-25 19:43:46.873572806,684517.33384141
C07420,retail,41,M,Tabasco,Teacher,2020-06-13 00:59:54.058874360,697667.7103578914
C07421,retail,49,F,Querétaro,Government Employee,2021-12-22 06:07:23.048748903,774697.6808308137
C07422,retail,46,F,Veracruz,Consultant,2025-03-11 21:27:49.415412297,1866201.6097444089
C07423,retail,73,F,Michoacán,Retired,2025-10-29 23:56:54.812706990,627124.9325690194
C07424,retail,47,M,Baja California,Consultant,2021-03-01 01:02:26.651894657,1665703.1804544993
C07425,retail,36,F,Querétaro,Accountant,2020-10-02 00:19:23.030153782,423030.7751037514
C07426,retail,35,F,Puebla,Engineer,2020-08-22 03:03:51.716891673,784547.6874078517
C07427,retail,37,M,Ciudad de México,Engineer,2021-03-23 13:03:33.017429572,641303.8781319627
C07428,retail,23,F,Guerrero,Retired,2022-06-13 04:04:06.137047887,642100.8687612494
C07429,retail,42,F,Morelos,Business Owner,2025-06-28 14:47:59.482995816,3625231.6275195973
C07430,retail,51,M,Michoacán,Student,2023-11-01 14:14:14.445358783,192848.90449202695
C07431,retail,34,M,Chiapas,Freelancer,2025-06-08 04:23:13.052228234,559598.1096633263
C07432,retail,32,F,Nuevo León,Accountant,2025-04-30 04:02:16.817483427,448515.78777217824
C07433,retail,60,F,Sinaloa,Doctor,2025-03-21 12:29:05.544120658,1317998.379812157
C07434,retail,24,M,Tamaulipas,Doctor,2022-11-04 16:45:35.324895830,1092823.0012605968
C07435,retail,18,M,Morelos,Student,2021-10-10 04:50:20.058314566,208124.7866776475
C07436,retail,28,M,Querétaro,Doctor,2020-01-12 23:31:56.176808811,1162383.9288463788
C07437,retail,23,M,Baja California Sur,Engineer,2024-06-16 16:32:03.284779784,529431.1464007556
C07438,retail,46,M,Morelos,Consultant,2022-07-06 15:21:44.603878131,885942.1772265886
C07439,retail,37,F,Tabasco,Consultant,2025-06-09 16:22:39.382342577,762956.4969969274
C07440,retail,39,F,México,Doctor,2022-03-10 23:26:20.550349102,1451451.4928905335
C07441,retail,55,F,Nuevo León,Teacher,2025-05-01 09:53:07.402653122,450843.3395164762
C07442,retail,33,M,México,Student,2022-01-25 21:10:25.299989801,250137.3404411257
C07443,retail,51,M,Nayarit,Government Employee,2020-05-02 04:23:37.653016605,652059.8685249181
C07444,retail,60,M,Sonora,Government Employee,2024-07-22 03:09:30.460960164,761444.0709890552
C07445,retail,36,F,Guerrero,Sales,2024-08-17 11:39:10.326129854,431425.69917885924
C07446,retail,50,F,Tamaulipas,Accountant,2024-06-30 13:27:44.033523944,484545.82632002106
C07447,retail,39,F,Guerrero,Engineer,2023-07-08 07:43:50.843101089,557016.2056939793
C07448,retail,53,M,San Luis Potosí,Teacher,2023-02-06 05:24:25.123076751,377358.9790974866
C07449,retail,23,F,Baja California Sur,Teacher,2024-01-30 06:53:29.591572355,493132.3040169995
C07450,retail,22,F,Guanajuato,Student,2022-12-20 12:43:52.966935820,208323.52235996965
C07451,retail,37,F,Quintana Roo,Freelancer,2023-07-20 21:58:03.917063137,634002.5127101652
C07452,retail,31,F,Durango,Business Owner,2024-05-14 15:58:41.014740574,826001.0073545342
C07453,retail,35,F,Querétaro,Sales,2022-07-09 22:56:41.614415678,657908.8410525541
C07454,retail,39,M,México,Student,2025-09-20 06:25:58.131231794,285380.2700257773
C07455,retail,50,F,Quintana Roo,Lawyer,2020-02-14 15:38:10.381529390,657107.9755670332
C07456,corporate,37,M,Guanajuato,Retired,2024-09-29 12:42:26.602854430,348118.1129192366
C07457,retail,32,M,Quintana Roo,Student,2023-11-05 00:36:25.701527125,218132.76685597014
C07458,retail,37,M,Sonora,Doctor,2024-05-23 02:12:45.268113564,1001068.6892014544
C07459,retail,32,F,Aguascalientes,Doctor,2025-07-09 08:03:02.416775573,828269.6485250782
C07460,retail,30,M,Oaxaca,Freelancer,2023-05-19 03:13:13.954745062,306578.5813341506
C07461,retail,22,F,Campeche,Student,2024-04-17 02:16:08.722467247,289496.32714435854
C07462,retail,42,F,Puebla,Retired,2023-12-02 12:15:04.562797466,570113.5221801773
C07463,SME,35,F,Veracruz,Retired,2023-01-24 01:21:16.121989438,681298.090947015
C07464,retail,53,F,Sonora,Consultant,2022-11-12 22:35:36.985398105,1160693.600865189
C07465,retail,24,F,Puebla,Accountant,2020-03-15 08:13:58.826422137,1015324.0739677654
C07466,retail,35,M,Colima,Government Employee,2022-07-29 18:15:42.109380330,871578.261841188
C07467,retail,63,M,Oaxaca,Engineer,2024-07-01 07:27:06.628017745,1112459.6137978872
C07468,retail,30,F,Hidalgo,Doctor,2023-03-26 14:06:15.224270747,827407.951832776
C07469,retail,39,M,Morelos,Consultant,2020-06-20 17:46:51.500409742,1478774.13770008
C07470,retail,27,M,México,Accountant,2022-01-07 15:42:20.224683389,796640.8263387649
C07471,retail,25,F,Puebla,Lawyer,2022-02-11 12:14:13.954413569,1254259.454910704
C07472,retail,60,F,Aguascalientes,Lawyer,2021-01-21 09:54:57.836957732,1205261.2640339346
C07473,retail,44,F,Tamaulipas,Engineer,2023-03-18 08:01:53.039162296,1057184.37688798
C07474,retail,43,F,Baja California Sur,Sales,2022-06-21 20:43:34.167395467,879237.9702886437
C07475,retail,21,F,Yucatán,Student,2020-01-15 16:35:58.198975207,279471.08882547833
C07476,retail,46,M,San Luis Potosí,Government Employee,2023-02-08 19:47:05.671177076,909277.6318597636
C07477,retail,55,M,Zacatecas,Consultant,2020-09-19 02:36:46.321155427,1225854.5417614165
C07478,retail,55,F,Sonora,Lawyer,2021-10-05 11:15:35.932586498,1428731.8149378404
C07479,retail,50,M,Yucatán,Engineer,2022-06-07 06:18:48.543888087,790895.4483687412
C07480,retail,28,M,Puebla,Government Employee,2025-02-17 16:56:27.661510700,552200.6613525578
C07481,retail,45,F,Quintana Roo,Sales,2023-08-07 05:34:03.268760776,831933.80437347
C07482,retail,50,M,Veracruz,Accountant,2022-10-18 16:12:07.369726201,1033648.7855110054
C07483,retail,20,M,Morelos,Student,2025-03-30 01:03:36.369433732,261867.10529519944
C07484,retail,28,M,Querétaro,Teacher,2020-04-19 20:43:52.821708736,635137.7136833067
C07485,retail,52,M,Tamaulipas,Engineer,2021-04-13 09:52:07.260482190,752254.9748163268
C07486,retail,52,M,Veracruz,Business Owner,2022-02-14 15:21:45.803974987,2565171.142299769
C07487,retail,23,F,San Luis Potosí,Accountant,2025-06-11 10:07:50.817488316,974712.2254389484
C07488,SME,51,F,Querétaro,Doctor,2022-01-08 18:26:19.752026489,1078635.5942397194
C07489,retail,43,M,Campeche,Sales,2025-01-30 18:59:40.320456909,275978.9924535831
C07490,retail,51,M,Tabasco,Doctor,2020-07-09 01:14:56.571510385,1047309.1977029663
C07491,retail,34,M,Colima,Sales,2022-12-05 22:30:31.678837896,508850.09592571185
C07492,retail,49,F,México,Sales,2022-04-29 05:38:29.717317332,350513.68485690234
C07493,retail,52,M,Colima,Retired,2021-05-15 17:03:10.554998126,404856.27234750113
C07494,retail,37,F,Veracruz,Student,2025-12-07 02:17:38.406101891,292131.5762220311
C07495,retail,42,M,Jalisco,Engineer,2022-03-24 14:15:43.445535575,1100974.0312642334
C07496,retail,34,F,Chihuahua,Business Owner,2023-09-10 02:37:48.696009620,2617473.4782433314
C07497,retail,61,M,San Luis Potosí,Consultant,2023-07-07 00:53:25.494668187,1564835.064724147
C07498,retail,40,M,Tamaulipas,Retired,2022-05-06 02:10:30.792149255,318332.63470581034
C07499,retail,30,M,Querétaro,Teacher,2025-04-29 13:15:14.143632528,601021.0962763464
C07500,retail,33,F,México,Retired,2024-08-31 22:10:57.294160365,464103.6222687544
C07501,retail,43,M,Oaxaca,Sales,2025-10-26 05:39:08.991071059,719670.0603882964
C07502,retail,51,M,Tabasco,Doctor,2025-06-18 23:39:53.761208313,1250816.9224834885
C07503,retail,25,F,Tamaulipas,Student,2020-07-19 15:18:49.339720351,207931.98571855074
C07504,retail,64,M,Querétaro,Business Owner,2022-09-15 02:17:14.768227038,4289174.593096575
C07505,retail,45,M,Yucatán,Freelancer,2023-02-22 02:54:28.197523320,772177.1956934158
C07506,SME,47,F,Ciudad de México,Student,2023-08-21 23:26:31.238284387,274104.4736990627
C07507,retail,40,M,San Luis Potosí,Student,2024-08-14 09:05:18.105927887,191278.4554487492
C07508,retail,42,F,Yucatán,Business Owner,2023-06-16 11:11:55.941513108,3346007.0744070476
C07509,retail,40,M,Veracruz,Engineer,2021-10-24 03:42:50.165591733,704319.1055487301
C07510,SME,54,M,Quintana Roo,Government Employee,2025-10-12 16:33:41.471562798,902627.6181945117
C07511,retail,41,M,Chiapas,Government Employee,2023-10-18 02:00:51.751425784,964655.1257951836
C07512,corporate,51,F,Hidalgo,Government Employee,2023-09-22 10:11:32.936986402,339079.4007543682
C07513,retail,36,F,Coahuila,Student,2022-08-15 02:41:58.296990131,266914.6718580871
C07514,retail,44,F,Morelos,Accountant,2021-08-05 10:41:43.804497354,472084.57437454915
C07515,retail,32,M,Colima,Teacher,2024-01-11 19:27:54.564225457,643003.804062617
C07516,retail,56,F,Chiapas,Teacher,2023-08-20 12:40:17.851670153,349809.8573990229
C07517,retail,31,M,Quintana Roo,Teacher,2022-06-22 04:06:03.091031788,378002.94402656483
C07518,retail,38,M,Coahuila,Retired,2020-03-20 16:06:16.394159903,363229.3246119845
C07519,retail,38,F,Zacatecas,Accountant,2020-01-03 16:30:01.248900314,909483.6084242772
C07520,retail,37,M,Colima,Doctor,2022-06-05 18:36:18.534065017,1004774.4117752868
C07521,retail,50,M,Coahuila,Sales,2020-09-16 15:37:23.034253721,637455.7547076675
C07522,retail,38,M,Querétaro,Retired,2022-09-09 15:33:38.629747920,507374.7721758137
C07523,retail,58,F,Guerrero,Consultant,2021-07-11 12:14:47.810753940,1103392.8317279432
C07524,retail,32,M,Chihuahua,Retired,2022-06-03 15:04:23.272417304,492770.84357064054
C07525,retail,44,M,Puebla,Retired,2025-04-27 16:25:55.190656501,303186.4343845924
C07526,retail,32,F,Puebla,Consultant,2023-02-22 15:16:29.419462994,1814262.253767571
C07527,retail,47,M,Campeche,Government Employee,2022-04-17 06:34:11.148976290,444953.85487904714
C07528,retail,41,M,Zacatecas,Consultant,2023-05-10 18:26:40.762231247,1820340.8144470097
C07529,retail,40,F,Quintana Roo,Lawyer,2020-09-27 08:41:05.394840818,1222485.4460834293
C07530,retail,56,F,Tlaxcala,Accountant,2020-09-27 06:15:40.823565463,829755.7563966453
C07531,retail,34,M,Tamaulipas,Freelancer,2025-03-21 05:56:31.334435152,457297.2855060216
C07532,retail,49,F,Tabasco,Engineer,2024-02-05 03:43:17.462338340,655630.8464709581
C07533,retail,32,M,Veracruz,Consultant,2022-08-23 05:54:42.695613502,1236054.9425983697
C07534,retail,43,F,Baja California Sur,Government Employee,2022-05-25 20:35:57.826743058,487151.84253979975
C07535,retail,27,M,Chiapas,Sales,2022-03-05 22:50:30.192897574,525040.7938856645
C07536,retail,34,M,Yucatán,Teacher,2024-08-19 03:11:49.462589618,476088.4183500494
C07537,retail,41,M,Nuevo León,Business Owner,2023-01-06 10:09:45.719036671,1864944.766831835
C07538,retail,63,F,Colima,Lawyer,2021-05-09 06:54:42.582819021,950076.2722983108
C07539,retail,43,F,Yucatán,Lawyer,2024-06-29 14:42:50.113002074,1767492.265504473
C07540,retail,61,F,Chiapas,Retired,2020-03-15 17:16:55.989789797,514355.4497497868
C07541,retail,44,F,Yucatán,Engineer,2020-03-25 12:10:46.784233400,1082313.0658873082
C07542,retail,37,M,Tabasco,Sales,2025-10-25 00:53:04.546870628,279732.53086209955
C07543,retail,60,M,Hidalgo,Teacher,2020-11-29 11:52:39.804944306,300769.8491393721
C07544,corporate,47,F,Durango,Sales,2025-12-18 19:31:27.274632604,587417.0695491803
C07545,retail,34,F,Chihuahua,Business Owner,2022-01-10 19:24:42.848358346,4255263.635025117
C07546,retail,47,F,Aguascalientes,Doctor,2021-09-20 01:52:35.445999207,1227643.7968747462
C07547,retail,38,M,Veracruz,Lawyer,2021-12-08 21:26:47.356342370,1342596.2424225877
C07548,retail,18,M,Guanajuato,Student,2020-10-04 17:44:26.842072818,196723.14941021398
C07549,retail,53,M,Oaxaca,Business Owner,2020-08-01 23:36:19.133283041,4907841.136805625
C07550,retail,55,M,Ciudad de México,Retired,2024-12-03 00:38:49.482668044,488365.81114095426
C07551,SME,64,M,Yucatán,Accountant,2022-04-23 16:31:26.653269215,471821.3788231844
C07552,retail,47,M,Michoacán,Consultant,2022-03-11 12:21:10.831493805,1121296.356334672
C07553,retail,39,F,México,Accountant,2025-07-13 17:07:47.850961216,450379.8984679037
C07554,retail,52,M,Chiapas,Retired,2024-01-25 19:27:26.632016844,438163.5378715551
C07555,retail,52,M,México,Student,2020-08-23 16:41:44.719437906,265388.12705047743
C07556,retail,61,F,Aguascalientes,Engineer,2023-02-14 13:14:34.626318560,726468.6414530104
C07557,retail,41,M,México,Teacher,2020-11-10 12:43:02.101671274,425241.21801412525
C07558,retail,40,F,Campeche,Business Owner,2024-06-11 02:36:23.935606126,2911659.224303068
C07559,retail,33,M,Tamaulipas,Doctor,2021-04-19 20:00:47.553580234,1148940.6614427674
C07560,retail,48,F,Michoacán,Sales,2025-04-20 06:26:27.301220052,553643.2125315918
C07561,retail,23,F,Querétaro,Engineer,2022-09-05 01:19:01.531284059,861791.5598011509
C07562,retail,51,F,Coahuila,Student,2023-05-17 15:48:28.300658105,185755.14601372535
C07563,retail,49,F,Quintana Roo,Teacher,2023-07-31 08:03:46.303300124,489707.1621202299
C07564,retail,49,M,Colima,Engineer,2024-04-08 14:50:33.611810508,1194408.5176825058
C07565,retail,43,M,Puebla,Teacher,2025-07-09 21:48:37.019612626,605734.9909962096
C07566,retail,60,F,Querétaro,Student,2022-09-04 00:18:57.887714140,214508.5898697305
C07567,SME,52,F,Tabasco,Government Employee,2020-02-02 12:46:50.772553575,774400.4458263761
C07568,retail,34,F,Tabasco,Accountant,2024-07-25 09:12:06.403044955,630932.1202566666
C07569,retail,34,M,Baja California,Freelancer,2021-08-14 17:36:06.596157782,391514.31403025327
C07570,retail,31,F,Veracruz,Retired,2021-06-05 04:34:55.175426131,598099.0513422503
C07571,retail,48,F,Guerrero,Freelancer,2021-04-08 16:04:11.320420761,409586.54872785474
C07572,retail,29,F,Sonora,Doctor,2025-09-08 05:07:27.820722172,1401039.035820316
C07573,retail,55,M,Tamaulipas,Student,2025-08-21 00:58:40.114931533,225649.53429625125
C07574,retail,57,F,Baja California,Lawyer,2020-05-14 15:03:42.778365922,1508212.8598636652
C07575,retail,31,M,Jalisco,Business Owner,2022-05-11 20:28:08.501129599,1816265.2644549923
C07576,retail,39,M,Nuevo León,Government Employee,2025-07-05 22:02:35.077719941,756915.300402022
C07577,retail,42,F,Oaxaca,Government Employee,2025-02-05 21:36:35.131634888,448772.45178427116
C07578,retail,52,M,Chihuahua,Student,2024-10-04 11:37:01.537573070,182620.1589939354
C07579,SME,61,F,Querétaro,Doctor,2020-06-29 11:11:51.381508666,1370223.7306035303
C07580,retail,21,M,Nuevo León,Student,2025-04-05 14:18:59.165050844,282740.38215704064
C07581,retail,38,M,Morelos,Engineer,2025-01-04 20:58:17.624516412,1116402.8173497436
C07582,retail,38,M,Baja California Sur,Student,2025-05-21 17:54:15.191670865,184355.73693582998
C07583,retail,25,M,Oaxaca,Teacher,2021-04-08 18:54:54.087225456,604369.4895269613
C07584,retail,36,M,Sinaloa,Business Owner,2023-03-24 07:06:17.166854035,4294243.594389884
C07585,retail,47,M,Durango,Consultant,2020-08-21 04:37:12.406365550,967547.5071802001
C07586,retail,38,F,San Luis Potosí,Business Owner,2023-10-18 17:58:05.234791224,2722941.055664153
C07587,retail,23,F,Hidalgo,Business Owner,2024-04-07 00:58:23.949394491,2454035.5512713194
C07588,retail,76,F,Oaxaca,Retired,2023-01-17 09:54:28.521564496,448046.49264022557
C07589,retail,45,F,Quintana Roo,Business Owner,2024-07-10 01:17:34.543642922,4340828.857855305
C07590,retail,43,M,Tlaxcala,Government Employee,2021-06-07 17:33:26.375849728,592508.5439309026
C07591,retail,28,F,Tlaxcala,Consultant,2024-08-29 13:02:45.155437375,953546.0070660466
C07592,retail,45,F,Sinaloa,Student,2021-10-10 18:53:20.610197831,195646.11295364023
C07593,retail,40,M,Nayarit,Retired,2020-05-25 17:27:52.252389911,553678.3669900198
C07594,retail,19,F,Nuevo León,Student,2020-05-29 05:07:07.052331621,190104.55624884498
C07595,retail,29,M,Morelos,Sales,2020-05-21 05:18:39.844173259,289768.5281414993
C07596,corporate,51,F,Colima,Accountant,2024-04-13 13:59:05.781184516,877106.1825974212
C07597,retail,65,M,Nayarit,Government Employee,2021-12-02 06:04:31.877764726,786002.9585456803
C07598,retail,46,M,Coahuila,Government Employee,2024-10-13 04:03:23.258956615,439356.231649527
C07599,corporate,55,M,Quintana Roo,Business Owner,2025-03-02 11:41:06.583475894,4815894.9066064535
C07600,retail,40,M,Guanajuato,Government Employee,2024-09-27 10:07:46.377678561,851470.5892823479
C07601,retail,40,F,Baja California Sur,Teacher,2022-02-16 14:02:07.273812611,574571.9034898438
C07602,retail,55,F,Baja California,Accountant,2023-12-31 12:38:59.602302218,928044.0528895493
C07603,retail,61,M,Nuevo León,Student,2022-12-14 00:17:55.751329149,229426.85007870838
C07604,SME,57,M,Tamaulipas,Sales,2025-10-06 18:46:55.405015162,546168.0687383302
C07605,retail,29,M,San Luis Potosí,Sales,2020-12-23 13:10:52.845781528,815640.5414372716
C07606,retail,41,F,Tamaulipas,Engineer,2022-08-01 03:55:33.215916710,517793.3369910526
C07607,retail,45,M,Sinaloa,Teacher,2025-11-27 01:52:09.926283215,620969.2645483733
C07608,retail,38,F,Guanajuato,Doctor,2022-04-17 20:19:21.040179166,1113298.4293973357
C07609,retail,46,F,Colima,Business Owner,2021-04-22 18:09:35.113220515,2695064.947325165
C07610,retail,51,F,Guanajuato,Freelancer,2021-12-28 11:45:58.752130770,525699.9567495352
C07611,retail,54,F,Baja California,Government Employee,2023-04-24 06:00:18.357560009,724951.0332583424
C07612,retail,62,F,Guerrero,Sales,2021-04-15 19:37:08.189942413,689188.356510829
C07613,SME,38,F,Tlaxcala,Accountant,2020-02-16 02:44:25.809426422,512527.70982421737
C07614,retail,25,F,Ciudad de México,Retired,2024-11-18 01:06:41.856855027,504573.16039749066
C07615,retail,46,F,Chihuahua,Government Employee,2020-11-11 03:51:13.928580478,625438.7687976498
C07616,retail,64,F,Guerrero,Business Owner,2024-05-20 20:11:59.338521832,4062208.0580876577
C07617,retail,36,F,Nayarit,Retired,2025-11-05 03:12:40.745025563,495379.8269090893
C07618,retail,50,F,Sinaloa,Consultant,2025-02-02 16:53:36.323930764,1144360.2480343883
C07619,SME,50,F,Chiapas,Consultant,2020-10-02 03:53:22.148340522,1293397.1165140169
C07620,retail,44,F,Yucatán,Doctor,2024-04-03 07:08:07.186231175,1143397.7446825537
C07621,retail,42,M,Querétaro,Consultant,2020-01-25 17:34:43.531737919,1902767.715611
C07622,retail,30,M,Morelos,Student,2024-06-12 02:07:55.361963787,217426.841392777
C07623,retail,18,F,Michoacán,Student,2023-09-22 01:11:22.115458091,184481.9118141505
C07624,retail,28,M,Guerrero,Retired,2023-01-25 12:03:56.130055995,547899.2013854362
C07625,retail,37,M,Tlaxcala,Teacher,2020-03-09 14:27:04.503985050,541537.8521762553
C07626,retail,55,M,Veracruz,Lawyer,2023-02-14 15:16:31.180536845,1691964.081475288
C07627,retail,40,F,Baja California,Teacher,2024-12-26 22:19:03.100594652,346990.76442205685
C07628,retail,35,F,Michoacán,Business Owner,2023-02-16 12:14:56.805984919,2947376.692537251
C07629,SME,31,M,Aguascalientes,Lawyer,2024-12-19 21:26:45.256767361,780925.4108079951
C07630,retail,49,M,Oaxaca,Freelancer,2023-01-29 03:28:50.434123870,655709.4254240046
C07631,retail,58,F,Baja California,Sales,2025-01-08 13:39:06.870780096,769591.0920083604
C07632,retail,54,F,Hidalgo,Student,2023-09-04 15:37:54.832547221,282887.421741342
C07633,retail,49,M,Michoacán,Sales,2023-12-29 15:39:35.972195655,792010.0680784506
C07634,corporate,24,M,Aguascalientes,Lawyer,2022-01-08 18:05:52.961480909,1256886.3476075763
C07635,retail,37,F,Nuevo León,Sales,2021-11-24 04:48:19.714356416,662074.7142338946
C07636,retail,65,F,Campeche,Engineer,2024-01-14 19:02:06.473739083,886095.7279517853
C07637,retail,55,F,Oaxaca,Sales,2022-06-13 07:26:42.178094062,614803.8174999307
C07638,retail,23,F,Baja California Sur,Consultant,2023-05-09 02:44:25.354251735,1827727.217934975
C07639,retail,41,F,Baja California,Government Employee,2022-05-02 05:56:45.533137491,446491.2356812335
C07640,retail,46,M,Guerrero,Consultant,2020-10-24 01:05:10.054834539,1158149.2593719477
C07641,retail,32,M,San Luis Potosí,Student,2025-07-24 04:52:13.389007359,253208.15208972743
C07642,retail,18,F,Sonora,Student,2024-07-16 12:22:41.169961980,271843.0231673486
C07643,retail,43,F,Hidalgo,Retired,2020-04-14 06:18:28.445915216,592851.1374312575
C07644,retail,32,F,Tabasco,Sales,2022-03-08 04:31:33.661153638,326211.5482030673
C07645,retail,32,F,Nayarit,Sales,2022-07-12 02:29:43.387859309,394241.69940842193
C07646,retail,37,F,Chiapas,Lawyer,2021-01-13 13:44:39.540631016,1693822.7680905939
C07647,retail,40,F,Quintana Roo,Student,2022-04-16 09:45:32.602545884,222902.67217492577
C07648,retail,41,M,Sinaloa,Accountant,2020-08-25 19:15:57.467772061,401898.85206246073
C07649,retail,31,M,Guerrero,Freelancer,2021-11-20 22:55:29.533262298,399797.2682103852
C07650,retail,39,F,Nuevo León,Engineer,2025-08-29 04:12:04.439786366,1178687.437917219
C07651,retail,20,M,Aguascalientes,Student,2021-11-24 08:40:08.142394270,217170.13770322513
C07652,retail,45,M,Yucatán,Student,2021-07-28 07:22:57.026920283,253646.35958096333
C07653,retail,18,F,Ciudad de México,Student,2025-11-04 10:33:56.235876832,267198.7146725523
C07654,retail,38,F,Aguascalientes,Business Owner,2022-03-21 22:29:11.562189723,3480306.8425616333
C07655,retail,53,M,San Luis Potosí,Freelancer,2021-03-25 08:06:15.645654506,577566.5643221288
C07656,retail,29,F,Nayarit,Business Owner,2025-04-09 22:33:21.049663689,2550785.426460431
C07657,retail,50,M,Quintana Roo,Lawyer,2024-08-27 06:42:16.987079726,1605583.213167279
C07658,retail,55,M,Tamaulipas,Lawyer,2025-12-17 10:38:25.523659687,1395342.8204866005
C07659,retail,18,F,Baja California Sur,Student,2024-10-02 05:48:05.290567575,182812.25622774393
C07660,retail,40,F,Chihuahua,Engineer,2022-03-05 11:17:45.887950860,642420.5133228528
C07661,retail,18,M,Zacatecas,Student,2022-09-21 15:01:34.616852213,214356.03889832948
C07662,retail,40,M,Querétaro,Doctor,2021-03-28 10:50:45.102889663,1055841.0565808218
C07663,retail,41,M,Campeche,Accountant,2020-08-23 22:58:39.196683597,803826.1832699496
C07664,retail,18,F,San Luis Potosí,Student,2021-04-10 09:19:36.209061276,223981.63807528277
C07665,retail,65,F,Guerrero,Retired,2022-03-04 20:52:37.272215831,621256.1873873849
C07666,retail,45,M,Guerrero,Accountant,2021-08-13 18:52:26.378146576,731685.3790215085
C07667,retail,31,M,Chiapas,Sales,2020-10-20 01:28:50.450603284,576416.7007627394
C07668,retail,59,F,Quintana Roo,Business Owner,2020-03-18 21:52:46.601665853,2537773.9235197506
C07669,retail,20,F,Tlaxcala,Student,2021-09-28 05:43:24.699042138,217256.272513452
C07670,retail,27,F,Puebla,Student,2020-11-25 15:44:10.292590666,266976.7390782871
C07671,retail,18,M,Hidalgo,Student,2020-07-14 04:29:03.818245492,207547.78796091076
C07672,retail,63,F,Guerrero,Sales,2025-03-05 03:36:37.192387285,698169.0688182854
C07673,retail,45,M,Campeche,Consultant,2023-09-29 18:22:08.331573970,1294559.7541374462
C07674,retail,49,M,Chihuahua,Engineer,2025-09-17 02:43:44.361997306,571584.3664528452
C07675,retail,45,M,Nuevo León,Sales,2024-11-07 10:27:05.357674735,261678.7282247393
C07676,retail,48,F,Chihuahua,Teacher,2025-04-10 06:30:12.737156247,367777.6180988897
C07677,retail,42,F,Chihuahua,Lawyer,2022-12-26 13:02:51.801215051,1513225.8238592455
C07678,SME,45,F,Guanajuato,Consultant,2022-02-10 07:45:57.664713345,1076896.7280053978
C07679,retail,43,F,Tabasco,Lawyer,2023-03-23 03:38:19.963231045,1565852.6163834028
C07680,retail,34,M,Querétaro,Government Employee,2025-04-24 03:24:19.416103228,651334.5725954486
C07681,SME,41,M,Jalisco,Government Employee,2025-01-20 14:29:16.160131619,322922.67257354385
C07682,retail,45,F,Veracruz,Accountant,2025-09-05 14:58:14.308845905,992269.7084600511
C07683,retail,43,F,Zacatecas,Government Employee,2022-12-06 21:15:13.438196527,955385.3412067572
C07684,retail,24,F,Tabasco,Freelancer,2021-04-05 04:28:36.433260259,274215.2765234886
C07685,retail,25,M,Baja California Sur,Teacher,2020-09-09 12:22:06.962103320,383340.47559811384
C07686,retail,54,M,Tlaxcala,Sales,2020-03-21 06:17:14.968940049,715110.1137248015
C07687,retail,38,M,Colima,Consultant,2022-05-08 10:18:16.050291319,1995764.3110176255
C07688,retail,49,F,Campeche,Doctor,2021-01-30 02:03:14.199358816,1413413.4829755775
C07689,retail,28,F,Tabasco,Retired,2024-06-18 07:26:34.482825705,294526.6363952484
C07690,retail,24,M,Michoacán,Sales,2023-11-22 23:15:43.674524096,644704.7185190385
C07691,retail,31,M,Nayarit,Doctor,2021-02-26 13:44:12.250460488,1265643.2562642884
C07692,retail,39,M,Coahuila,Doctor,2021-03-02 02:08:44.873640302,1241583.0923766207
C07693,retail,34,M,Guanajuato,Accountant,2023-05-21 10:01:05.332584142,797642.7532884697
C07694,retail,57,F,Colima,Sales,2023-11-30 14:58:33.284398011,439932.82625601254
C07695,SME,44,F,Tabasco,Lawyer,2022-02-05 03:25:00.863793560,1402208.0689855004
C07696,retail,64,F,Zacatecas,Freelancer,2021-04-04 08:19:25.187157227,928451.9944128038
C07697,retail,46,M,Oaxaca,Accountant,2020-03-03 22:03:16.774125750,803036.9162253189
C07698,retail,18,F,Zacatecas,Student,2025-03-16 18:25:07.045145565,239659.16033369923
C07699,retail,54,F,Chihuahua,Government Employee,2021-03-24 02:16:07.815268072,453321.60298316984
C07700,retail,23,M,San Luis Potosí,Lawyer,2021-04-09 10:49:32.754010200,1253669.3843228463
C07701,corporate,44,F,Michoacán,Student,2025-02-23 04:03:39.707894839,195390.18423475852
C07702,retail,32,F,Chiapas,Student,2024-09-21 11:27:24.631563353,188725.9916945248
C07703,retail,67,M,Sinaloa,Retired,2024-02-23 02:43:30.470178085,600033.8159121887
C07704,retail,59,F,Chihuahua,Lawyer,2023-05-04 23:37:02.529309206,1411527.8350230544
C07705,retail,33,F,Chihuahua,Teacher,2021-01-22 09:41:29.318830775,559613.533039557
C07706,retail,40,F,Tamaulipas,Lawyer,2021-07-17 06:44:01.537627842,1713754.197634232
C07707,retail,44,M,Tlaxcala,Accountant,2020-06-07 04:51:40.876162988,666541.2821624716
C07708,retail,52,M,Baja California,Engineer,2024-05-15 21:04:06.110688499,779812.8147874428
C07709,retail,42,M,Yucatán,Freelancer,2024-10-17 07:25:31.744981868,613747.31832015
C07710,retail,29,F,Coahuila,Accountant,2020-07-01 21:07:24.149174323,725698.6287566542
C07711,retail,33,M,Zacatecas,Business Owner,2024-06-28 22:32:33.367840466,2905225.3664289336
C07712,retail,41,F,Ciudad de México,Accountant,2022-11-13 08:50:28.634267179,944612.9804805497
C07713,retail,56,F,México,Business Owner,2024-02-18 14:52:02.862273175,1636124.4518156587
C07714,retail,47,M,Puebla,Retired,2025-08-27 19:33:23.398038405,445338.43146770133
C07715,retail,32,F,Jalisco,Student,2021-11-07 17:16:27.374305946,240615.78915255592
C07716,SME,49,M,Puebla,Engineer,2022-12-27 03:12:56.302970849,618382.540566623
C07717,retail,37,M,Tamaulipas,Government Employee,2023-03-01 18:28:12.951623222,791360.6068477363
C07718,SME,52,M,Hidalgo,Government Employee,2025-07-19 18:17:09.009439814,339389.57532869437
C07719,retail,72,F,Tabasco,Retired,2025-01-16 12:45:39.499846196,513661.21018393984
C07720,corporate,37,F,Chiapas,Sales,2024-10-23 00:02:36.150559591,381392.6062876639
C07721,retail,51,M,Morelos,Accountant,2022-10-06 12:29:11.528452959,405927.7910288932
C07722,SME,33,F,Chiapas,Engineer,2024-01-17 14:33:51.059163518,721040.4582542498
C07723,retail,40,F,Sonora,Teacher,2024-08-04 15:07:32.728677582,471656.7013460418
C07724,retail,42,M,San Luis Potosí,Doctor,2022-10-05 06:49:27.342810973,1372111.6429852042
C07725,SME,39,M,Yucatán,Government Employee,2024-07-27 07:44:23.444944333,585492.3658567069
C07726,retail,71,M,Baja California Sur,Retired,2022-11-18 04:14:56.727061943,661946.9206618719
C07727,retail,38,F,Ciudad de México,Business Owner,2021-11-03 11:11:47.013081700,4322917.683280225
C07728,retail,49,F,Ciudad de México,Sales,2021-04-22 13:22:22.278126849,375279.6356663865
C07729,SME,18,M,Querétaro,Student,2023-10-20 09:01:49.861373942,198686.23329394503
C07730,retail,47,M,Campeche,Sales,2021-04-08 09:29:27.545538283,408497.56038102705
C07731,retail,55,M,Yucatán,Lawyer,2021-10-21 16:30:30.315848031,1031618.631591454
C07732,retail,35,M,Oaxaca,Doctor,2022-09-17 17:20:19.674377507,1208436.9814562083
C07733,retail,18,F,Guanajuato,Student,2024-08-08 11:40:00.691843408,194889.9042927227
C07734,retail,41,M,Morelos,Consultant,2021-10-27 14:26:05.105302274,1298062.4582825107
C07735,retail,42,F,Jalisco,Student,2021-02-20 16:38:56.394860822,249693.36867444855
C07736,retail,50,F,Durango,Engineer,2024-06-29 05:18:37.560394596,962623.8306938875
C07737,SME,66,M,Chiapas,Retired,2024-10-07 12:13:52.428181352,497541.9727603998
C07738,retail,37,M,Puebla,Government Employee,2023-10-05 17:14:50.781158944,877620.9944848338
C07739,retail,31,M,Puebla,Freelancer,2024-12-13 03:25:50.449941059,841591.0828392919
C07740,retail,27,M,Tamaulipas,Student,2024-01-20 03:05:42.786473447,290947.1103194628
C07741,retail,44,F,Morelos,Freelancer,2022-02-21 05:06:02.026495251,900924.8008670119
C07742,retail,47,F,Michoacán,Government Employee,2022-09-02 11:46:42.419338331,605277.5879064484
C07743,retail,35,M,Aguascalientes,Retired,2021-03-12 16:52:39.466880625,344358.27015784755
C07744,retail,51,M,Durango,Doctor,2020-08-07 07:08:22.059699925,807364.5063606382
C07745,retail,47,M,Guerrero,Retired,2022-09-07 21:55:44.695129255,290681.36731352366
C07746,retail,42,M,Nayarit,Government Employee,2022-10-25 04:05:55.762112712,432773.20839806256
C07747,retail,31,F,Aguascalientes,Consultant,2023-02-14 22:44:54.285437293,824662.2450322548
C07748,retail,36,M,Tlaxcala,Government Employee,2022-10-06 16:35:14.215622053,819431.5989894038
C07749,retail,18,F,Yucatán,Student,2022-04-18 20:41:38.558016870,226327.08182409886
C07750,retail,44,F,San Luis Potosí,Freelancer,2020-02-19 09:47:34.921180016,524539.8068065126
C07751,retail,42,M,Tamaulipas,Lawyer,2025-12-22 16:18:33.578801300,662841.1169238671
C07752,retail,44,F,Guerrero,Freelancer,2025-05-18 01:52:39.390195078,738661.0849832841
C07753,retail,48,F,Oaxaca,Business Owner,2025-11-09 20:54:54.922570060,3335508.8026733943
C07754,retail,46,M,Chihuahua,Sales,2020-08-24 05:50:31.168870331,820608.1982608945
C07755,retail,40,M,Colima,Government Employee,2023-07-07 18:10:09.242093428,651989.9426414379
C07756,retail,42,M,Jalisco,Doctor,2023-06-09 19:31:49.645251649,805404.1206252777
C07757,retail,25,F,Chiapas,Student,2021-02-21 05:43:32.030681229,187833.51620970212
C07758,retail,34,M,Querétaro,Freelancer,2022-11-28 21:55:13.094075129,471005.6099933969
C07759,retail,42,F,Campeche,Accountant,2022-12-10 21:01:31.502439087,497430.0476977673
C07760,retail,33,F,Querétaro,Teacher,2020-02-24 17:57:42.243280249,608235.7342432078
C07761,retail,52,F,Michoacán,Government Employee,2020-04-21 12:31:20.240743556,375499.9946430179
C07762,retail,34,M,Chihuahua,Doctor,2023-10-31 14:49:31.978918036,912548.5987003368
C07763,retail,44,F,Baja California Sur,Business Owner,2023-06-11 16:07:42.318735885,3567186.3306051213
C07764,retail,43,M,Campeche,Government Employee,2021-05-25 04:29:23.846512113,467740.0975748681
C07765,retail,50,M,Querétaro,Retired,2021-09-19 04:13:14.671400954,686087.4150169017
C07766,retail,52,F,Colima,Engineer,2025-04-10 18:15:03.007908480,1104232.251697749
C07767,retail,50,M,Tlaxcala,Freelancer,2023-04-15 17:45:23.247295461,944540.9162984734
C07768,retail,18,F,Veracruz,Student,2022-04-04 01:01:44.651013630,221176.71933448187
C07769,retail,56,M,Jalisco,Consultant,2022-12-24 02:22:38.584697981,585170.0182334112
C07770,retail,60,F,Coahuila,Retired,2022-10-03 21:26:07.308593630,401380.76762944285
C07771,retail,36,F,Campeche,Business Owner,2021-05-02 06:28:42.682695029,2319938.7753568967
C07772,retail,44,F,Veracruz,Doctor,2021-02-15 00:47:34.379922143,889203.0950648694
C07773,retail,31,M,Nuevo León,Business Owner,2023-03-10 13:56:33.100616745,1218755.5792417158
C07774,retail,18,M,Guanajuato,Student,2025-08-14 15:02:24.832047666,260173.66770930582
C07775,retail,33,F,México,Teacher,2022-03-17 01:44:18.983448788,392961.2025997442
C07776,retail,35,F,San Luis Potosí,Government Employee,2021-01-03 02:37:20.902295705,774608.1712921592
C07777,retail,37,M,Michoacán,Teacher,2023-11-02 19:39:07.113455773,519321.08741975995
C07778,retail,30,M,Chihuahua,Engineer,2022-07-14 23:26:55.075559717,1131025.5963420488
C07779,retail,33,M,Guerrero,Doctor,2021-12-20 11:45:33.082888975,1358019.711563047
C07780,retail,41,M,Colima,Engineer,2023-03-12 07:11:03.943344944,605960.5742335324
C07781,retail,32,M,Sinaloa,Student,2025-02-13 00:00:50.537770577,253219.99589315482
C07782,retail,48,F,Zacatecas,Consultant,2024-01-10 02:31:05.377138841,1479690.7771549877
C07783,retail,50,M,Sinaloa,Student,2023-06-15 03:17:07.975898593,283447.4017346888
C07784,retail,70,M,Durango,Retired,2024-07-07 10:31:54.415998922,538431.1841447675
C07785,SME,55,F,Guanajuato,Engineer,2020-12-29 15:42:49.972256172,598500.0929940125
C07786,retail,44,M,Ciudad de México,Teacher,2021-07-03 06:30:56.605097546,403379.94998755306
C07787,retail,34,F,Sonora,Teacher,2025-03-31 12:49:31.709254195,555040.2191031071
C07788,SME,45,F,Morelos,Teacher,2023-12-06 15:15:44.928886582,664777.8616998408
C07789,retail,45,F,Tamaulipas,Retired,2024-05-05 21:31:16.818341001,651188.9265936147
C07790,retail,35,F,Jalisco,Business Owner,2025-05-20 22:31:33.823178746,2244500.7642338723
C07791,retail,51,F,Baja California Sur,Retired,2022-05-27 08:36:15.131997374,623803.8200475159
C07792,retail,25,M,Ciudad de México,Government Employee,2020-08-05 16:42:08.058600127,657902.0398944195
C07793,retail,39,F,Oaxaca,Government Employee,2021-10-29 22:13:47.232370865,625040.4054583202
C07794,retail,48,F,Sonora,Teacher,2022-05-28 17:07:27.907681642,440355.205655561
C07795,retail,38,M,Tamaulipas,Accountant,2021-02-10 09:19:20.725023455,874742.6341178044
C07796,retail,39,M,Nayarit,Engineer,2021-08-25 10:09:28.422328016,919718.9288091185
C07797,SME,40,F,Morelos,Teacher,2025-04-28 16:07:19.527274168,449865.90887898975
C07798,retail,31,F,Veracruz,Lawyer,2023-06-04 08:05:05.883609532,1515406.5874015463
C07799,retail,56,M,Chiapas,Government Employee,2022-05-25 19:52:37.902177505,565542.2159034141
C07800,retail,29,F,Veracruz,Engineer,2025-03-04 19:57:54.561597974,909071.6904318845
C07801,retail,45,F,Oaxaca,Freelancer,2021-05-31 18:29:14.984647637,592383.3024727966
C07802,retail,46,F,Zacatecas,Student,2020-04-27 00:50:19.043020050,194025.31679221644
C07803,corporate,30,F,Puebla,Sales,2022-03-01 10:53:36.263315120,354776.5053713999
C07804,retail,42,M,Tabasco,Engineer,2025-05-23 19:16:06.082295615,959717.8673554218
C07805,retail,31,F,Puebla,Retired,2024-03-09 19:15:04.586273488,615051.3363599058
C07806,retail,58,F,San Luis Potosí,Engineer,2023-08-22 14:03:24.434671876,827924.5436121031
C07807,retail,28,F,Chihuahua,Consultant,2022-11-23 23:28:29.169794437,988381.1122757483
C07808,retail,34,F,Baja California Sur,Lawyer,2023-11-17 06:35:13.370787824,1003797.3141144686
C07809,retail,27,M,Michoacán,Accountant,2025-06-12 10:21:36.160338813,818353.7052260028
C07810,retail,25,M,México,Consultant,2020-10-23 16:04:14.240466031,1201534.638026375
C07811,retail,61,M,Sinaloa,Retired,2023-01-26 13:01:18.266275588,250332.4182245166
C07812,retail,48,F,Colima,Freelancer,2020-05-08 02:11:11.001131654,971472.7461982131
C07813,retail,43,F,Ciudad de México,Teacher,2025-09-27 17:58:29.151349944,356927.317447842
C07814,retail,34,M,Campeche,Freelancer,2021-01-20 06:55:24.105203736,874810.7564050595
C07815,retail,52,F,Zacatecas,Retired,2024-04-25 13:34:42.320042435,404896.6044991124
C07816,retail,32,F,Hidalgo,Freelancer,2025-09-01 05:36:17.590236329,778003.1642682602
C07817,retail,51,M,San Luis Potosí,Engineer,2024-04-21 07:11:46.055445374,1098583.0186580983
C07818,SME,31,M,Tabasco,Lawyer,2023-05-15 21:01:36.349511381,785127.2703621393
C07819,SME,34,M,Baja California Sur,Consultant,2020-09-08 18:16:59.871691437,1666453.5881905
C07820,retail,51,F,Puebla,Business Owner,2020-06-15 11:35:00.538310542,864726.3723830753
C07821,retail,52,F,Veracruz,Lawyer,2022-08-30 21:20:02.653809480,1705643.2181598863
C07822,retail,49,M,Coahuila,Student,2020-07-08 05:16:57.217558230,204190.58533670526
C07823,retail,29,M,Michoacán,Business Owner,2025-03-16 11:09:02.438001316,4115979.6804191503
C07824,retail,36,F,Morelos,Sales,2020-12-14 22:28:20.582983248,293693.38782534236
C07825,retail,43,F,Veracruz,Accountant,2023-05-24 07:59:17.958894668,628934.2216685172
C07826,retail,31,F,Morelos,Government Employee,2022-03-15 18:20:59.565132967,743483.8102246058
C07827,SME,58,M,Nuevo León,Doctor,2025-01-09 07:50:04.075652238,1261177.930241553
C07828,retail,18,M,Oaxaca,Student,2025-01-21 22:10:43.537032528,263857.8500079542
C07829,retail,32,F,Yucatán,Lawyer,2025-01-17 16:33:53.936986208,1021031.2411231024
C07830,retail,35,M,Morelos,Student,2021-09-03 21:03:23.748362105,259921.65335472338
C07831,retail,18,M,San Luis Potosí,Student,2023-06-27 20:56:36.200180097,231420.60073295905
C07832,retail,25,F,Baja California,Consultant,2025-10-02 06:17:18.426856843,1348880.4485400356
C07833,retail,49,F,Tabasco,Teacher,2020-02-14 00:09:48.725328666,518891.1431471848
C07834,retail,42,F,Chiapas,Teacher,2024-11-04 01:39:34.397721089,367256.1146045447
C07835,retail,60,F,Michoacán,Freelancer,2020-08-25 00:37:20.631923209,1046599.1062653795
C07836,retail,60,M,Tlaxcala,Sales,2024-01-13 10:45:25.429440715,813642.6114619492
C07837,retail,47,M,Veracruz,Accountant,2024-04-13 12:19:48.624312008,542607.9561383247
C07838,retail,45,M,Querétaro,Government Employee,2021-07-28 18:45:28.138283020,591573.8576756003
C07839,retail,42,F,Guanajuato,Government Employee,2023-12-17 00:45:29.538103581,625413.5041599474
C07840,retail,18,M,Querétaro,Student,2023-03-31 02:46:36.843966791,245871.19093697163
C07841,retail,25,F,Chihuahua,Teacher,2024-12-18 02:50:00.563853747,308909.064302266
C07842,retail,43,M,Guanajuato,Retired,2022-03-11 01:05:54.709902826,591467.5693785668
C07843,retail,49,F,Aguascalientes,Teacher,2025-02-01 05:06:55.544196021,644784.1849280521
C07844,retail,45,F,Nuevo León,Engineer,2025-08-23 20:26:17.682596950,599535.8566398018
C07845,retail,31,F,Baja California Sur,Teacher,2023-03-02 13:49:09.646207293,658652.4773376164
C07846,retail,53,M,Colima,Consultant,2021-09-27 17:39:57.957812412,1776369.1755276518
C07847,retail,59,F,Querétaro,Doctor,2021-07-26 00:06:22.909309772,1179580.2672547023
C07848,retail,53,M,Nayarit,Sales,2020-08-31 00:49:20.070797345,428575.88627221546
C07849,retail,53,F,Hidalgo,Business Owner,2021-09-20 17:45:05.352155253,1592205.8068951843
C07850,retail,35,F,Veracruz,Consultant,2025-08-28 04:00:09.813532187,1233688.6534190008
C07851,retail,54,M,Aguascalientes,Sales,2024-09-26 13:08:51.008755442,579683.2021760631
C07852,retail,43,F,Oaxaca,Engineer,2024-02-08 03:38:32.722896597,956308.4936808795
C07853,retail,48,F,Morelos,Retired,2021-12-17 14:04:38.216777253,610737.6562940036
C07854,retail,46,F,Chiapas,Freelancer,2023-06-20 23:36:17.377294032,1134500.8044647672
C07855,retail,40,F,Guerrero,Student,2021-09-23 16:04:36.193208448,275554.50354447623
C07856,retail,31,M,Guanajuato,Freelancer,2020-04-29 07:08:58.787725523,1109046.2315814265
C07857,retail,41,M,San Luis Potosí,Teacher,2023-01-28 16:42:23.721645632,499747.8991365116
C07858,retail,53,M,Sonora,Engineer,2024-09-21 16:40:10.511559743,527219.2546278985
C07859,retail,36,F,Nayarit,Business Owner,2020-06-30 01:01:57.960658089,922869.8280086652
C07860,retail,52,M,Colima,Doctor,2022-04-18 14:15:13.457934109,987941.5364529071
C07861,retail,50,F,Tlaxcala,Doctor,2021-03-05 10:58:33.608658070,1229790.9658546862
C07862,retail,38,F,San Luis Potosí,Consultant,2025-06-05 01:52:56.459111384,1002836.5602943487
C07863,retail,58,F,Querétaro,Government Employee,2025-02-20 07:06:49.970027792,416300.75936006877
C07864,retail,37,M,San Luis Potosí,Retired,2021-07-03 11:32:54.440390682,632723.6440156563
C07865,retail,60,M,Hidalgo,Teacher,2020-10-10 01:18:53.970296965,693998.8937559405
C07866,SME,47,M,Baja California,Accountant,2023-03-08 07:57:26.477210076,411649.08532741154
C07867,retail,41,M,Quintana Roo,Lawyer,2022-08-17 13:48:52.069583735,707309.000292513
C07868,retail,31,M,Michoacán,Engineer,2021-05-26 01:14:56.356302025,849537.6281620506
C07869,retail,40,M,Guerrero,Sales,2025-08-12 06:59:01.797633878,469484.0487585607
C07870,retail,39,F,Colima,Sales,2024-06-30 17:44:36.696616831,758399.071506006
C07871,retail,26,M,Campeche,Consultant,2020-04-01 23:24:36.835701470,1481453.9602577086
C07872,retail,39,M,Jalisco,Engineer,2023-12-24 18:23:31.296571881,547957.3243781233
C07873,SME,32,M,Ciudad de México,Business Owner,2023-01-08 21:04:34.677015736,3042998.3516323958
C07874,retail,49,M,Guanajuato,Sales,2024-12-08 17:06:59.875382495,468746.49088745343
C07875,retail,57,M,Michoacán,Lawyer,2020-08-11 14:00:03.072126591,1758136.1130796676
C07876,retail,27,M,Chihuahua,Business Owner,2020-06-27 18:09:38.189675672,2743700.385254894
C07877,retail,62,F,Guerrero,Doctor,2024-05-26 05:16:57.922438499,1449365.5241851213
C07878,retail,40,M,Nuevo León,Government Employee,2022-06-16 22:15:58.469413147,321122.24355314637
C07879,retail,30,F,Michoacán,Consultant,2020-10-05 09:04:09.900221152,654912.102919792
C07880,retail,51,M,Hidalgo,Sales,2025-07-13 10:53:47.593121130,501075.26093285764
C07881,retail,36,F,Campeche,Sales,2020-07-23 20:34:00.779017650,826522.7457628283
C07882,retail,41,F,Guerrero,Government Employee,2023-06-14 08:19:05.925754196,681223.4002052441
C07883,retail,37,F,Campeche,Sales,2024-11-18 17:26:19.504027765,785692.1653139705
C07884,retail,32,F,Morelos,Doctor,2022-12-25 04:04:03.350029835,998471.0270460362
C07885,retail,50,M,Jalisco,Government Employee,2021-03-28 23:48:54.006011982,378046.123577485
C07886,retail,38,M,Tlaxcala,Accountant,2020-06-17 00:11:14.153784121,572227.420565218
C07887,retail,24,M,Sonora,Engineer,2024-01-07 12:08:10.758881302,951713.0330858327
C07888,retail,48,M,Morelos,Sales,2022-09-03 19:26:23.799505028,816421.9859066218
C07889,retail,27,M,Aguascalientes,Business Owner,2021-08-14 19:07:07.802268420,2656497.566192031
C07890,retail,28,F,Oaxaca,Accountant,2024-10-30 19:58:01.524571306,535531.064674685
C07891,retail,56,M,Aguascalientes,Accountant,2021-06-05 22:55:49.973478525,846329.0697503472
C07892,retail,27,M,Veracruz,Sales,2025-12-30 02:16:56.056548865,378007.2782325377
C07893,retail,18,M,Querétaro,Student,2022-04-20 17:55:20.312521419,248435.09455870412
C07894,retail,49,F,Veracruz,Lawyer,2020-07-21 09:31:24.662405338,722750.1695147976
C07895,retail,38,F,Baja California,Business Owner,2022-01-08 05:27:35.495729880,4187881.6041401755
C07896,retail,39,F,Morelos,Accountant,2024-06-10 06:47:51.658508592,963617.4648555397
C07897,retail,38,M,Zacatecas,Business Owner,2023-10-08 22:32:28.713175535,3027399.1828259984
C07898,retail,44,M,Quintana Roo,Engineer,2020-10-26 21:00:37.060518584,526727.862535421
C07899,retail,32,F,Querétaro,Government Employee,2022-11-25 19:31:43.234466198,496130.07147795125
C07900,retail,59,M,Aguascalientes,Freelancer,2021-10-24 12:09:25.944395307,338284.98954890296
C07901,retail,24,F,Guerrero,Teacher,2023-11-04 01:44:50.161505345,509382.858683019
C07902,retail,47,M,Hidalgo,Teacher,2024-08-13 00:49:46.255037970,340693.8226426751
C07903,retail,49,M,Jalisco,Business Owner,2020-01-19 21:31:56.987477239,4439824.845324589
C07904,retail,32,F,Durango,Retired,2024-11-02 09:19:47.577538656,632574.7799340414
C07905,retail,29,F,Guerrero,Business Owner,2021-04-12 15:59:29.811192927,1371221.8778913892
C07906,corporate,54,F,Sinaloa,Freelancer,2021-03-05 16:06:44.671432401,894888.7298949335
C07907,retail,30,M,Querétaro,Sales,2021-05-06 17:42:21.319678088,702727.8338901947
C07908,retail,34,F,Nayarit,Doctor,2020-01-02 19:11:03.867106351,1077728.4740037029
C07909,retail,52,M,Coahuila,Accountant,2021-07-01 08:54:56.102007283,507099.5173383032
C07910,retail,42,M,Nuevo León,Government Employee,2023-06-16 22:06:08.236196113,392475.53768750536
C07911,retail,20,M,Veracruz,Student,2023-12-02 16:42:05.996714485,268737.85365405935
C07912,retail,62,F,México,Retired,2020-08-12 10:56:54.570293185,349080.05641309824
C07913,retail,35,F,Coahuila,Sales,2024-12-29 17:31:24.306970944,642245.5460529616
C07914,retail,37,M,Jalisco,Retired,2022-12-10 06:16:38.754530199,639647.5933238493
C07915,retail,45,F,Ciudad de México,Retired,2025-04-26 02:42:42.217402941,516895.3402895944
C07916,retail,49,M,Chiapas,Freelancer,2021-09-07 19:27:44.503737314,1173963.3150606903
C07917,retail,65,M,Aguascalientes,Business Owner,2022-09-17 12:52:57.902333756,3475658.784665687
C07918,retail,22,F,Michoacán,Student,2023-07-16 11:02:13.477614741,217752.68821485824
C07919,retail,51,F,Chiapas,Lawyer,2025-11-03 21:13:36.266110854,1622961.6505865245
C07920,retail,50,F,San Luis Potosí,Engineer,2023-01-04 14:34:00.658899221,717638.9708014374
C07921,retail,40,F,Colima,Retired,2024-09-12 07:32:43.225616948,687207.6423552418
C07922,retail,51,M,Nuevo León,Sales,2020-01-10 10:21:04.254644377,560526.2420214522
C07923,retail,53,F,Oaxaca,Teacher,2024-06-21 04:12:17.572459669,681299.780551981
C07924,retail,25,F,Guerrero,Freelancer,2025-03-21 08:15:36.639616057,383598.4207197095
C07925,SME,62,M,Colima,Business Owner,2020-09-19 04:17:41.689024223,749013.5838857822
C07926,retail,23,F,Colima,Freelancer,2021-12-21 18:26:06.381960081,396131.49208995095
C07927,retail,28,F,Quintana Roo,Sales,2024-08-10 17:04:25.884646687,313939.5376248323
C07928,retail,38,M,Chihuahua,Lawyer,2023-11-11 20:04:55.065683421,1480747.960839917
C07929,retail,65,F,Oaxaca,Sales,2020-10-23 14:25:49.738702231,421954.94041100936
C07930,retail,38,M,Sonora,Consultant,2025-09-03 14:15:57.992134928,1459211.923658594
C07931,retail,41,F,Tlaxcala,Sales,2020-01-24 22:49:29.570983934,684627.7447666381
C07932,retail,59,M,Ciudad de México,Accountant,2021-07-30 08:31:26.119091976,881772.4265346292
C07933,retail,38,F,Baja California,Engineer,2021-11-14 08:44:17.230984644,1082826.5174920487
C07934,retail,27,F,Nayarit,Doctor,2024-02-26 23:06:05.953630685,904276.247040539
C07935,retail,36,M,Aguascalientes,Business Owner,2020-04-01 21:03:50.028047279,916995.3856822023
C07936,retail,58,M,Guanajuato,Teacher,2022-09-11 11:20:15.754196576,311882.0821201321
C07937,retail,42,F,México,Government Employee,2021-09-24 21:08:31.898884719,372653.10647146945
C07938,retail,65,F,Guerrero,Government Employee,2025-07-31 20:47:23.171137380,565430.2543422331
C07939,retail,50,F,Baja California Sur,Engineer,2020-03-17 00:30:45.826122174,1177164.1244526883
C07940,retail,34,M,Nuevo León,Student,2021-02-05 18:15:59.526318095,222387.36495960242
C07941,retail,42,M,Oaxaca,Business Owner,2024-09-14 13:43:45.826796123,2647569.048067215
C07942,retail,31,F,Zacatecas,Sales,2025-08-20 03:43:46.264154886,779358.6824577128
C07943,SME,33,F,Nuevo León,Government Employee,2022-01-29 19:12:44.935966319,943019.5321916995
C07944,retail,85,M,Durango,Retired,2025-11-27 00:01:19.935805349,687149.6478644947
C07945,retail,54,F,Michoacán,Sales,2020-05-26 21:00:43.601866479,787194.1224856683
C07946,retail,52,M,Chihuahua,Engineer,2025-01-18 11:46:42.325442533,851761.7431496345
C07947,retail,34,M,Ciudad de México,Freelancer,2021-07-16 08:26:52.541796961,429476.6773123632
C07948,retail,60,F,Colima,Retired,2023-06-30 06:24:35.180510866,519265.7286351819
C07949,SME,55,M,Querétaro,Engineer,2022-06-04 18:04:52.370414098,637756.7295249989
C07950,retail,64,M,Michoacán,Lawyer,2024-12-05 21:54:17.277814531,666869.7344237863
C07951,SME,63,F,Colima,Doctor,2024-12-26 10:54:14.206819531,1443548.6739538
C07952,retail,24,M,San Luis Potosí,Lawyer,2020-03-09 02:38:03.517266615,1181748.851889566
C07953,retail,28,F,Zacatecas,Engineer,2025-09-19 03:13:35.577783775,855768.6649612195
C07954,retail,29,F,Sonora,Government Employee,2020-01-14 15:19:03.299470160,726453.9274637497
C07955,retail,30,F,Querétaro,Lawyer,2020-11-29 05:04:05.780732171,1141690.7203353655
C07956,retail,45,M,Nayarit,Lawyer,2022-05-10 17:46:22.837354398,1133317.0023119287
C07957,retail,35,M,Chiapas,Doctor,2025-02-19 23:14:11.541842948,1440602.6374404181
C07958,retail,66,F,Oaxaca,Retired,2025-04-14 10:40:55.231786136,617446.5745781568
C07959,retail,64,M,Guerrero,Business Owner,2023-08-05 10:35:04.152745714,1614146.665930449
C07960,retail,41,F,Chihuahua,Retired,2024-12-22 10:27:45.012203731,381300.224926881
C07961,retail,65,F,Baja California,Teacher,2021-05-28 16:46:08.714102660,564249.7166743816
C07962,retail,59,M,Campeche,Government Employee,2021-06-10 18:08:48.968849372,699764.9144062446
C07963,retail,36,F,Michoacán,Doctor,2024-01-18 01:35:18.343328366,1336312.3137990423
C07964,retail,18,F,Tlaxcala,Student,2022-05-23 02:16:06.873750522,267316.64219887974
C07965,retail,39,M,San Luis Potosí,Teacher,2024-04-10 18:45:14.673500391,583419.5935256965
C07966,retail,34,M,Jalisco,Freelancer,2020-06-15 05:44:22.458409007,1080218.791098427
C07967,retail,44,F,Morelos,Freelancer,2020-04-02 04:34:08.673318911,966553.8607684101
C07968,retail,43,M,Nuevo León,Teacher,2022-07-08 01:31:16.846624937,397139.1982633233
C07969,retail,42,M,Yucatán,Government Employee,2023-05-25 13:23:59.663136415,910986.9121513475
C07970,retail,48,M,Campeche,Teacher,2022-06-03 00:44:26.973680298,434213.21758596564
C07971,corporate,27,M,Nayarit,Freelancer,2023-12-27 01:45:14.085162461,1110895.3953625571
C07972,retail,46,F,Guerrero,Teacher,2022-05-18 12:44:23.133753074,629708.8101570794
C07973,retail,36,F,Baja California,Accountant,2024-03-11 20:41:54.763473470,451859.84677464346
C07974,SME,44,F,Chihuahua,Freelancer,2024-08-14 11:22:20.374636936,971281.3858799229
C07975,retail,53,F,Chihuahua,Engineer,2025-08-16 12:23:01.504495266,850080.3797685618
C07976,retail,27,F,Baja California Sur,Business Owner,2025-03-14 13:33:54.929652081,4901585.837598349
C07977,SME,38,M,Colima,Engineer,2023-07-01 10:05:31.753029873,820893.7136252492
C07978,retail,40,M,Guerrero,Engineer,2021-10-25 13:30:27.132083138,546905.4904137094
C07979,retail,35,F,Baja California Sur,Accountant,2022-05-22 06:27:02.223423977,605195.8872875145
C07980,retail,52,M,Baja California,Business Owner,2020-06-24 08:37:05.917192313,2549900.9533451963
C07981,retail,33,F,Puebla,Doctor,2020-01-29 15:17:29.592123389,1214342.9665109592
C07982,retail,35,M,Tlaxcala,Business Owner,2022-10-16 16:33:58.573525988,1354055.0231769881
C07983,retail,33,F,Quintana Roo,Retired,2021-12-23 10:01:53.652795179,481787.69735346665
C07984,retail,55,F,Aguascalientes,Consultant,2025-08-07 14:13:14.855112515,1225209.6866073092
C07985,retail,36,M,Nayarit,Lawyer,2024-03-20 18:52:56.426442573,1603995.9060680917
C07986,retail,47,M,Nayarit,Accountant,2025-10-26 05:31:27.981059927,611682.339973626
C07987,retail,65,M,Colima,Student,2023-11-17 08:42:20.047203233,233942.54279431107
C07988,retail,41,M,Sonora,Retired,2020-06-04 18:48:22.668953605,424876.0872549955
C07989,retail,55,M,Querétaro,Accountant,2023-06-29 22:22:41.884419460,842562.5917627555
C07990,retail,62,F,Jalisco,Freelancer,2020-01-04 16:28:58.973826164,1036189.8208607564
C07991,retail,54,M,Tlaxcala,Accountant,2021-09-10 21:21:16.400199622,872937.56833086
C07992,retail,41,M,Hidalgo,Teacher,2024-05-08 04:25:14.300394486,486020.0633354082
C07993,retail,49,M,México,Retired,2020-01-04 02:38:15.822110591,537024.0006029895
C07994,retail,26,F,México,Sales,2022-09-28 22:41:19.882623137,459458.897746969
C07995,retail,32,M,Hidalgo,Accountant,2025-12-26 08:42:08.760943154,500870.0333343381
C07996,retail,34,F,Campeche,Accountant,2020-03-08 16:22:44.046836729,623802.8668312726
C07997,retail,68,F,Campeche,Retired,2025-04-16 16:30:06.026036989,449660.7483596198
C07998,retail,32,M,Chiapas,Engineer,2025-02-21 18:22:12.795706795,807485.8923667963
C07999,SME,32,M,Baja California Sur,Sales,2025-05-27 11:03:34.446859131,729441.5452115289
C08000,retail,29,F,Guerrero,Engineer,2025-07-27 16:10:04.189977958,1155442.688984037
C08001,retail,48,M,Veracruz,Government Employee,2025-02-17 21:16:47.754790647,572271.9707725887
C08002,retail,43,M,Oaxaca,Teacher,2024-01-26 07:09:09.965087741,334579.4939577615
C08003,retail,55,F,Guerrero,Business Owner,2021-07-10 13:45:17.774557382,843676.7281338772
C08004,SME,50,M,Oaxaca,Engineer,2020-03-20 01:21:29.940447089,502766.9433015552
C08005,retail,25,M,Coahuila,Student,2023-04-21 07:51:49.289685861,292572.9563097097
C08006,retail,32,F,Coahuila,Student,2021-05-26 08:46:29.304184253,299476.99779436365
C08007,retail,58,M,Aguascalientes,Business Owner,2020-12-07 09:03:50.194624529,920951.5848763415
C08008,retail,39,F,Guerrero,Business Owner,2021-09-26 03:16:42.605594992,2240297.7850932544
C08009,retail,56,M,Baja California Sur,Engineer,2021-09-25 18:41:50.062586369,968542.2654518727
C08010,retail,40,F,México,Doctor,2024-01-09 06:35:40.329230770,925261.9583445723
C08011,retail,30,F,Ciudad de México,Retired,2023-06-05 23:46:10.748507561,517497.3291295406
C08012,retail,38,M,Querétaro,Accountant,2020-01-04 05:17:36.574222722,969532.9655050423
C08013,retail,30,F,Querétaro,Accountant,2020-10-10 23:22:42.250484167,1000661.3588844426
C08014,retail,35,F,Oaxaca,Business Owner,2022-07-22 02:16:56.265319838,3737609.6182169085
C08015,retail,44,M,Sonora,Consultant,2025-01-22 15:15:00.226163026,622646.3476875217
C08016,retail,48,F,Ciudad de México,Government Employee,2024-10-17 17:42:11.530263775,543877.397599323
C08017,retail,22,M,Yucatán,Student,2024-09-19 12:03:25.577104145,296082.10055530875
C08018,retail,41,F,Jalisco,Sales,2022-02-28 07:54:14.611410126,375290.9838621932
C08019,retail,34,F,Tamaulipas,Accountant,2025-02-26 22:39:24.372049143,717748.7054260683
C08020,retail,34,M,Zacatecas,Engineer,2024-11-30 09:55:15.608091572,733924.1884360091
C08021,retail,43,M,Baja California Sur,Government Employee,2024-11-22 09:27:27.017830576,443877.0048233565
C08022,retail,35,M,Colima,Government Employee,2021-01-19 17:36:11.967226021,526475.5848225405
C08023,retail,58,F,Tlaxcala,Government Employee,2022-06-30 16:15:13.257409883,432663.2612023944
C08024,retail,56,M,Chihuahua,Retired,2023-08-05 11:56:09.509694832,644764.886603595
C08025,retail,56,F,Guerrero,Sales,2025-06-04 02:50:29.013352517,363388.30887992884
C08026,retail,36,M,Baja California,Doctor,2023-05-24 13:13:04.884008335,1236481.5414204344
C08027,retail,30,F,Baja California Sur,Freelancer,2025-12-08 14:47:40.259140993,1142316.5551267073
C08028,retail,42,F,Jalisco,Freelancer,2023-08-18 06:59:33.008767828,1152646.660273581
C08029,retail,40,F,Morelos,Government Employee,2025-05-29 04:43:31.891801166,720297.8680550432
C08030,retail,34,F,Baja California Sur,Freelancer,2024-06-11 12:28:05.843981388,470896.194164893
C08031,retail,27,M,Campeche,Business Owner,2022-03-18 07:45:18.127164600,1765960.8365639057
C08032,retail,41,M,México,Lawyer,2024-07-07 04:59:29.872214457,1496965.5627888995
C08033,retail,37,F,Veracruz,Doctor,2020-08-30 18:48:12.771578937,1486496.1080582833
C08034,retail,50,M,Querétaro,Freelancer,2022-09-29 19:55:20.953164546,277595.0565461619
C08035,retail,49,F,Sonora,Business Owner,2025-04-22 15:32:15.774438410,4094715.6893399428
C08036,retail,55,F,Veracruz,Sales,2025-07-14 05:54:22.294882363,329940.6197027141
C08037,retail,26,F,Coahuila,Consultant,2021-05-07 21:24:34.743255354,947278.3188310403
C08038,retail,46,M,Nuevo León,Lawyer,2022-06-04 19:15:46.902897842,1279948.9490003618
C08039,retail,33,M,Jalisco,Government Employee,2021-08-24 17:31:42.523911564,508057.58535088866
C08040,SME,27,F,Michoacán,Student,2024-09-18 19:26:24.627260764,258031.99125478248
C08041,SME,36,M,Tabasco,Teacher,2025-10-18 01:48:40.330899113,466878.7670444702
C08042,retail,54,F,Hidalgo,Sales,2021-11-20 03:35:15.492012167,392424.1456078165
C08043,retail,37,M,Quintana Roo,Doctor,2022-10-16 12:32:02.479113005,1171652.05442884
C08044,retail,60,M,Tlaxcala,Student,2022-12-05 02:47:35.020038104,182881.1922287385
C08045,retail,48,M,Oaxaca,Consultant,2022-09-29 16:40:30.388148736,1611618.2659468884
C08046,retail,37,F,Morelos,Student,2021-01-23 20:22:21.423641341,242675.1862215305
C08047,retail,55,F,Morelos,Consultant,2024-08-23 02:35:58.281161619,1920051.42369274
C08048,retail,47,F,San Luis Potosí,Consultant,2025-10-09 06:16:19.203526592,654184.3066194551
C08049,retail,30,F,Durango,Engineer,2022-12-10 03:48:35.737265474,1012605.2990521486
C08050,retail,64,F,Coahuila,Teacher,2022-12-31 08:07:35.827960904,420380.4585319444
C08051,retail,45,F,Oaxaca,Lawyer,2021-12-19 18:34:57.566623366,1047778.7931622802
C08052,retail,42,M,Morelos,Engineer,2020-04-22 20:51:32.154249216,743941.054087909
C08053,SME,31,F,Querétaro,Doctor,2025-11-21 16:55:03.271191435,1050615.700523097
C08054,retail,56,M,Tabasco,Lawyer,2023-02-07 23:37:14.659481578,1117002.3745274807
C08055,retail,48,F,Guerrero,Government Employee,2025-11-21 18:58:02.015483209,314703.416648056
C08056,retail,49,F,Guanajuato,Doctor,2022-02-12 19:29:37.616760956,1392730.996421365
C08057,retail,35,M,Durango,Accountant,2023-10-30 11:18:50.599727515,1017258.0416663118
C08058,retail,52,M,Quintana Roo,Consultant,2022-01-16 04:32:21.242347756,559334.8419507457
C08059,retail,52,F,Querétaro,Freelancer,2020-10-16 21:09:00.555176590,976003.9695940427
C08060,retail,33,M,Tamaulipas,Government Employee,2023-11-24 04:57:59.962148266,350590.8990665745
C08061,retail,24,F,Querétaro,Business Owner,2023-12-05 04:31:00.647998398,4173599.280437399
C08062,retail,48,M,Colima,Student,2021-09-20 02:30:52.844081037,253559.13960639518
C08063,SME,23,F,Veracruz,Student,2025-05-11 06:29:36.460513119,216762.63775328823
C08064,retail,43,M,México,Consultant,2021-08-17 16:00:20.885116510,1420824.512342851
C08065,SME,36,F,Querétaro,Teacher,2025-07-29 15:29:44.389463769,502658.9482363536
C08066,retail,56,M,Nayarit,Engineer,2020-04-16 06:30:15.823649173,945029.0131230166
C08067,retail,37,M,Quintana Roo,Sales,2020-12-28 22:36:08.700337944,558992.1310708595
C08068,retail,55,M,Hidalgo,Engineer,2020-03-09 03:27:11.070520709,1041012.9870349056
C08069,retail,35,M,Sonora,Sales,2021-06-09 10:45:23.386727941,279425.24457420537
C08070,retail,53,M,Michoacán,Business Owner,2020-10-20 20:46:43.120926186,2180414.2716684276
C08071,retail,66,F,Veracruz,Retired,2025-06-18 20:33:06.932364397,501679.5959257521
C08072,retail,29,M,Hidalgo,Government Employee,2024-09-20 03:20:09.664648798,711770.7099906967
C08073,retail,45,F,Campeche,Government Employee,2025-08-26 08:27:56.588930060,418681.6604337659
C08074,retail,74,M,Guanajuato,Retired,2023-03-31 20:39:17.200940977,283538.3965535871
C08075,retail,42,F,Tabasco,Business Owner,2021-06-01 09:59:38.987084363,790208.0889434175
C08076,retail,42,M,Nuevo León,Lawyer,2021-06-03 11:38:10.992047126,1095616.762697146
C08077,retail,51,F,Colima,Retired,2022-11-18 07:46:39.577945804,398674.5598982775
C08078,retail,42,F,Durango,Consultant,2022-11-23 01:10:32.123629436,1351712.5578440474
C08079,retail,21,M,Guerrero,Student,2025-07-17 11:42:17.329064761,233942.2297433045
C08080,retail,55,M,Tamaulipas,Teacher,2023-03-15 15:59:06.692829894,457627.6160267551
C08081,retail,18,M,Puebla,Student,2020-05-05 04:05:48.249015433,281199.3144860279
C08082,retail,36,M,Oaxaca,Business Owner,2021-05-19 13:03:55.970139985,3372520.0618262426
C08083,retail,56,M,Guanajuato,Freelancer,2021-04-09 02:35:41.964350433,846101.3765204594
C08084,retail,37,M,Oaxaca,Business Owner,2024-05-07 15:02:35.470992391,2341853.8234891295
C08085,retail,33,F,Puebla,Doctor,2022-12-01 22:18:32.233371116,1343791.7981242891
C08086,retail,52,M,Tamaulipas,Accountant,2025-07-16 17:37:00.770596606,506461.45190295053
C08087,SME,31,M,Campeche,Government Employee,2025-08-09 00:30:56.721051296,581400.9125968962
C08088,retail,27,M,Nuevo León,Freelancer,2024-11-10 06:49:18.303310580,247173.95224252203
C08089,retail,45,F,Oaxaca,Freelancer,2025-10-31 14:24:38.430644938,315437.4683021257
C08090,retail,39,M,Durango,Business Owner,2024-03-13 03:02:18.601171160,1050561.2633160497
C08091,retail,27,F,México,Student,2025-03-08 18:28:01.482395602,232972.77722466996
C08092,retail,49,F,Hidalgo,Freelancer,2023-04-09 05:24:37.000604529,897325.0545783342
C08093,retail,47,F,Hidalgo,Retired,2020-05-24 05:45:21.055688439,390713.8324889045
C08094,SME,37,M,Puebla,Government Employee,2022-10-14 07:03:41.046811676,318627.7698176645
C08095,retail,38,F,Tamaulipas,Government Employee,2021-01-07 11:17:28.711644880,795046.5819663553
C08096,SME,47,M,Nayarit,Engineer,2023-12-14 03:12:49.644117040,645203.3544506028
C08097,retail,56,F,Coahuila,Retired,2023-07-15 00:13:45.463346177,575204.3321904686
C08098,retail,38,F,Veracruz,Sales,2025-04-04 22:08:51.266529880,254780.5135795959
C08099,retail,49,M,Jalisco,Sales,2021-04-27 03:23:20.320303173,453022.6781078307
C08100,retail,48,F,Chiapas,Business Owner,2020-09-27 15:17:21.362747437,3371292.8308184883
C08101,retail,52,F,Ciudad de México,Retired,2024-10-21 07:15:06.537756278,642018.7178604931
C08102,corporate,42,M,Veracruz,Business Owner,2020-12-10 20:32:16.605044564,3942753.0571907363
C08103,retail,31,M,Querétaro,Business Owner,2021-08-13 12:34:37.327423979,2633365.245339649
C08104,retail,36,F,Tabasco,Consultant,2023-07-03 05:23:59.338325018,1577772.9227884735
C08105,retail,46,F,Morelos,Freelancer,2025-10-30 03:27:49.993558883,737541.9448273692
C08106,retail,63,F,Sinaloa,Doctor,2021-04-04 09:43:35.841456940,1369377.7026360296
C08107,retail,36,F,Zacatecas,Government Employee,2025-06-28 10:08:55.694563981,840446.6567534879
C08108,retail,51,M,Chiapas,Retired,2024-12-25 11:02:34.217375801,689134.451923282
C08109,retail,38,F,Yucatán,Lawyer,2021-04-30 19:57:49.872867475,725925.786109315
C08110,retail,43,F,Michoacán,Sales,2024-02-02 02:42:00.265281584,471458.5300504267
C08111,retail,60,M,Yucatán,Business Owner,2023-07-13 10:37:48.822379884,1527220.4559618575
C08112,retail,51,M,Ciudad de México,Freelancer,2021-12-03 21:53:53.589981688,830768.7143501185
C08113,SME,27,F,Morelos,Freelancer,2020-09-29 04:04:33.263035047,864028.361927549
C08114,retail,35,F,Veracruz,Retired,2021-04-02 05:10:11.839576809,341715.0115741564
C08115,retail,57,F,Nayarit,Government Employee,2025-12-07 04:59:15.045065906,595087.2415729405
C08116,retail,43,M,Baja California Sur,Freelancer,2020-12-01 23:09:09.524537064,802150.8247031281
C08117,retail,28,M,Tamaulipas,Doctor,2021-11-17 18:54:15.132530889,1261267.9000960863
C08118,retail,32,F,Chiapas,Consultant,2022-12-25 21:36:33.846929291,653970.5792657662
C08119,retail,50,F,Veracruz,Teacher,2021-07-30 18:18:01.747761901,668430.0522746386
C08120,retail,53,M,Querétaro,Teacher,2025-04-19 14:13:32.533927045,313633.28009775735
C08121,retail,42,F,Puebla,Teacher,2025-01-26 13:40:02.705795025,689177.9343635303
C08122,retail,71,F,Morelos,Retired,2023-07-15 18:53:53.155732705,392346.9354242701
C08123,retail,51,F,Oaxaca,Student,2023-09-03 16:27:00.700162263,217961.78507298284
C08124,retail,39,F,Querétaro,Retired,2024-05-25 16:13:13.229257635,450712.14398913836
C08125,retail,32,M,Campeche,Retired,2021-12-11 08:33:49.043185885,562731.9569115795
C08126,retail,30,F,Campeche,Engineer,2021-09-30 07:05:08.728702523,611721.4081811567
C08127,retail,46,M,Puebla,Government Employee,2023-01-27 13:31:11.442412273,478489.6009818106
C08128,SME,36,F,San Luis Potosí,Government Employee,2021-04-06 09:50:08.417044858,973101.8409250372
C08129,retail,62,M,Puebla,Retired,2024-05-20 09:31:18.525736291,644579.8414541595
C08130,retail,59,F,Coahuila,Engineer,2025-03-13 23:55:16.611064450,648674.3917503613
C08131,retail,49,F,Colima,Accountant,2024-12-10 20:27:27.095079423,801108.57767535
C08132,retail,27,F,Querétaro,Lawyer,2023-11-28 19:37:44.933815748,844322.304219507
C08133,SME,33,F,Querétaro,Student,2021-09-06 23:09:52.085534776,246007.90097334894
C08134,retail,57,M,Yucatán,Accountant,2025-12-14 19:29:55.800788836,656041.6722822853
C08135,retail,35,F,Yucatán,Freelancer,2025-10-31 01:24:01.389901586,562425.102313746
C08136,retail,55,M,Zacatecas,Retired,2020-01-14 17:00:32.704054679,535782.0683637339
C08137,retail,47,M,Veracruz,Engineer,2022-04-20 15:25:56.296851097,676288.8455577838
C08138,SME,42,F,Baja California,Student,2022-11-14 18:49:54.567743394,228511.55688299536
C08139,retail,33,F,Tlaxcala,Sales,2024-08-04 22:14:47.742948382,851419.1773710682
C08140,retail,40,F,Tlaxcala,Engineer,2022-09-26 04:14:52.182544018,1028756.1148923256
C08141,retail,44,F,Durango,Teacher,2025-05-22 15:01:38.456406411,453313.76059639204
C08142,retail,54,F,Chiapas,Lawyer,2024-12-28 04:10:29.568618329,876314.4690078615
C08143,retail,31,F,Morelos,Accountant,2021-07-04 07:29:39.530544500,861308.8002222558
C08144,retail,38,F,Sinaloa,Engineer,2021-09-27 14:55:53.603144216,1065383.5876184227
C08145,SME,42,F,Coahuila,Government Employee,2025-10-27 19:10:38.133951212,902536.137667074
C08146,retail,49,M,Baja California,Business Owner,2022-05-06 03:04:23.549138572,3126410.0677204155
C08147,retail,31,F,Chihuahua,Lawyer,2023-08-11 01:09:15.882546637,1220160.3452141513
C08148,SME,26,F,Durango,Engineer,2022-05-21 00:04:05.479149858,1003750.4005755369
C08149,retail,50,M,Ciudad de México,Freelancer,2025-08-31 09:26:22.163235121,375767.0094725862
C08150,retail,23,M,Tamaulipas,Sales,2022-08-13 21:39:43.571678540,803891.1601189626
C08151,retail,57,F,Zacatecas,Retired,2025-12-01 14:14:54.080418524,283265.6509437749
C08152,retail,40,M,Chiapas,Retired,2023-11-29 09:54:21.213117582,521358.20833772706
C08153,retail,23,M,Baja California Sur,Consultant,2023-08-18 22:14:20.480440096,1384540.8608119509
C08154,SME,36,M,Guanajuato,Lawyer,2025-01-20 01:19:32.749171713,972843.088928913
C08155,retail,46,M,Durango,Business Owner,2021-07-27 14:22:57.189883032,852490.3221303012
C08156,retail,35,F,Michoacán,Government Employee,2020-04-18 04:22:17.827413562,802499.1284174152
C08157,retail,42,M,Tabasco,Engineer,2023-03-20 09:14:56.642585527,516921.91038051253
C08158,retail,50,M,Zacatecas,Government Employee,2025-02-19 15:41:23.938203780,425728.3560239738
C08159,retail,39,F,Oaxaca,Retired,2020-03-07 03:15:04.187648061,494907.1168205397
C08160,retail,30,M,Nuevo León,Engineer,2025-05-04 23:49:21.254733415,1157989.0622856857
C08161,SME,38,F,Aguascalientes,Retired,2021-10-23 18:22:24.166298701,279670.14485705725
C08162,retail,58,F,Sonora,Sales,2021-08-02 14:45:43.646775971,626212.0873744274
C08163,retail,62,F,Veracruz,Government Employee,2023-04-16 06:52:08.135036769,530225.4532828042
C08164,retail,18,F,Guanajuato,Student,2020-09-18 13:27:33.399037042,260330.82599217855
C08165,retail,55,M,Tlaxcala,Business Owner,2020-12-26 04:39:40.849672379,4797508.860737582
C08166,retail,45,M,México,Lawyer,2023-02-20 15:02:37.428997104,922308.6473771685
C08167,retail,53,M,Coahuila,Retired,2024-04-12 09:09:59.406726194,680168.0991987993
C08168,retail,35,M,Colima,Freelancer,2025-04-21 17:46:17.383289755,1070627.17154356
C08169,retail,20,F,Michoacán,Student,2020-07-09 11:12:23.951549645,252847.31695576644
C08170,retail,49,M,Nayarit,Freelancer,2022-04-04 11:04:18.193050368,958237.4303251517
C08171,retail,30,F,San Luis Potosí,Sales,2023-12-04 23:56:02.619196392,812178.0677055503
C08172,retail,25,M,Tamaulipas,Freelancer,2023-07-14 11:16:30.175174158,1003469.4354267716
C08173,retail,26,M,Sinaloa,Government Employee,2022-10-26 22:30:06.626683946,528695.7066582558
C08174,retail,49,M,Quintana Roo,Sales,2021-10-16 19:32:20.349469127,778193.4625511165
C08175,retail,43,M,Guanajuato,Lawyer,2020-01-04 00:45:53.502072830,976222.9229830791
C08176,retail,51,F,Aguascalientes,Business Owner,2022-05-04 01:37:26.255214506,4428441.824140847
C08177,retail,50,F,Michoacán,Teacher,2025-01-13 12:12:05.313063673,402186.67572218063
C08178,retail,36,F,Campeche,Teacher,2021-12-25 12:16:51.123420333,528904.9160471577
C08179,retail,41,F,Quintana Roo,Consultant,2020-06-20 11:23:39.105514588,1539386.1597361364
C08180,retail,35,F,Chihuahua,Consultant,2021-11-09 16:12:32.798901276,1138687.2716645878
C08181,retail,39,F,Guanajuato,Sales,2024-08-18 06:07:23.660805180,758932.9049386347
C08182,retail,30,M,Veracruz,Retired,2023-12-31 15:39:37.282842593,666411.0826163201
C08183,retail,46,M,San Luis Potosí,Doctor,2021-07-19 05:12:42.243781927,930377.3520997752
C08184,corporate,54,F,Chihuahua,Business Owner,2023-05-19 23:22:53.972793601,843803.4356241617
C08185,retail,32,M,Durango,Retired,2021-12-02 18:56:42.281027008,531933.014132096
C08186,retail,57,M,Chihuahua,Freelancer,2020-05-29 05:32:20.032187698,802187.4647713864
C08187,retail,43,M,Durango,Retired,2025-10-20 03:53:09.457482747,403587.34546192107
C08188,SME,44,M,Querétaro,Doctor,2025-01-25 17:21:08.475234590,1349824.8691014382
C08189,retail,21,F,Quintana Roo,Student,2022-05-14 14:53:02.642259131,279137.9319865697
C08190,retail,20,M,Chiapas,Student,2025-01-01 08:05:53.745642127,219838.6136235943
C08191,retail,43,M,Tamaulipas,Consultant,2025-01-03 18:49:37.573257610,1523409.4316714483
C08192,retail,51,M,Tabasco,Student,2020-12-06 11:09:21.836955000,257043.6506230606
C08193,retail,33,F,Ciudad de México,Business Owner,2024-03-05 03:34:11.866481609,2173370.294100167
C08194,retail,62,F,Coahuila,Engineer,2020-04-27 01:50:47.178851320,1178404.7487397294
C08195,retail,50,M,Morelos,Doctor,2023-06-15 10:49:45.216220171,1042481.922289853
C08196,retail,31,F,Tabasco,Student,2022-08-11 21:24:06.261157944,254434.7030805095
C08197,retail,42,M,Guerrero,Business Owner,2024-09-24 05:25:38.492997211,2334543.9544926616
C08198,retail,71,F,Tamaulipas,Retired,2022-09-18 14:52:17.675666369,255324.87429991778
C08199,retail,27,F,Veracruz,Doctor,2024-02-21 11:15:42.615015939,864147.037975434
C08200,retail,48,F,Sinaloa,Business Owner,2024-03-10 08:36:03.169522367,1698960.4593226404
C08201,retail,38,M,Guanajuato,Accountant,2025-05-31 09:01:00.507870090,968518.5428675963
C08202,retail,50,M,Chihuahua,Engineer,2022-03-17 23:11:21.339649685,809445.8381330104
C08203,SME,57,M,Tabasco,Accountant,2025-02-06 21:03:18.809173405,812037.1536164416
C08204,retail,37,M,San Luis Potosí,Doctor,2025-07-03 04:19:05.640321639,1460700.5446783463
C08205,retail,55,M,Zacatecas,Teacher,2021-12-06 14:29:58.330922916,358809.6317027324
C08206,retail,68,M,Sinaloa,Retired,2020-01-28 09:37:53.155833245,637819.5781508674
C08207,retail,42,M,Guanajuato,Government Employee,2021-12-30 01:34:12.900106167,565465.5848100875
C08208,retail,51,F,Guanajuato,Lawyer,2021-09-23 16:35:17.451030328,1004976.3403155105
C08209,retail,34,M,Jalisco,Engineer,2025-04-12 07:17:58.467465480,937870.4291832743
C08210,retail,42,F,Michoacán,Lawyer,2020-04-24 15:29:59.654187454,1678367.1593032093
C08211,retail,39,F,Baja California,Retired,2020-12-31 08:40:24.180802514,406841.5091266661
C08212,retail,51,F,Baja California,Engineer,2020-11-16 21:30:05.556959070,1032986.5302396315
C08213,retail,56,F,Chiapas,Consultant,2024-09-01 05:25:01.754826784,528863.1460304814
C08214,retail,40,F,Jalisco,Business Owner,2022-09-27 02:19:11.399075269,3379337.556283952
C08215,retail,60,F,Puebla,Student,2025-04-24 04:10:07.124266484,255667.67089793872
C08216,retail,60,M,Tamaulipas,Retired,2024-12-13 13:22:39.991810548,500227.79018345306
C08217,retail,52,F,Durango,Business Owner,2024-05-17 09:48:41.368144728,4732638.222146753
C08218,retail,35,F,Durango,Retired,2020-12-31 18:51:45.494068305,672367.0145782855
C08219,retail,34,M,Nayarit,Government Employee,2025-01-12 13:18:05.814821593,539442.9558259821
C08220,retail,32,M,Sonora,Doctor,2025-08-20 17:17:11.362187160,1119455.4329852029
C08221,retail,53,F,Oaxaca,Engineer,2025-02-14 22:12:23.459107468,1054663.6776405978
C08222,retail,27,F,Ciudad de México,Teacher,2024-10-22 02:55:41.473207160,637565.404258706
C08223,retail,50,F,Campeche,Government Employee,2025-06-09 02:56:17.362967561,592578.5813546408
C08224,retail,29,M,Morelos,Engineer,2020-11-11 18:35:40.862290367,744318.964086913
C08225,retail,51,F,Puebla,Teacher,2021-03-12 03:22:03.115161815,628247.4325209812
C08226,retail,42,M,Baja California,Retired,2023-02-23 16:28:07.799731452,419591.64664738334
C08227,retail,58,F,Jalisco,Accountant,2021-12-12 05:42:00.696908339,683662.9400540295
C08228,retail,55,M,Querétaro,Lawyer,2020-04-15 22:23:07.405400239,762636.652857092
C08229,retail,59,F,Aguascalientes,Teacher,2021-06-20 14:10:12.974063589,517180.19796591165
C08230,retail,59,M,Quintana Roo,Doctor,2021-01-18 11:34:20.849928498,1028513.9722641966
C08231,retail,43,M,Coahuila,Retired,2020-07-28 12:11:13.317915995,515773.6188470251
C08232,retail,28,M,Yucatán,Doctor,2020-03-12 21:26:28.594927357,1113746.795433977
C08233,retail,29,M,Campeche,Student,2025-04-09 17:26:17.939384232,269777.12366809207
C08234,retail,18,F,Ciudad de México,Student,2025-10-13 00:09:55.100082814,213333.02243773302
C08235,retail,28,M,Baja California Sur,Engineer,2024-08-22 00:00:08.970940802,620399.8631646526
C08236,retail,42,M,Chiapas,Freelancer,2024-08-17 22:01:19.295649935,902960.4637341728
C08237,retail,35,M,Puebla,Accountant,2025-12-07 17:45:49.954537489,668889.4261433309
C08238,retail,39,F,San Luis Potosí,Teacher,2025-09-30 19:09:21.492146921,525441.9936179346
C08239,retail,47,M,Durango,Lawyer,2020-07-31 16:36:29.129199936,1729283.4241500979
C08240,retail,38,M,Durango,Teacher,2022-10-21 07:20:32.446459172,493637.9620849695
C08241,retail,28,F,Zacatecas,Doctor,2021-10-26 20:08:52.075796579,906674.6428648029
C08242,retail,41,F,Campeche,Accountant,2023-03-26 00:19:42.318563583,698692.8859368402
C08243,retail,31,F,Morelos,Teacher,2025-07-11 11:38:07.624225630,491412.8688638938
C08244,retail,38,F,Tabasco,Retired,2023-05-10 10:54:26.555504932,594691.0508734807
C08245,retail,58,M,Puebla,Student,2025-09-11 22:27:16.485386156,203422.78584785195
C08246,retail,38,F,Morelos,Accountant,2021-03-01 21:36:29.041022592,642831.5840421047
C08247,retail,63,F,Nuevo León,Consultant,2025-04-09 05:30:43.797802748,575042.529374848
C08248,retail,59,F,Chihuahua,Engineer,2023-09-11 20:45:51.270967602,991385.2539636751
C08249,SME,35,M,Aguascalientes,Accountant,2020-09-16 14:34:55.873687403,920753.3846621009
C08250,retail,28,F,Sonora,Lawyer,2022-06-23 12:45:07.101893178,1148630.0997546774
C08251,SME,41,M,Jalisco,Retired,2023-02-18 06:20:57.474141696,492221.4346676053
C08252,SME,55,F,Veracruz,Teacher,2025-01-11 05:07:49.605979594,599926.2851065292
C08253,retail,36,M,Hidalgo,Business Owner,2024-02-25 22:59:21.326964568,1853696.4193393597
C08254,retail,52,M,Baja California Sur,Teacher,2020-07-07 16:16:43.518644500,542786.7213214505
C08255,retail,56,F,Quintana Roo,Consultant,2022-11-02 23:37:58.573544635,1945879.9854467735
C08256,retail,32,M,Baja California,Freelancer,2024-12-02 07:41:04.855641171,857968.4763800217
C08257,retail,33,F,Querétaro,Doctor,2025-10-03 13:01:30.460488989,854677.1738150915
C08258,corporate,50,F,Coahuila,Doctor,2025-03-23 08:34:19.797016630,1003182.3388374369
C08259,retail,43,F,Tamaulipas,Government Employee,2023-10-16 21:26:31.968087799,663389.1431609319
C08260,retail,33,M,Guerrero,Student,2025-03-17 23:26:21.851062881,188720.56467292178
C08261,retail,37,F,Baja California,Teacher,2020-12-13 19:16:55.295819439,570628.6013223245
C08262,retail,41,F,Guanajuato,Engineer,2022-03-28 00:29:47.584778286,957949.1937032412
C08263,retail,23,M,Michoacán,Sales,2023-10-10 02:20:41.661998618,819611.2752312173
C08264,retail,51,F,Tabasco,Sales,2025-03-24 05:23:17.689570851,574995.8122930247
C08265,retail,36,M,Chiapas,Consultant,2025-01-07 01:41:46.198862689,1538208.5167882768
C08266,retail,18,M,Sonora,Student,2022-12-04 19:30:24.192920039,201842.36705657587
C08267,retail,41,F,Tamaulipas,Accountant,2022-03-25 22:32:23.863704917,402008.78775223996
C08268,retail,33,F,Sonora,Retired,2025-09-21 22:30:43.092306689,327514.4697161096
C08269,retail,62,M,Morelos,Government Employee,2022-07-15 01:25:33.346802966,343550.2810295099
C08270,retail,34,M,Baja California Sur,Consultant,2020-08-11 21:09:03.652695341,1141577.4650069503
C08271,retail,28,F,Jalisco,Government Employee,2020-12-13 10:26:04.778156597,627812.8043878658
C08272,retail,48,M,Michoacán,Accountant,2022-10-02 11:45:52.236836166,851131.5327294877
C08273,retail,34,M,Morelos,Freelancer,2021-04-24 05:47:43.018787265,340772.00719377707
C08274,retail,32,F,Tamaulipas,Business Owner,2021-11-14 18:32:02.801747683,1623279.4339497108
C08275,retail,48,M,Nuevo León,Sales,2021-07-31 23:01:22.380883144,768912.8039886125
C08276,retail,29,F,Campeche,Consultant,2022-04-25 06:49:30.064486896,1364784.318691277
C08277,retail,24,M,Tamaulipas,Government Employee,2020-04-27 13:24:43.997914589,320554.54494273564
C08278,retail,62,F,Tamaulipas,Lawyer,2023-10-13 00:42:37.139170434,1618086.4551933769
C08279,retail,48,M,Puebla,Freelancer,2021-12-31 12:39:11.021922357,829806.2280300019
C08280,retail,38,F,Oaxaca,Teacher,2024-02-22 18:17:22.959282186,374655.8292137006
C08281,retail,41,M,Oaxaca,Government Employee,2023-06-24 16:06:24.769380762,476446.2709455865
C08282,SME,48,F,Sinaloa,Accountant,2022-12-17 07:47:21.050810060,787483.7432250837
C08283,retail,53,F,Sinaloa,Freelancer,2024-05-06 13:35:08.331831227,760801.742327184
C08284,retail,32,F,Ciudad de México,Freelancer,2025-07-27 17:06:19.686363162,1005189.469129042
C08285,retail,46,M,Guanajuato,Government Employee,2024-01-18 07:17:33.715929436,551008.2053039753
C08286,retail,35,F,Chiapas,Retired,2020-02-23 16:15:57.481790949,497186.965251783
C08287,retail,39,M,Guanajuato,Doctor,2021-06-23 17:47:05.141363699,1207777.1674867356
C08288,retail,43,F,Hidalgo,Doctor,2022-03-24 23:04:25.507551093,1191074.0510850816
C08289,retail,41,M,Puebla,Freelancer,2025-09-29 16:44:01.583659653,272905.9182835779
C08290,retail,50,M,Baja California,Consultant,2023-11-22 01:45:02.700085577,1116879.7229036973
C08291,SME,47,M,Querétaro,Business Owner,2020-02-28 22:35:42.575686780,2157202.060428058
C08292,retail,23,F,Baja California,Government Employee,2022-12-10 11:31:50.902562192,994945.3955452052
C08293,retail,25,F,Durango,Teacher,2024-06-28 10:04:07.416056286,486275.8910836209
C08294,retail,37,M,Hidalgo,Student,2024-05-07 17:26:17.828416848,232227.78031074122
C08295,retail,63,F,Chiapas,Business Owner,2021-05-01 07:42:52.097359494,2779857.0193045726
C08296,retail,31,F,Guanajuato,Student,2020-01-30 20:22:43.244200798,290314.8291189055
C08297,retail,39,F,Tlaxcala,Government Employee,2025-03-27 03:47:32.957472264,728018.3096979517
C08298,retail,35,M,México,Sales,2024-02-05 11:04:14.674767993,502943.59101062175
C08299,retail,35,F,Tamaulipas,Accountant,2025-06-26 12:49:34.468394325,1038805.0901628757
C08300,retail,44,F,Tamaulipas,Consultant,2025-07-02 21:43:53.814114049,1894765.3421935355
C08301,retail,58,M,Chiapas,Lawyer,2025-10-31 23:43:27.519428293,917175.5449510484
C08302,retail,47,F,Oaxaca,Student,2020-04-21 15:49:45.258207612,227207.9244545702
C08303,retail,32,M,Chiapas,Teacher,2021-01-28 01:22:17.543182243,686584.4344780091
C08304,retail,75,F,Coahuila,Retired,2020-04-16 22:27:56.636941695,493472.4510366876
C08305,retail,42,F,Durango,Freelancer,2025-03-08 13:24:42.108104090,631745.5094357275
C08306,retail,35,M,Zacatecas,Government Employee,2021-10-25 11:07:02.376344856,436783.37009740894
C08307,retail,58,M,Tlaxcala,Sales,2021-06-05 00:06:24.639704837,499885.63027284155
C08308,retail,36,M,Baja California,Accountant,2022-06-10 00:33:03.616702202,841864.9385393871
C08309,retail,61,M,Yucatán,Teacher,2022-08-16 03:12:19.986156283,315480.49765733763
C08310,retail,31,F,Aguascalientes,Accountant,2021-05-07 16:10:14.959669421,458314.48405204876
C08311,retail,59,F,Oaxaca,Doctor,2020-09-20 10:37:09.056437818,803763.4888930373
C08312,retail,44,M,Quintana Roo,Business Owner,2020-07-10 11:11:00.140817462,1641387.7573787305
C08313,retail,57,F,Aguascalientes,Business Owner,2023-06-29 19:44:49.114516810,1486869.2181166788
C08314,retail,64,M,Campeche,Student,2021-07-14 12:42:20.713380226,282097.772523183
C08315,retail,28,F,México,Consultant,2021-10-20 19:47:17.533633683,777857.2191557289
C08316,retail,57,M,México,Freelancer,2025-12-17 15:51:39.576933572,861181.6870446465
C08317,retail,25,F,Veracruz,Government Employee,2022-07-31 09:06:05.640643299,382851.5121628974
C08318,retail,29,M,Chihuahua,Consultant,2020-08-23 03:21:15.247610308,1390340.2489632377
C08319,retail,32,M,Chihuahua,Retired,2025-03-21 03:06:28.172892167,446029.5038868743
C08320,retail,48,F,Aguascalientes,Engineer,2024-01-31 06:07:34.766317000,786068.0896770078
C08321,retail,42,M,Coahuila,Lawyer,2023-01-05 12:23:54.368971463,1627875.127783431
C08322,retail,39,F,Veracruz,Sales,2024-03-11 02:00:01.045690799,359017.82113883964
C08323,retail,43,F,Zacatecas,Business Owner,2024-05-04 08:42:21.168941281,3259438.675791102
C08324,retail,49,F,Chiapas,Consultant,2024-02-15 11:59:31.105076895,1732796.9056991425
C08325,retail,50,F,Querétaro,Accountant,2020-10-11 02:41:41.192529902,899728.4896429314
C08326,retail,55,M,Morelos,Sales,2025-01-29 22:17:23.919997262,889175.7670900673
C08327,retail,63,F,Coahuila,Engineer,2021-02-07 13:37:12.645247451,501474.1156343697
C08328,SME,41,F,Campeche,Consultant,2023-05-30 22:45:58.713991404,1826539.8561348454
C08329,retail,35,M,Baja California Sur,Accountant,2021-06-09 16:45:57.852713348,829416.5628290322
C08330,retail,49,F,Guerrero,Teacher,2021-02-24 10:04:54.104363468,300993.8147461816
C08331,retail,28,F,Tabasco,Consultant,2020-11-15 01:37:03.832764629,1198241.1975540826
C08332,retail,33,F,Tlaxcala,Teacher,2023-10-14 06:02:21.344481864,606975.71829298
C08333,retail,53,M,México,Engineer,2021-02-08 03:23:09.698915671,627782.869124244
C08334,retail,40,F,Oaxaca,Government Employee,2024-03-03 20:26:58.193275703,774934.7055358582
C08335,retail,27,M,Ciudad de México,Retired,2021-01-16 23:20:54.342389504,312850.92881787283
C08336,retail,24,F,Puebla,Lawyer,2022-06-29 18:13:25.552804976,1564143.7300000135
C08337,SME,42,F,Zacatecas,Lawyer,2024-08-23 04:09:41.550192229,1282156.6104488536
C08338,retail,55,M,Guerrero,Retired,2025-06-07 01:27:28.525150863,265249.0275861184
C08339,retail,55,F,Chiapas,Accountant,2021-01-28 08:40:31.700799248,463613.08612006315
C08340,retail,43,F,Colima,Lawyer,2022-09-24 19:01:34.668765725,1636638.9234679015
C08341,retail,66,F,México,Retired,2022-11-22 07:02:22.543652043,264850.67067652004
C08342,retail,40,M,Coahuila,Accountant,2022-04-20 07:11:37.695396411,608980.1177685807
C08343,retail,40,F,Nuevo León,Student,2020-11-16 17:17:14.443277861,248029.99342089903
C08344,retail,18,F,Hidalgo,Student,2023-01-19 19:33:25.367009745,205612.98708485704
C08345,SME,36,F,Yucatán,Student,2023-05-11 13:51:34.030964977,206908.0841203925
C08346,retail,52,M,Aguascalientes,Consultant,2021-06-01 21:00:32.171133896,1664051.7935101504
C08347,retail,60,M,Tamaulipas,Sales,2021-11-03 08:36:31.602039467,439146.7707974162
C08348,retail,32,F,Guanajuato,Retired,2021-03-17 17:10:28.592717256,267362.36584729573
C08349,retail,47,M,Hidalgo,Sales,2021-07-07 18:04:05.887531506,718729.8911258779
C08350,retail,54,F,Baja California,Lawyer,2022-08-01 05:32:35.556518689,1745240.1044157806
C08351,retail,42,M,Nuevo León,Teacher,2024-12-11 11:51:00.727367573,632774.422577655
C08352,retail,18,F,Guanajuato,Student,2023-05-05 11:10:20.895191505,245827.99209903728
C08353,retail,44,F,Aguascalientes,Doctor,2020-12-10 08:07:14.280743916,1097419.052012366
C08354,retail,51,F,Aguascalientes,Business Owner,2022-10-22 04:34:27.064088814,4678211.159982907
C08355,retail,30,M,Colima,Government Employee,2020-12-09 22:37:59.804064592,836358.5730481814
C08356,retail,38,F,Hidalgo,Accountant,2020-02-20 12:30:01.120192683,799460.6395217435
C08357,retail,28,F,Colima,Business Owner,2025-02-01 22:19:00.305605766,4483236.851150274
C08358,retail,18,F,Baja California,Student,2025-01-29 21:09:23.255539507,252206.08532969607
C08359,retail,54,M,Colima,Sales,2022-04-26 14:04:25.826955295,882779.0074460368
C08360,retail,41,F,Tabasco,Teacher,2020-08-04 20:42:23.075538509,643317.0496085193
C08361,retail,61,F,Tlaxcala,Accountant,2020-06-03 00:12:36.977743005,785312.2119320848
C08362,retail,52,M,Jalisco,Consultant,2023-01-11 16:39:39.303792530,1884255.2372589337
C08363,retail,37,F,Baja California,Government Employee,2021-04-06 00:23:43.792455012,539707.6100178133
C08364,retail,41,M,Hidalgo,Sales,2021-09-08 21:11:32.601975145,705603.2648091356
C08365,retail,48,F,Tabasco,Student,2020-10-15 06:49:11.949963753,200553.2436121736
C08366,retail,53,F,Chiapas,Engineer,2022-09-06 00:22:58.530779434,1126756.3359057494
C08367,retail,45,M,Aguascalientes,Freelancer,2022-02-23 10:44:55.202903738,448050.39793876885
C08368,retail,55,M,Ciudad de México,Freelancer,2025-06-16 23:29:59.444528146,1149033.4606591922
C08369,retail,38,F,Oaxaca,Freelancer,2021-04-20 03:03:33.010447732,216991.4743389359
C08370,retail,30,M,Durango,Government Employee,2021-03-15 16:37:43.443346585,777286.5095523767
C08371,retail,41,M,Veracruz,Business Owner,2022-03-06 20:24:32.656874943,1345241.6797728618
C08372,retail,44,M,Guanajuato,Accountant,2021-12-21 08:54:54.732892668,939568.8013412599
C08373,retail,27,M,Nayarit,Business Owner,2024-11-02 02:12:51.941599073,2815195.992168211
C08374,retail,25,M,Morelos,Doctor,2022-03-26 16:49:22.607226660,1436756.0864451705
C08375,retail,47,M,Chihuahua,Lawyer,2022-09-30 06:25:32.037231019,1458083.7667265823
C08376,retail,37,M,Guanajuato,Teacher,2025-12-22 14:39:43.435301192,607307.1637253873
C08377,retail,40,F,San Luis Potosí,Freelancer,2020-04-04 12:39:30.677580539,320479.4896595585
C08378,retail,37,F,Campeche,Sales,2024-08-27 07:22:00.842190880,312764.8832804687
C08379,retail,60,M,Aguascalientes,Accountant,2020-10-16 00:50:22.541458528,995391.244188395
C08380,retail,57,F,Aguascalientes,Engineer,2024-08-24 10:46:23.428652314,658041.9162816076
C08381,retail,27,F,Querétaro,Engineer,2022-07-14 05:43:03.733101210,1106860.1451972509
C08382,retail,35,M,Nayarit,Student,2024-02-18 18:36:05.932193665,197104.7190354548
C08383,retail,52,F,Yucatán,Student,2021-12-10 06:04:42.739346285,217014.4621297378
C08384,retail,49,F,Chiapas,Sales,2021-09-30 05:53:54.761325938,853681.1027578731
C08385,retail,41,M,Yucatán,Consultant,2022-10-05 15:41:53.077758218,1759577.5893400426
C08386,retail,28,M,Michoacán,Retired,2020-03-16 15:21:32.736747292,274409.2440001257
C08387,SME,33,F,Baja California,Engineer,2020-11-18 18:00:23.985602851,813668.7052971248
C08388,retail,35,F,Ciudad de México,Government Employee,2022-08-21 01:28:10.206405207,936908.3993683696
C08389,retail,45,M,Baja California,Student,2022-09-04 01:17:03.375781684,181770.9558128558
C08390,retail,62,F,Chiapas,Teacher,2023-07-11 13:14:39.272672388,342927.90202674904
C08391,retail,33,F,Oaxaca,Student,2021-12-24 09:07:09.514314647,257424.15140135147
C08392,retail,29,M,Tabasco,Doctor,2020-09-27 13:04:07.516923773,873488.5430150997
C08393,SME,40,M,Morelos,Sales,2021-11-09 22:24:13.110420818,541745.3120795179
C08394,retail,54,M,Sonora,Business Owner,2023-08-16 20:16:40.214434716,2883638.470065325
C08395,retail,24,M,Sinaloa,Doctor,2023-08-07 10:21:10.891180968,1402178.7047089904
C08396,retail,59,M,Nuevo León,Teacher,2025-09-01 10:36:56.089032215,682957.285505627
C08397,retail,39,F,Zacatecas,Engineer,2021-06-29 11:58:34.808450906,858562.175794183
C08398,retail,33,F,Durango,Accountant,2023-04-08 11:01:17.970290769,757252.7355538092
C08399,retail,22,M,Colima,Student,2022-04-07 06:31:58.955001349,267216.167414087
C08400,SME,50,F,Oaxaca,Engineer,2025-06-17 17:41:06.951952489,634754.8241602926
C08401,retail,39,M,Guanajuato,Accountant,2024-06-28 11:04:38.979467537,1058601.919306388
C08402,SME,44,M,Hidalgo,Doctor,2024-05-23 15:57:55.488179900,800839.2483161434
C08403,retail,31,F,Hidalgo,Government Employee,2023-06-25 03:22:37.500787198,301255.71084447164
C08404,retail,38,M,Ciudad de México,Doctor,2025-02-12 04:03:14.861277918,1237967.0789287048
C08405,retail,36,F,Chiapas,Consultant,2025-10-09 22:05:53.194745055,1012227.3799058447
C08406,retail,40,F,Nayarit,Business Owner,2021-09-17 21:38:11.950518842,2411895.931396884
C08407,retail,33,F,Colima,Doctor,2022-02-01 16:51:24.523941084,955006.2445373094
C08408,retail,23,M,Tlaxcala,Teacher,2020-12-16 17:00:49.533899411,463121.3667685016
C08409,retail,74,M,Oaxaca,Retired,2024-08-15 20:58:58.823595403,622593.2425233538
C08410,retail,25,M,Jalisco,Consultant,2025-07-21 18:15:35.969006448,1548874.8715348775
C08411,retail,44,F,Baja California,Lawyer,2022-10-07 18:40:55.109910083,713584.6016654364
C08412,corporate,20,F,Querétaro,Student,2024-04-27 18:06:34.491524344,186801.6373174976
C08413,retail,18,F,Michoacán,Student,2023-08-16 19:20:09.631590385,240743.64189002046
C08414,retail,43,F,Aguascalientes,Teacher,2024-02-21 10:04:14.935522740,592065.1155075118
C08415,retail,44,F,San Luis Potosí,Sales,2022-01-07 17:46:46.943810931,681918.559401741
C08416,retail,57,F,Sinaloa,Accountant,2022-03-10 05:57:00.426358093,1004881.149709304
C08417,retail,46,M,Quintana Roo,Sales,2023-06-26 04:10:41.161028837,336622.1348727904
C08418,retail,40,F,Tlaxcala,Accountant,2022-11-29 08:26:00.953212186,824027.4515670829
C08419,retail,30,F,Hidalgo,Sales,2023-09-10 14:09:11.160784410,747910.221779049
C08420,retail,59,M,Sinaloa,Freelancer,2021-11-15 15:05:33.636762955,1137841.725870911
C08421,retail,53,F,Nayarit,Lawyer,2023-09-09 06:02:50.648771659,721059.7457446704
C08422,retail,27,F,Tabasco,Student,2021-07-06 18:41:32.766060821,208757.26172846506
C08423,retail,42,F,Aguascalientes,Freelancer,2022-06-30 13:26:41.200783690,554591.7867542938
C08424,retail,43,F,Coahuila,Retired,2024-05-07 12:09:42.126345779,493338.23202384374
C08425,retail,37,M,Campeche,Government Employee,2024-11-30 02:20:51.666965943,586028.9446966632
C08426,retail,51,M,Zacatecas,Business Owner,2024-11-22 05:17:28.460132728,4402805.182382534
C08427,retail,51,M,Durango,Consultant,2020-09-01 04:42:07.198497356,1925791.3573500053
C08428,corporate,39,F,Colima,Freelancer,2021-07-06 17:55:12.789147027,270078.72635086894
C08429,retail,38,M,Baja California Sur,Engineer,2021-07-24 07:41:41.998265141,989777.1422959876
C08430,retail,59,M,Quintana Roo,Accountant,2021-11-23 01:57:28.834318026,479991.43739748537
C08431,retail,53,F,Coahuila,Business Owner,2025-01-23 02:32:05.515776127,4561208.059883708
C08432,retail,42,M,Tabasco,Accountant,2023-08-12 06:48:43.057292206,499469.1225101906
C08433,retail,22,M,Yucatán,Student,2022-08-24 17:23:47.968837673,298982.33653708873
C08434,retail,46,M,Sonora,Freelancer,2023-09-26 01:46:15.971950249,627750.6396845229
C08435,SME,50,M,Sinaloa,Accountant,2024-10-11 08:42:18.016071938,667356.1997924105
C08436,retail,18,M,Michoacán,Student,2024-06-10 20:37:00.360495140,250354.24440365395
C08437,retail,45,M,Tabasco,Consultant,2021-08-24 23:36:28.515550368,1091535.049094952
C08438,retail,36,M,Oaxaca,Accountant,2022-09-03 19:41:40.253378918,564285.7593689286
C08439,retail,39,M,Veracruz,Engineer,2020-07-28 06:44:49.054649776,940401.3200798021
C08440,retail,31,M,Durango,Freelancer,2022-08-04 11:42:28.073106869,928364.3269236664
C08441,retail,40,F,Hidalgo,Sales,2025-05-28 06:36:37.368094242,864459.9887032991
C08442,retail,58,M,Veracruz,Consultant,2020-04-21 11:19:18.824818993,1113678.3204872005
C08443,retail,36,F,Aguascalientes,Consultant,2025-02-26 15:02:50.726596655,1558660.1090683662
C08444,retail,53,M,Coahuila,Freelancer,2023-07-03 21:02:50.433496305,1033604.3501454511
C08445,retail,32,M,Durango,Sales,2025-05-20 23:46:04.931318881,790400.3116980431
C08446,retail,51,M,Guerrero,Student,2023-10-19 11:04:16.623023229,184112.450899713
C08447,retail,42,F,Jalisco,Accountant,2021-05-17 19:58:15.050349010,648991.9797248505
C08448,retail,46,M,Querétaro,Teacher,2025-02-04 19:17:25.730530873,305367.3570848696
C08449,retail,42,F,Guanajuato,Business Owner,2022-10-01 03:36:12.369093342,3104044.218200139
C08450,retail,49,F,Morelos,Engineer,2023-05-07 16:03:06.262240911,1105564.1633607172
C08451,retail,18,M,Ciudad de México,Student,2025-01-26 23:24:40.315610350,277790.9789426341
C08452,retail,24,F,Sonora,Freelancer,2025-12-07 06:53:44.510936292,1011250.3839559068
C08453,retail,47,M,Colima,Accountant,2025-01-18 18:00:48.426846434,646285.550322238
C08454,retail,18,M,Durango,Student,2023-07-10 05:07:51.362022923,185559.60490813997
C08455,SME,35,M,Campeche,Doctor,2021-03-21 10:50:34.050662574,920692.5775753366
C08456,retail,41,M,Yucatán,Teacher,2021-03-21 16:34:07.060558670,568277.2142946289
C08457,retail,32,M,Yucatán,Consultant,2022-07-07 00:40:41.977978562,700764.3255433609
C08458,retail,33,F,Chiapas,Lawyer,2023-09-09 15:49:30.669118274,750394.1666328406
C08459,SME,45,M,San Luis Potosí,Business Owner,2025-02-01 22:52:51.840840566,2220803.8818599577
C08460,retail,54,F,Nayarit,Government Employee,2021-09-11 21:27:37.036242531,366174.47408550663
C08461,SME,30,M,Chihuahua,Doctor,2020-07-07 04:21:05.238973168,1030849.22928573
C08462,SME,35,F,Durango,Sales,2021-04-28 00:39:17.381652131,880301.1946137614
C08463,retail,33,M,Nayarit,Business Owner,2023-06-12 20:05:23.968428594,785789.787725596
C08464,retail,18,F,Yucatán,Student,2023-04-13 03:37:33.123069875,279665.967409011
C08465,corporate,43,F,Tamaulipas,Doctor,2023-06-23 21:51:57.605459321,1495536.157731723
C08466,retail,53,M,Guanajuato,Retired,2022-11-05 12:54:53.061038900,446382.80975821917
C08467,retail,54,M,San Luis Potosí,Engineer,2023-10-26 22:39:54.314707342,1160139.701175503
C08468,retail,31,M,Chiapas,Student,2025-07-01 06:13:25.427986388,211337.64536215202
C08469,retail,26,M,Tamaulipas,Engineer,2025-08-10 02:25:20.304778025,1187609.0931717525
C08470,retail,42,M,Sonora,Doctor,2022-12-02 18:47:40.220615386,1403086.7792115393
C08471,retail,51,F,Baja California Sur,Sales,2021-08-10 03:48:13.631564410,825054.3052254324
C08472,retail,43,M,Nayarit,Consultant,2025-06-14 23:23:34.453240296,695597.6686205344
C08473,retail,45,F,Campeche,Student,2025-03-22 03:08:17.915009528,284408.36020387034
C08474,retail,55,M,Colima,Business Owner,2024-08-04 10:26:42.454275386,4749839.801707127
C08475,retail,33,F,Morelos,Doctor,2023-03-28 11:04:55.617212971,1373334.4044179758
C08476,retail,39,M,Zacatecas,Freelancer,2021-05-26 08:58:41.807515405,291364.1146111107
C08477,retail,61,M,Zacatecas,Sales,2021-02-23 10:55:28.482745643,305104.8958401907
C08478,retail,39,M,Durango,Engineer,2023-02-18 22:23:42.555472641,750324.553144603
C08479,retail,26,M,Zacatecas,Student,2021-07-11 00:13:33.136838570,264591.7850027305
C08480,SME,33,F,Zacatecas,Retired,2023-07-29 10:48:29.883600578,255603.7851280528
C08481,retail,30,F,Yucatán,Retired,2021-01-24 13:23:23.048221632,677791.5364343787
C08482,retail,46,F,Nuevo León,Lawyer,2023-08-13 03:14:09.912391365,1230539.644785386
C08483,SME,31,F,Tlaxcala,Lawyer,2024-03-11 07:38:20.716334147,1030047.2895927146
C08484,SME,45,F,Aguascalientes,Business Owner,2021-10-11 04:52:41.831922915,3113284.9567482723
C08485,retail,33,F,Baja California,Business Owner,2025-11-23 22:42:39.885208637,3777881.361483596
C08486,retail,18,M,Sonora,Student,2022-12-10 21:08:49.528857522,212793.76380699052
C08487,retail,45,M,Guanajuato,Sales,2025-04-07 23:36:18.042215154,439230.66182175826
C08488,retail,43,M,México,Business Owner,2021-11-28 17:14:24.666805348,2713160.922799965
C08489,retail,48,F,Quintana Roo,Engineer,2021-12-09 05:29:46.272029977,968952.1785228581
C08490,retail,33,M,Aguascalientes,Retired,2020-09-04 05:08:16.912754028,567867.3570851425
C08491,retail,32,F,Ciudad de México,Sales,2023-09-10 14:20:10.805395870,460637.1396820056
C08492,retail,46,M,Colima,Student,2022-07-19 08:20:33.437570819,218699.30962534354
C08493,retail,60,F,Aguascalientes,Accountant,2025-01-17 03:44:28.744565286,740976.6094299015
C08494,SME,42,F,Zacatecas,Freelancer,2022-08-04 22:50:21.569101707,741922.2425211227
C08495,retail,47,M,Durango,Business Owner,2022-04-01 15:27:49.896134653,3492481.4296530033
C08496,SME,38,F,Morelos,Doctor,2020-06-14 10:30:53.269115084,1232397.3948996058
C08497,corporate,23,F,Nayarit,Government Employee,2025-12-16 23:04:38.165753631,560762.8913225669
C08498,retail,53,F,Michoacán,Engineer,2021-02-18 23:38:06.158074829,707821.0500733393
C08499,retail,52,M,Baja California,Business Owner,2020-05-10 09:52:08.496195509,2024061.4297856977
C08500,retail,50,F,Querétaro,Accountant,2022-07-06 16:09:32.234104478,851781.3857934894
C08501,retail,39,M,Morelos,Engineer,2025-03-05 16:00:16.101667763,803203.7212144996
C08502,retail,49,F,Campeche,Retired,2022-12-12 21:26:09.748876431,310457.34738289734
C08503,retail,52,F,Zacatecas,Retired,2025-04-18 09:51:25.826504793,252665.38252987285
C08504,SME,61,F,Coahuila,Sales,2022-02-12 14:47:00.597902500,269290.3163200479
C08505,retail,53,M,Tlaxcala,Consultant,2023-01-02 06:01:56.864802789,1801275.3881649387
C08506,retail,42,F,Tlaxcala,Retired,2021-01-27 15:43:59.650863061,456022.7029484236
C08507,retail,26,M,Tamaulipas,Business Owner,2020-05-01 14:54:04.557710951,3526937.634597438
C08508,retail,43,M,Ciudad de México,Student,2023-08-17 19:01:47.728410217,291485.428572956
C08509,SME,45,F,Sonora,Consultant,2020-08-02 12:17:21.053122393,689419.9073943847
C08510,retail,50,F,Baja California Sur,Teacher,2024-02-13 01:37:19.234826923,479046.8057687928
C08511,retail,58,F,Oaxaca,Teacher,2024-11-19 19:45:36.867614742,515627.49781885603
C08512,retail,40,F,Puebla,Lawyer,2021-05-12 22:01:05.802610072,1609842.7302154389
C08513,retail,67,M,Chiapas,Retired,2020-11-24 13:24:00.581945784,697174.2847981575
C08514,retail,20,M,Nayarit,Student,2024-05-16 16:55:32.136486655,265402.13007742557
C08515,retail,47,M,Tlaxcala,Accountant,2020-04-25 03:18:19.929716505,849284.5139295915
C08516,retail,32,M,Puebla,Freelancer,2023-02-20 04:57:30.817575923,1120313.4496864239
C08517,SME,19,M,Sonora,Student,2022-12-27 14:30:57.311304799,280486.54693492653
C08518,SME,39,M,Morelos,Freelancer,2020-05-01 12:39:17.193626770,1065045.0295887394
C08519,retail,24,M,Coahuila,Teacher,2023-11-15 12:35:00.026171386,301082.2925738717
C08520,retail,40,F,Jalisco,Accountant,2022-12-01 22:43:11.833866991,760102.9785076533
C08521,retail,42,F,Zacatecas,Retired,2022-06-15 12:16:34.963809015,602228.6380519621
C08522,retail,55,F,México,Retired,2022-01-13 00:21:25.628742130,331655.8865711873
C08523,retail,23,M,Puebla,Teacher,2022-12-25 07:36:29.215006825,600581.6680935139
C08524,retail,52,M,Querétaro,Consultant,2024-05-12 02:45:58.872120065,513740.2366387211
C08525,retail,43,M,Jalisco,Teacher,2021-09-13 17:46:57.602750834,530067.2516165887
C08526,retail,54,M,Ciudad de México,Accountant,2020-11-14 06:53:05.131517947,995930.5353234588
C08527,retail,36,F,Michoacán,Doctor,2022-02-06 12:46:34.820013649,1101944.2821061006
C08528,retail,26,M,Nuevo León,Engineer,2022-12-19 12:05:14.941831284,1017617.5088537073
C08529,retail,27,F,Aguascalientes,Consultant,2025-12-14 09:14:54.519362634,1295598.535264974
C08530,retail,26,F,Colima,Engineer,2022-05-04 08:49:49.694443438,953104.3321851774
C08531,SME,47,M,Nayarit,Accountant,2021-07-01 08:22:37.246716793,761668.0577807822
C08532,retail,59,M,Baja California,Doctor,2023-05-03 20:03:38.096273236,1133086.1961228733
C08533,retail,35,F,Sonora,Retired,2020-01-06 05:27:41.995937654,628732.8024525249
C08534,retail,49,F,Tlaxcala,Freelancer,2021-04-16 15:21:18.330402223,292743.27833226504
C08535,retail,23,F,Campeche,Doctor,2023-09-19 19:22:00.030648856,1209256.4843970072
C08536,retail,44,F,Puebla,Doctor,2020-02-15 14:20:49.946045451,880367.4562689491
C08537,retail,50,M,Aguascalientes,Doctor,2022-05-24 18:26:32.131449426,1193966.1009594828
C08538,retail,24,M,Tabasco,Engineer,2025-03-11 14:20:22.901440547,1174518.1934732483
C08539,retail,39,M,Nuevo León,Doctor,2024-05-03 13:25:52.188151526,839968.5808058002
C08540,retail,50,M,Guanajuato,Accountant,2025-07-07 15:08:31.320051153,695405.1842442784
C08541,retail,18,M,San Luis Potosí,Student,2024-07-19 15:30:59.462176132,276237.3460043299
C08542,retail,58,M,Chihuahua,Business Owner,2021-05-17 01:01:00.954227853,2289674.113683897
C08543,retail,46,F,Nuevo León,Freelancer,2022-10-21 21:35:30.875951424,720315.2877787685
C08544,retail,50,F,Jalisco,Consultant,2022-10-04 18:12:53.164970706,672061.8250299792
C08545,retail,37,M,Tamaulipas,Lawyer,2025-02-24 13:24:07.851150093,867688.1533605454
C08546,retail,21,M,Quintana Roo,Student,2025-08-02 18:44:27.474631282,262371.7110792985
C08547,retail,48,F,Tabasco,Freelancer,2024-01-15 04:05:12.366081484,1028588.3826021473
C08548,retail,41,M,Querétaro,Lawyer,2023-01-20 11:52:03.705020738,1375748.266055413
C08549,retail,42,F,Puebla,Student,2025-05-19 05:42:19.492807585,280431.342458307
C08550,retail,55,F,San Luis Potosí,Student,2025-01-19 16:45:14.620598599,252679.50171837088
C08551,SME,51,F,San Luis Potosí,Teacher,2025-02-15 13:07:56.410451478,624084.0937823621
C08552,retail,65,M,Nuevo León,Business Owner,2023-01-14 00:48:11.317149105,4926414.22691567
C08553,retail,43,F,San Luis Potosí,Freelancer,2020-03-02 05:29:37.875912639,282824.81696267537
C08554,retail,33,M,Sonora,Consultant,2021-11-27 01:00:27.188241066,1219474.924844195
C08555,retail,39,M,Sinaloa,Freelancer,2022-03-25 23:23:08.042269497,389892.85624538886
C08556,retail,46,M,Hidalgo,Accountant,2023-11-26 13:43:42.145014781,725660.4485587818
C08557,retail,54,F,Guerrero,Teacher,2020-06-25 02:51:29.126550923,499835.19751948677
C08558,retail,24,M,Tlaxcala,Doctor,2025-08-15 16:33:07.818302408,1235345.5152653018
C08559,retail,42,F,Durango,Consultant,2023-06-29 13:25:12.984593029,1158947.4197727744
C08560,retail,61,M,Nuevo León,Business Owner,2022-12-06 13:29:10.024745152,2096263.7640898935
C08561,retail,39,M,Guanajuato,Sales,2022-10-26 21:37:01.167743127,278059.4351733917
C08562,retail,53,F,San Luis Potosí,Sales,2023-06-23 08:35:58.273181191,272615.83170047024
C08563,retail,47,M,San Luis Potosí,Freelancer,2023-05-08 19:56:28.800365118,375008.5268043331
C08564,retail,53,M,Guerrero,Business Owner,2023-10-01 00:02:14.991378618,2630642.0107896896
C08565,retail,32,M,Coahuila,Sales,2024-02-02 17:20:37.392321111,521385.84108371305
C08566,retail,32,M,Colima,Consultant,2024-08-07 21:50:29.632386010,786043.4316539464
C08567,SME,42,M,Morelos,Teacher,2025-06-27 05:28:46.408160793,628936.6510514487
C08568,retail,23,F,Baja California Sur,Student,2023-05-30 04:49:34.445924547,262019.86889262998
C08569,retail,38,F,Chihuahua,Business Owner,2025-06-13 01:53:39.113710726,2175609.7639766615
C08570,retail,45,F,Guerrero,Sales,2024-05-27 20:19:12.892016445,768029.7057746794
C08571,retail,63,F,México,Accountant,2024-10-25 10:35:02.525184117,1092473.1231249531
C08572,retail,46,F,Zacatecas,Consultant,2020-05-12 03:12:39.582783513,867563.880709884
C08573,retail,49,F,Quintana Roo,Sales,2022-10-05 21:17:47.551371502,485683.801383991
C08574,retail,55,F,Coahuila,Doctor,2021-07-26 23:40:50.448591640,1495029.7693768004
C08575,retail,30,M,Tabasco,Teacher,2025-03-31 11:46:05.517897395,355153.1664047423
C08576,retail,40,M,Chihuahua,Retired,2024-06-05 18:13:10.437429911,284734.5706845406
C08577,retail,71,F,Yucatán,Retired,2021-11-02 03:13:18.271791723,484446.54312972305
C08578,retail,41,M,Tlaxcala,Teacher,2024-06-20 23:44:20.563340258,487372.10955615586
C08579,retail,55,F,Guerrero,Consultant,2023-09-04 21:41:15.832581621,617433.1987574495
C08580,retail,53,F,Tamaulipas,Government Employee,2021-12-09 01:20:04.888516121,503025.5061509202
C08581,retail,24,M,Guerrero,Government Employee,2022-06-10 21:14:09.778222746,593256.0832147948
C08582,retail,45,F,Tabasco,Engineer,2023-03-22 07:24:21.964598704,1075547.5573041672
C08583,retail,43,M,Campeche,Student,2022-11-19 07:07:39.493364253,264941.7903408243
C08584,retail,45,F,Puebla,Lawyer,2022-06-08 20:04:54.015026932,1697432.8806780658
C08585,retail,32,F,Ciudad de México,Sales,2024-11-22 15:08:12.220292500,466125.2915291712
C08586,retail,28,F,Morelos,Consultant,2020-09-25 15:21:06.523857054,964067.9431291731
C08587,retail,36,M,Baja California,Accountant,2025-07-26 16:31:54.778687225,724227.6537261516
C08588,retail,40,M,Chiapas,Student,2023-12-11 19:05:32.966609594,180903.38395699172
C08589,retail,56,F,Puebla,Government Employee,2024-06-19 05:50:26.263967464,445124.26897744596
C08590,retail,63,F,Tamaulipas,Business Owner,2023-07-29 07:42:56.102703993,1609325.9854003708
C08591,retail,58,M,Quintana Roo,Engineer,2020-04-27 16:59:22.258536586,542763.0842666517
C08592,retail,52,M,San Luis Potosí,Student,2024-07-19 08:26:53.793506977,234616.13789753147
C08593,retail,29,M,Durango,Lawyer,2024-03-23 17:42:32.442301177,1686625.1518882997
C08594,SME,37,F,Chihuahua,Business Owner,2025-09-03 14:14:26.118904247,717330.7951287096
C08595,retail,44,F,Chihuahua,Doctor,2023-12-29 00:36:55.197567446,1239890.8951132465
C08596,retail,34,M,Puebla,Teacher,2021-05-02 07:58:23.455772351,651733.9664714473
C08597,retail,48,M,Chiapas,Engineer,2021-01-11 13:03:24.022052995,575264.8793550398
C08598,retail,50,F,Tlaxcala,Government Employee,2022-08-12 20:50:33.845432734,942081.7154478027
C08599,retail,48,F,Tabasco,Accountant,2024-02-28 13:22:07.315644983,972965.968946978
C08600,retail,54,F,Colima,Consultant,2023-09-22 06:08:41.827501611,821857.23194215
C08601,retail,31,F,Puebla,Doctor,2023-03-01 09:19:15.708338436,1433741.4082594868
C08602,retail,53,M,Querétaro,Consultant,2021-12-30 15:10:33.662339663,1706024.4833890488
C08603,retail,33,M,Baja California Sur,Doctor,2025-04-11 15:46:07.204184643,877972.4764439196
C08604,retail,30,F,Yucatán,Student,2023-11-29 12:46:05.609114627,279672.76428208547
C08605,retail,48,F,Jalisco,Engineer,2020-10-16 10:52:33.809474505,879528.599272503
C08606,retail,56,F,Chiapas,Teacher,2024-09-15 04:58:32.015295598,626384.7793604071
C08607,retail,47,F,México,Engineer,2021-01-18 19:26:49.414742341,932366.1154714779
C08608,retail,42,F,Veracruz,Business Owner,2020-10-16 09:30:46.307224846,2384985.5283272755
C08609,retail,45,M,Ciudad de México,Lawyer,2024-07-22 14:06:42.078949711,1321369.1645794648
C08610,retail,43,M,México,Doctor,2023-08-27 00:18:10.605835764,1245327.154645225
C08611,retail,28,F,Nuevo León,Doctor,2023-03-03 08:18:07.972404093,1336345.0695169878
C08612,SME,27,F,Michoacán,Government Employee,2021-03-24 05:20:55.097530779,881478.0616581899
C08613,corporate,41,F,Colima,Consultant,2025-10-08 14:51:37.598786855,1494816.6665277397
C08614,retail,42,F,México,Doctor,2023-11-13 08:29:26.108014352,1492754.7359958212
C08615,retail,42,M,Guanajuato,Teacher,2022-11-26 08:10:08.996088357,611421.1540898304
C08616,SME,50,M,Quintana Roo,Accountant,2025-01-14 09:40:21.093557667,1037536.4099521256
C08617,SME,39,M,Campeche,Engineer,2025-07-17 14:58:06.843948725,723646.3528495881
C08618,retail,48,F,Puebla,Accountant,2025-08-01 09:09:26.436657293,621359.5187062449
C08619,retail,40,M,San Luis Potosí,Government Employee,2022-02-23 08:08:58.417857659,553634.9156865339
C08620,retail,63,M,Durango,Student,2025-06-18 14:45:20.889440034,232766.39443705563
C08621,corporate,42,F,Quintana Roo,Business Owner,2021-09-14 01:29:35.248954830,4834021.542016469
C08622,retail,70,M,Sonora,Retired,2023-12-27 22:12:16.737653991,283089.12223526236
C08623,retail,46,F,Durango,Doctor,2024-04-19 08:22:38.539865432,1148911.0042291079
C08624,retail,39,F,Baja California,Freelancer,2025-02-06 22:30:54.127644688,361160.6827873463
C08625,retail,31,M,Colima,Retired,2023-03-02 22:39:05.956267535,614902.8253320076
C08626,retail,24,F,Colima,Consultant,2024-01-30 07:44:53.708611834,546716.4331607126
C08627,retail,30,F,Ciudad de México,Government Employee,2024-06-26 01:03:54.066691897,618601.4351601449
C08628,retail,31,M,Baja California,Business Owner,2020-03-25 09:09:14.561664956,2397386.7933239043
C08629,retail,46,F,Jalisco,Engineer,2021-05-20 21:19:05.894637094,564526.7851815443
C08630,retail,35,M,Oaxaca,Sales,2024-06-12 14:23:44.038687774,494867.6943890269
C08631,retail,44,M,Baja California,Lawyer,2020-10-20 15:12:43.301650945,1570837.406661274
C08632,retail,57,M,Campeche,Sales,2020-04-17 18:42:11.196250276,339358.66216795065
C08633,retail,40,F,Baja California Sur,Doctor,2020-08-16 23:39:20.814717566,1488455.0129171796
C08634,retail,66,F,Quintana Roo,Retired,2021-03-31 01:35:04.494763897,276304.513762942
C08635,retail,27,M,Jalisco,Doctor,2021-08-23 08:51:25.568249931,1002372.2303129095
C08636,retail,40,F,Puebla,Business Owner,2020-12-15 04:40:24.782186882,4032066.9659493556
C08637,retail,35,M,Michoacán,Accountant,2021-11-11 20:22:53.040160018,650265.2555124275
C08638,retail,53,M,México,Lawyer,2022-01-06 15:16:59.611777980,1176424.6676389943
C08639,retail,18,M,Coahuila,Student,2025-12-01 16:44:07.748328502,202399.20803014166
C08640,retail,24,F,Nayarit,Business Owner,2024-01-18 19:51:41.898658251,3776633.008767873
C08641,retail,40,F,Oaxaca,Business Owner,2021-12-12 07:30:07.488763719,1472029.1150566845
C08642,retail,60,F,Chihuahua,Government Employee,2025-06-03 10:07:45.560646292,894112.616690273
C08643,retail,44,M,Tamaulipas,Retired,2023-04-07 12:24:43.725211400,492775.3348827646
C08644,retail,25,M,Puebla,Doctor,2025-08-26 01:58:22.024000586,1183710.3284397572
C08645,retail,27,F,Michoacán,Consultant,2020-09-22 23:23:28.041680112,1900268.3218746819
C08646,retail,62,M,Guanajuato,Consultant,2021-10-20 18:13:16.623638154,1659500.1448814305
C08647,retail,34,F,Baja California,Government Employee,2020-07-20 12:45:30.312945691,820198.3836670334
C08648,retail,30,M,Tamaulipas,Student,2022-03-09 17:29:43.858154333,282965.6779854777
C08649,retail,59,M,Quintana Roo,Business Owner,2022-08-26 04:29:11.554270791,1094814.412179244
C08650,retail,54,M,Baja California,Retired,2020-04-15 17:35:51.673179289,576720.6893705768
C08651,retail,57,M,Jalisco,Teacher,2021-03-11 16:56:33.004167929,393283.39844890387
C08652,retail,30,M,Ciudad de México,Sales,2020-02-27 16:14:51.188488374,432615.4024200428
C08653,retail,23,M,Quintana Roo,Accountant,2021-10-13 23:28:39.502752285,410602.3112081469
C08654,retail,43,M,Guerrero,Doctor,2025-07-02 08:45:48.585761368,1425605.6379929688
C08655,retail,46,M,Baja California Sur,Business Owner,2025-01-07 01:08:26.242777820,3878186.3471774063
C08656,retail,46,M,Querétaro,Accountant,2023-04-07 04:23:45.807643947,497501.13108199043
C08657,retail,59,M,Chiapas,Sales,2024-01-12 06:43:11.869247848,463150.41007845954
C08658,retail,21,M,Tamaulipas,Student,2022-01-07 09:06:42.160425735,237592.42398050716
C08659,retail,52,M,Ciudad de México,Business Owner,2020-05-25 10:09:32.234425406,2823816.85755435
C08660,retail,28,F,Tlaxcala,Business Owner,2021-02-08 19:39:09.359102611,3261312.540851577
C08661,retail,52,F,Baja California Sur,Accountant,2021-11-17 19:54:15.289634171,730529.0689936863
C08662,retail,36,F,Nayarit,Business Owner,2020-02-28 05:54:18.569363194,3489175.506020923
C08663,retail,32,M,Baja California,Business Owner,2024-10-28 12:03:28.011589621,4500645.306582363
C08664,retail,34,M,Campeche,Government Employee,2024-05-07 11:35:04.753150373,578651.1867270103
C08665,retail,24,M,Hidalgo,Student,2023-05-13 14:57:13.151302660,285206.1870378224
C08666,retail,42,F,Morelos,Consultant,2023-07-05 23:52:23.361642701,829415.5436131834
C08667,retail,32,M,Ciudad de México,Engineer,2020-10-01 19:11:08.697217105,584967.0489249144
C08668,retail,51,M,Nuevo León,Lawyer,2025-08-19 18:28:34.580951796,887281.7953351687
C08669,retail,49,M,Jalisco,Consultant,2023-12-10 13:24:59.508871918,809889.1891351304
C08670,retail,62,F,Hidalgo,Engineer,2023-12-03 00:51:21.560745445,1189556.343493785
C08671,SME,46,F,Chiapas,Doctor,2024-10-14 01:03:27.691677474,1066737.9895651587
C08672,retail,48,M,Nayarit,Student,2020-08-23 03:51:25.799291927,258177.44374543105
C08673,retail,58,M,San Luis Potosí,Freelancer,2022-09-20 03:48:51.041119588,896053.3490410558
C08674,retail,34,F,México,Business Owner,2023-05-16 02:21:35.414762967,2614397.522953117
C08675,retail,24,M,Tabasco,Doctor,2023-07-20 05:50:54.883805358,956500.4379235078
C08676,retail,44,F,Guanajuato,Lawyer,2022-06-11 18:29:25.300546220,1125718.0542844716
C08677,retail,24,F,Veracruz,Teacher,2023-10-14 13:58:15.058974193,489504.82828346186
C08678,retail,71,M,Nuevo León,Retired,2025-02-02 22:35:26.800633144,679304.414471937
C08679,retail,59,M,Chiapas,Accountant,2020-01-16 01:21:30.880730109,798037.1621489814
C08680,retail,67,M,Coahuila,Retired,2022-06-25 00:40:42.062810160,686443.6422760785
C08681,retail,42,F,Baja California,Consultant,2023-05-23 18:03:15.577458381,1365069.5502495714
C08682,retail,48,F,Nuevo León,Business Owner,2025-12-16 18:54:52.994726680,1323491.6121106525
C08683,retail,36,F,San Luis Potosí,Engineer,2021-12-04 15:35:13.484769192,769064.0311341416
C08684,retail,52,F,Michoacán,Retired,2024-03-15 06:08:59.686088254,606541.7889851704
C08685,retail,27,F,Sonora,Government Employee,2021-06-08 02:55:41.609501238,595136.0091348082
C08686,retail,18,F,Veracruz,Student,2021-10-13 04:17:53.459638529,191968.161114839
C08687,retail,32,M,San Luis Potosí,Consultant,2020-02-11 23:18:05.522442347,644114.3369582773
C08688,retail,24,M,Baja California Sur,Engineer,2023-05-10 23:08:25.630433748,665945.5663054228
C08689,retail,59,F,Tlaxcala,Retired,2021-07-22 16:26:25.762847246,504147.8674167231
C08690,retail,63,F,Durango,Business Owner,2021-09-19 18:43:45.206079639,4269667.231683591
C08691,retail,25,M,Guerrero,Government Employee,2022-11-09 13:58:53.439374135,673599.4578986026
C08692,retail,57,F,Quintana Roo,Freelancer,2025-04-05 15:40:12.883396888,946081.1327531821
C08693,retail,53,M,Veracruz,Lawyer,2024-04-15 06:59:18.307848622,1374712.3698597262
C08694,retail,23,M,Tabasco,Doctor,2021-04-18 18:52:38.426603839,1166869.9536993431
C08695,retail,37,F,Tlaxcala,Freelancer,2024-05-29 17:48:39.430252614,414808.14209992246
C08696,retail,35,M,Baja California,Accountant,2025-09-21 18:09:01.429510113,1018218.8609505893
C08697,SME,50,M,Sinaloa,Teacher,2022-07-28 16:16:22.661007526,410286.4345741783
C08698,retail,27,F,Tlaxcala,Sales,2023-02-24 05:49:25.735351068,414333.2072909617
C08699,retail,40,F,Tlaxcala,Sales,2022-06-08 13:07:55.757996953,417568.71372537693
C08700,retail,33,F,Colima,Freelancer,2024-09-16 14:27:59.456704831,295685.54404339293
C08701,SME,47,F,Sinaloa,Engineer,2023-05-30 12:03:48.006094545,849058.3272872814
C08702,retail,39,F,Ciudad de México,Freelancer,2025-12-27 05:24:42.707517277,527530.6152398002
C08703,retail,35,F,Quintana Roo,Government Employee,2024-03-07 21:04:51.482599872,665359.9086850737
C08704,retail,39,M,Oaxaca,Retired,2025-08-05 14:57:29.906979820,453902.3746280525
C08705,retail,66,F,Guerrero,Retired,2025-10-25 11:40:30.279281221,483906.83240931365
C08706,retail,36,M,Zacatecas,Sales,2021-05-12 14:27:31.648392027,443474.97638037615
C08707,retail,29,F,Tamaulipas,Business Owner,2022-12-19 00:35:49.998518200,4205094.701150323
C08708,retail,49,M,Chiapas,Student,2024-03-01 15:14:21.153437206,244103.69430296356
C08709,retail,40,M,Quintana Roo,Teacher,2021-08-22 23:27:33.756984969,383374.07601824705
C08710,retail,25,F,Hidalgo,Consultant,2023-11-24 19:27:59.444191411,1852706.4521799723
C08711,retail,68,F,Chiapas,Retired,2022-10-11 15:16:11.552150145,299254.90483024594
C08712,retail,37,M,Zacatecas,Consultant,2024-02-01 13:28:40.617558508,1600152.4547869305
C08713,retail,37,M,Tamaulipas,Government Employee,2022-01-18 13:30:19.128266440,774914.5617879461
C08714,retail,43,F,Sonora,Teacher,2020-08-23 12:36:51.561934150,329143.64188702015
C08715,retail,62,M,México,Teacher,2022-06-05 15:41:15.523006025,660603.9476457952
C08716,retail,21,M,San Luis Potosí,Student,2024-12-10 19:41:37.328120597,217957.80692623463
C08717,retail,45,M,Zacatecas,Business Owner,2025-07-24 04:53:53.557223345,3885849.3080378035
C08718,retail,67,M,Puebla,Retired,2024-02-12 03:06:08.709504891,374650.990634465
C08719,retail,43,M,Chiapas,Engineer,2021-02-11 01:20:09.467585909,867984.7458950256
C08720,retail,27,F,Chiapas,Government Employee,2021-07-27 06:33:20.235245018,980634.5020020732
C08721,retail,34,M,Campeche,Sales,2022-11-27 19:07:06.511540109,647005.2771907272
C08722,retail,44,M,Tabasco,Engineer,2020-10-18 21:57:01.564952036,707426.2293451016
C08723,retail,57,F,Tamaulipas,Accountant,2020-06-16 18:08:52.152300100,720864.4608625665
C08724,retail,37,F,Zacatecas,Teacher,2020-07-20 11:48:48.257176469,570417.136473747
C08725,retail,51,M,Tabasco,Retired,2023-11-21 05:36:08.997025663,450335.4481711214
C08726,retail,24,M,Zacatecas,Doctor,2022-04-22 16:08:05.355219120,1437524.9044043217
C08727,retail,24,F,Tamaulipas,Government Employee,2024-05-27 14:50:11.946201312,907223.3829382793
C08728,retail,36,M,Quintana Roo,Business Owner,2025-04-13 03:12:14.034738007,1331283.907740428
C08729,retail,59,F,Michoacán,Teacher,2024-06-04 01:13:31.555986684,613977.1425662518
C08730,retail,42,F,Nayarit,Government Employee,2021-04-08 06:33:57.691919652,959691.3807860516
C08731,retail,45,M,Durango,Lawyer,2022-09-19 03:25:41.261016324,980290.1861582119
C08732,retail,45,F,Tlaxcala,Government Employee,2020-04-25 17:39:01.740817149,466754.0379878582
C08733,retail,55,M,Oaxaca,Doctor,2020-10-05 21:20:23.452383336,806712.132003562
C08734,retail,34,M,Tabasco,Engineer,2022-11-08 17:19:19.516321050,580960.3205387305
C08735,retail,50,F,Baja California Sur,Government Employee,2025-02-09 16:35:22.317809122,972640.1105838495
C08736,corporate,32,M,Durango,Sales,2020-07-21 00:37:03.053108307,504229.449151027
C08737,retail,65,M,Hidalgo,Accountant,2025-03-06 00:13:38.925176194,671139.464962594
C08738,retail,32,F,San Luis Potosí,Sales,2020-12-29 07:21:06.146310633,423341.5633755196
C08739,retail,31,F,Quintana Roo,Engineer,2025-09-19 20:49:58.545274929,614841.401537774
C08740,retail,48,M,Baja California Sur,Consultant,2023-08-24 11:13:29.020369096,1263185.795212586
C08741,retail,42,F,Campeche,Student,2022-05-20 00:03:09.776773082,266783.24197776587
C08742,retail,45,M,Hidalgo,Lawyer,2022-11-28 03:47:31.223305349,1260954.9511167393
C08743,retail,44,F,Jalisco,Business Owner,2020-04-13 00:32:03.351135844,852436.0543433175
C08744,retail,28,F,Campeche,Student,2021-02-18 04:36:29.605743372,276417.160385281
C08745,retail,61,F,Guerrero,Doctor,2022-07-18 05:34:33.173753645,1452116.8377801562
C08746,retail,52,F,Michoacán,Lawyer,2020-07-12 22:01:37.620346483,1128452.529345646
C08747,retail,58,M,Durango,Retired,2023-10-06 23:23:48.157442822,414909.4152244001
C08748,retail,35,M,Quintana Roo,Freelancer,2021-11-14 20:09:20.567466677,429854.24041000905
C08749,retail,46,M,Zacatecas,Retired,2020-11-30 01:14:07.966095370,385841.9367970758
C08750,retail,44,F,San Luis Potosí,Business Owner,2020-12-31 15:01:26.197574102,3471124.9270838485
C08751,retail,55,M,Oaxaca,Doctor,2022-06-27 22:49:26.436941313,1339103.0596501399
C08752,retail,55,F,San Luis Potosí,Consultant,2024-10-11 05:20:06.711056387,998323.9367367458
C08753,retail,44,F,Morelos,Lawyer,2022-03-09 03:23:42.280405021,1007607.4877261673
C08754,retail,23,M,Tlaxcala,Business Owner,2025-05-03 10:30:41.933909079,2639736.125821595
C08755,SME,63,F,Sinaloa,Sales,2022-07-31 15:12:53.401021610,360631.97494057793
C08756,retail,48,F,Coahuila,Sales,2024-04-11 05:09:19.000174816,852686.2495232844
C08757,retail,34,M,Zacatecas,Consultant,2020-11-19 16:14:46.794438813,1558184.8081362457
C08758,retail,46,F,Campeche,Lawyer,2022-12-16 06:58:09.452748829,1120300.5475127695
C08759,retail,23,M,San Luis Potosí,Government Employee,2020-06-21 13:43:37.606710440,385590.8805947728
C08760,retail,54,M,Guerrero,Student,2023-02-27 04:37:11.512499598,281859.9146125084
C08761,retail,24,F,Durango,Retired,2023-01-16 12:48:50.520768237,467671.93895390676
C08762,retail,39,F,Baja California,Government Employee,2022-09-29 22:08:29.166975936,857818.8157195264
C08763,retail,44,M,Jalisco,Business Owner,2021-09-11 23:04:33.668870764,843594.6085727375
C08764,retail,54,F,Colima,Student,2024-04-28 22:45:03.663118262,212838.76520793088
C08765,retail,43,M,Durango,Government Employee,2025-11-08 16:57:26.766612800,735467.3857793596
C08766,retail,49,F,Chihuahua,Teacher,2021-01-17 11:42:09.831577594,495169.8164143888
C08767,retail,41,F,Quintana Roo,Lawyer,2022-08-13 19:40:48.922274562,954086.668643935
C08768,retail,41,M,Quintana Roo,Doctor,2020-08-04 12:46:02.361873712,940791.3673633104
C08769,retail,43,F,Baja California,Sales,2022-10-21 15:32:15.584583003,446178.9657611428
C08770,retail,39,M,Jalisco,Teacher,2023-05-09 03:59:54.199712805,596936.5026901222
C08771,retail,21,M,Guanajuato,Student,2020-11-08 06:18:35.424558212,202045.06576750716
C08772,retail,32,F,Baja California,Student,2021-04-10 19:03:02.528631378,251258.17873027254
C08773,retail,44,M,Campeche,Lawyer,2021-03-13 20:55:12.471167160,1108417.4238000258
C08774,retail,39,F,Chihuahua,Student,2023-11-19 17:04:03.976151707,271565.31150119286
C08775,SME,40,F,Campeche,Student,2021-01-15 13:55:53.241592024,204194.424332793
C08776,retail,38,M,Querétaro,Doctor,2022-09-17 16:09:55.431101023,989062.9734553366
C08777,SME,31,M,Chiapas,Engineer,2021-11-14 19:07:08.085727926,779081.6710237258
C08778,retail,36,M,Chihuahua,Consultant,2023-06-07 18:41:56.197534435,749863.5796347043
C08779,retail,38,M,Ciudad de México,Doctor,2023-02-15 10:54:08.003479532,1122836.801696093
C08780,retail,42,M,Querétaro,Government Employee,2025-06-21 21:22:21.364637698,591235.9817559187
C08781,retail,46,M,Querétaro,Freelancer,2023-09-08 05:13:59.915925600,1190086.5343662554
C08782,retail,39,F,Michoacán,Engineer,2020-04-12 18:14:40.521466543,915705.1903583703
C08783,retail,29,F,Guanajuato,Freelancer,2021-04-01 01:59:16.057199234,269462.09456917224
C08784,retail,25,M,Guanajuato,Teacher,2020-11-30 02:29:15.661898416,483977.11894846096
C08785,retail,73,M,San Luis Potosí,Retired,2024-02-28 14:18:35.258541495,645326.5673359507
C08786,retail,28,F,Yucatán,Lawyer,2023-02-10 05:58:44.331168443,1640121.9716346322
C08787,retail,35,F,Puebla,Retired,2021-11-16 18:53:17.316865021,682813.3107471318
C08788,retail,48,M,Puebla,Business Owner,2021-03-08 10:29:19.080128382,4545193.621699804
C08789,retail,46,F,Durango,Doctor,2022-06-23 12:30:18.540167162,923409.9673597503
C08790,retail,48,F,Tlaxcala,Engineer,2021-12-04 05:04:31.766920372,502499.19571542373
C08791,retail,36,F,Tabasco,Engineer,2021-11-07 13:24:39.383267318,931377.4987179721
C08792,retail,44,M,Aguascalientes,Engineer,2023-09-16 03:37:23.495435144,991711.7592323316
C08793,retail,42,F,Querétaro,Government Employee,2021-01-04 19:33:25.011407709,391848.6362129033
C08794,retail,38,M,Morelos,Doctor,2023-03-20 04:56:44.699058118,916784.8762740301
C08795,retail,44,F,Tabasco,Accountant,2024-04-15 19:30:32.366556997,1074154.557448654
C08796,retail,54,M,Colima,Student,2021-12-12 14:42:21.107182753,293260.9344026858
C08797,retail,41,F,Sonora,Student,2022-08-18 17:01:41.917235392,198836.74281551005
C08798,retail,41,F,Michoacán,Teacher,2021-09-01 23:06:45.567536649,398803.60871507524
C08799,retail,54,F,Sinaloa,Retired,2025-02-12 02:12:40.107014785,651452.0400235287
C08800,retail,53,F,Chihuahua,Retired,2020-06-20 08:42:11.535725429,445747.4337783463
C08801,retail,61,M,Jalisco,Business Owner,2020-10-18 00:49:32.303757193,4131713.0892763115
C08802,retail,20,F,Sinaloa,Student,2024-10-11 12:59:23.288785784,227518.71967714687
C08803,retail,52,F,Baja California,Government Employee,2023-03-08 19:17:57.146730558,815468.7770985819
C08804,corporate,49,M,Ciudad de México,Accountant,2024-04-09 16:37:04.118737910,677778.4589631974
C08805,retail,31,F,Zacatecas,Accountant,2022-07-14 04:51:59.743923621,1029426.2656262885
C08806,retail,45,F,Campeche,Student,2020-11-23 02:19:58.025340119,219069.0470573149
C08807,retail,54,F,Yucatán,Student,2025-07-05 09:34:54.499613404,242774.69895742746
C08808,retail,32,F,Nuevo León,Accountant,2024-05-05 12:28:42.581085724,765229.6571649552
C08809,retail,47,F,Morelos,Sales,2024-04-01 16:31:16.882446223,671767.0449726087
C08810,retail,52,F,Aguascalientes,Sales,2024-11-14 08:20:14.092504663,449355.3356661079
C08811,retail,29,F,San Luis Potosí,Sales,2021-01-26 20:40:55.192833021,667729.9723827463
C08812,retail,40,F,Baja California,Accountant,2020-06-25 08:24:26.697932823,498725.2147169211
C08813,retail,45,F,Morelos,Retired,2025-03-01 20:30:13.326178932,652126.9791039822
C08814,retail,32,F,Baja California,Engineer,2022-11-28 18:52:31.794163563,600921.5854662794
C08815,retail,31,M,Baja California Sur,Government Employee,2025-10-20 20:51:59.480146950,888207.2946397815
C08816,retail,40,M,Campeche,Doctor,2021-12-02 16:17:03.323723752,1285204.3417167347
C08817,retail,51,F,Hidalgo,Business Owner,2023-12-18 13:22:56.512936206,2166588.752892203
C08818,retail,49,F,Tabasco,Retired,2023-09-24 06:40:20.646911160,397345.284501054
C08819,retail,31,M,Sinaloa,Teacher,2025-08-10 11:06:03.534318660,686418.9956779667
C08820,retail,49,M,Quintana Roo,Consultant,2022-10-13 09:57:00.831881452,792475.9883193946
C08821,retail,31,M,Guerrero,Lawyer,2024-05-29 04:24:12.588410369,1467551.241478404
C08822,corporate,22,F,Puebla,Student,2022-09-08 13:50:17.603437806,202042.05971306495
C08823,retail,37,F,Chiapas,Accountant,2021-01-23 12:17:55.330006141,1033779.1698318952
C08824,retail,55,F,Jalisco,Freelancer,2022-11-11 19:57:55.097963986,941939.7468404332
C08825,retail,49,M,Chihuahua,Consultant,2025-05-06 14:14:23.135761103,1899057.965475594
C08826,retail,41,M,Aguascalientes,Student,2024-11-28 13:30:38.056312123,285493.80462186085
C08827,retail,36,M,Michoacán,Freelancer,2022-05-06 05:24:45.122143003,749499.4331317344
C08828,retail,37,M,Chihuahua,Consultant,2020-02-05 13:08:25.095366810,728343.8161609266
C08829,retail,43,F,Hidalgo,Teacher,2025-07-04 15:29:58.070021255,388584.0270754497
C08830,retail,29,M,Hidalgo,Freelancer,2022-06-11 18:21:37.050588822,401818.07567037875
C08831,retail,37,M,Guanajuato,Student,2021-08-08 21:34:11.466793963,206476.95376642133
C08832,retail,39,M,Michoacán,Sales,2025-03-08 20:36:24.605714266,559669.6707167684
C08833,retail,25,M,Querétaro,Accountant,2020-12-29 18:16:27.080222074,1007456.2999290628
C08834,retail,31,M,Jalisco,Teacher,2025-04-24 03:01:23.379673511,309245.86514327675
C08835,SME,46,M,Guanajuato,Business Owner,2022-08-30 01:18:25.443478840,1725465.9868353864
C08836,retail,42,M,Chiapas,Engineer,2024-08-03 23:59:04.440892004,917762.6835727444
C08837,retail,38,M,Sonora,Sales,2023-08-03 08:23:20.721468532,812461.1281410294
C08838,retail,31,M,Sinaloa,Doctor,2025-05-22 08:10:22.351275231,1008236.568257147
C08839,SME,60,F,Sonora,Sales,2020-10-22 14:05:58.629508648,498643.035998584
C08840,retail,31,F,Durango,Engineer,2023-10-02 00:56:32.384766735,761398.1602255634
C08841,retail,45,F,Puebla,Engineer,2024-12-08 04:56:30.040325021,705585.8577446041
C08842,retail,36,F,Sinaloa,Teacher,2024-07-04 22:13:54.326185767,579505.7497661053
C08843,retail,42,F,Sonora,Government Employee,2022-07-31 13:22:16.818005766,759070.9615301841
C08844,retail,47,M,México,Business Owner,2020-12-28 15:26:54.401225587,4326083.386318399
C08845,retail,25,M,Coahuila,Freelancer,2025-08-02 10:24:52.574627711,1117578.2977465875
C08846,retail,41,M,Yucatán,Freelancer,2020-04-21 08:56:19.934312816,1100476.6985679786
C08847,SME,56,M,Baja California Sur,Lawyer,2021-05-12 17:24:05.104632011,1248193.5456152963
C08848,retail,63,F,Guanajuato,Lawyer,2024-04-07 06:07:21.931039376,822837.1406068809
C08849,retail,40,M,Ciudad de México,Lawyer,2025-12-27 06:22:47.465655918,866594.6816088024
C08850,retail,42,F,Durango,Accountant,2020-04-02 04:55:40.166482998,813178.2491764488
C08851,SME,68,M,Quintana Roo,Retired,2024-04-17 13:00:33.016900560,663280.1016411085
C08852,retail,55,F,Campeche,Consultant,2022-12-19 19:25:43.192403030,1295647.6837784913
C08853,retail,34,F,Veracruz,Business Owner,2024-04-11 22:03:25.648675768,4723633.678225696
C08854,retail,34,F,Tamaulipas,Doctor,2023-05-20 00:33:08.252251181,983575.2747932728
C08855,retail,53,F,Sinaloa,Consultant,2023-10-21 16:28:07.222416395,629520.2529793787
C08856,retail,29,M,Querétaro,Doctor,2022-10-26 18:26:15.937124899,1357404.0805492448
C08857,retail,55,F,Sinaloa,Consultant,2021-11-18 15:43:49.842998913,1819076.252292974
C08858,retail,46,M,Oaxaca,Teacher,2023-11-13 06:21:59.357379049,479232.95071585325
C08859,retail,48,F,Sonora,Sales,2024-05-20 16:32:55.156983037,316588.84393489466
C08860,retail,38,M,Nayarit,Lawyer,2022-02-23 23:17:27.890453607,650792.795761729
C08861,retail,34,M,Tlaxcala,Lawyer,2021-12-12 16:01:32.656772967,675069.5612729129
C08862,retail,59,F,Jalisco,Student,2025-02-18 16:22:41.229115459,232694.1742644368
C08863,retail,39,M,Zacatecas,Freelancer,2023-06-03 20:42:46.195184782,434815.2257535761
C08864,retail,37,M,Ciudad de México,Teacher,2024-07-08 23:49:06.602092256,484769.7565259397
C08865,retail,41,M,Zacatecas,Business Owner,2023-06-14 23:40:52.296177349,2800505.3491077265
C08866,retail,44,F,Sonora,Teacher,2020-06-23 21:15:42.337006089,483237.5989230027
C08867,retail,29,F,Tamaulipas,Sales,2021-09-21 21:17:19.466287115,652950.184466326
C08868,retail,35,F,Veracruz,Accountant,2022-01-11 04:48:10.293158940,875583.3290967082
C08869,retail,34,F,Oaxaca,Student,2024-10-01 05:47:36.204532266,227513.84344015236
C08870,retail,52,M,Michoacán,Sales,2022-01-06 16:42:36.379574382,469070.94994096196
C08871,SME,31,F,Tabasco,Freelancer,2025-05-08 04:21:38.065733750,568401.6528381652
C08872,retail,20,F,Baja California,Student,2024-10-11 14:45:54.334756263,188421.85378917653
C08873,retail,18,F,Quintana Roo,Student,2021-07-27 12:25:57.338220565,218596.01197811254
C08874,retail,24,M,Coahuila,Student,2021-11-08 22:18:51.100819854,203989.71745383035
C08875,SME,58,M,Chiapas,Teacher,2025-01-25 10:47:15.738371569,416336.35966561874
C08876,retail,42,M,Puebla,Freelancer,2023-08-02 06:19:01.785506437,914397.8151046787
C08877,retail,48,M,San Luis Potosí,Business Owner,2023-08-08 03:43:58.517117738,4950716.257645634
C08878,retail,48,M,Querétaro,Accountant,2021-02-01 21:07:43.758883452,1046488.0004594681
C08879,retail,42,M,Morelos,Freelancer,2021-04-28 06:26:15.626118570,1021626.1361527445
C08880,retail,41,M,Guanajuato,Retired,2020-03-10 11:04:43.629840610,581739.4172242951
C08881,retail,54,M,Veracruz,Consultant,2020-01-27 23:42:16.046291913,1917407.418739238
C08882,retail,43,F,Tamaulipas,Retired,2020-02-23 17:54:22.980806109,588419.5826533721
C08883,retail,58,F,Campeche,Student,2021-02-23 00:44:37.830327261,236515.03141039045
C08884,retail,49,M,Morelos,Student,2021-09-24 02:05:21.665053622,252164.03244796587
C08885,retail,34,F,Puebla,Lawyer,2020-07-25 11:18:56.999468848,966942.271093427
C08886,retail,36,F,Chiapas,Freelancer,2022-02-04 07:59:41.137154169,203308.3410953106
C08887,retail,33,F,Campeche,Student,2025-05-24 13:52:36.930166664,222433.90093269394
C08888,retail,56,F,Yucatán,Teacher,2020-04-24 16:57:05.252429407,461932.3454706434
C08889,retail,37,M,Sinaloa,Consultant,2025-06-18 14:41:36.491105383,1599638.9694745813
C08890,retail,32,F,San Luis Potosí,Accountant,2022-08-16 08:39:31.972758039,1001455.2120365605
C08891,retail,45,M,Veracruz,Lawyer,2023-04-29 15:50:25.075916039,1755186.6240980169
C08892,retail,40,M,Zacatecas,Accountant,2020-01-30 22:37:22.108511413,646254.5791411314
C08893,corporate,45,F,Durango,Accountant,2020-03-21 23:13:06.736059146,1070178.8128525144
C08894,retail,64,F,Veracruz,Accountant,2025-03-21 16:05:54.309647859,959570.689071057
C08895,retail,52,M,Baja California Sur,Business Owner,2025-12-18 09:42:58.102973278,832630.8551079738
C08896,retail,42,F,Puebla,Engineer,2025-06-17 17:47:50.339694519,916683.1881866085
C08897,retail,25,M,Chihuahua,Teacher,2022-02-02 19:54:40.603703261,446257.0855518372
C08898,retail,36,F,Puebla,Business Owner,2025-05-27 05:04:09.514616617,846248.2338073526
C08899,retail,50,M,Colima,Engineer,2021-11-01 18:38:19.980410185,872052.6895080958
C08900,SME,27,M,Chiapas,Retired,2023-11-06 05:31:27.138533500,513168.271215947
C08901,retail,67,F,Colima,Retired,2023-06-13 00:36:06.633477559,363504.0919049737
C08902,SME,42,M,Durango,Doctor,2024-08-13 11:00:53.848188890,1457916.7655502898
C08903,retail,42,M,Yucatán,Consultant,2022-12-22 06:25:52.139028681,1415681.966208792
C08904,retail,34,M,Sonora,Sales,2024-11-24 19:15:58.639954327,364376.5506545064
C08905,retail,47,M,Zacatecas,Lawyer,2023-07-17 23:47:52.046633224,1465508.9520989112
C08906,retail,28,F,Veracruz,Doctor,2020-04-21 15:40:14.397964541,1149398.1866835142
C08907,retail,67,M,Nuevo León,Retired,2023-12-24 06:22:03.704954197,462955.7936732231
C08908,retail,57,F,Puebla,Teacher,2023-09-04 06:43:22.265995024,633814.1396468838
C08909,retail,53,M,Campeche,Doctor,2022-11-06 02:05:05.175177177,896725.9971005685
C08910,corporate,25,M,Tlaxcala,Student,2024-08-09 06:43:22.623254274,238918.8995673987
C08911,retail,44,M,Tabasco,Doctor,2020-08-14 11:29:05.471047949,1346534.918994451
C08912,retail,56,F,Chihuahua,Student,2020-05-23 00:16:54.965515017,259247.27305154403
C08913,retail,49,M,Baja California Sur,Business Owner,2023-09-02 13:00:37.244629190,723278.7324595483
C08914,retail,29,M,Tamaulipas,Teacher,2023-09-23 01:26:15.771030768,614981.0243083027
C08915,retail,34,M,Zacatecas,Engineer,2020-11-27 17:56:04.040264829,1161271.2850569542
C08916,retail,36,F,Sonora,Engineer,2024-09-27 04:25:05.555530082,993268.8890580735
C08917,retail,34,M,Campeche,Teacher,2022-05-14 06:39:01.743441900,650361.2458587477
C08918,retail,60,F,Tabasco,Business Owner,2024-10-02 00:06:55.751073725,2251490.7523447634
C08919,retail,18,M,Campeche,Student,2021-07-04 16:20:18.881319298,222072.72809812846
C08920,retail,49,M,Chiapas,Business Owner,2023-05-15 19:02:45.517580859,2079717.8000959766
C08921,retail,26,M,Tabasco,Doctor,2021-08-06 06:57:00.272496262,1314479.3338351285
C08922,retail,30,M,México,Student,2020-12-16 15:07:41.005794858,293048.85686450475
C08923,retail,18,F,Michoacán,Student,2022-03-15 15:29:33.138240614,286248.97795830824
C08924,retail,35,F,Chihuahua,Retired,2020-01-18 02:35:11.004790465,317596.4055393109
C08925,retail,60,M,Nayarit,Consultant,2021-01-27 08:21:00.303726434,1439162.228584536
C08926,retail,45,M,Sonora,Freelancer,2025-07-28 06:41:03.371841012,1195959.2754856073
C08927,retail,27,M,Guerrero,Retired,2025-08-01 08:59:41.173336730,382916.08321905416
C08928,retail,54,M,San Luis Potosí,Freelancer,2021-04-19 22:16:24.876485431,834785.4277996969
C08929,retail,56,M,Oaxaca,Retired,2024-01-06 03:51:50.126443839,657981.6302207257
C08930,corporate,43,F,Coahuila,Lawyer,2022-04-17 04:41:00.444509207,1679458.6676811327
C08931,retail,66,M,Quintana Roo,Retired,2022-04-27 07:25:19.044787859,394664.19847724715
C08932,retail,51,F,Guerrero,Lawyer,2022-01-01 21:03:54.848246284,712709.9918432378
C08933,retail,50,M,Jalisco,Consultant,2021-06-20 13:05:37.961200298,1469014.0846152976
C08934,retail,32,M,Hidalgo,Teacher,2024-02-10 15:26:17.685325816,678787.9461982166
C08935,retail,49,M,Sonora,Student,2025-09-01 11:56:18.334015517,240958.55532682326
C08936,retail,44,M,Guanajuato,Teacher,2023-11-13 10:52:36.338645458,483083.41556141723
C08937,retail,48,M,Guanajuato,Doctor,2023-08-09 11:19:10.568751827,1404764.7490565157
C08938,retail,33,M,Baja California,Retired,2023-09-08 09:28:31.028803997,441068.9301800898
C08939,retail,43,M,Jalisco,Teacher,2024-01-15 01:16:04.061489594,572372.1626618778
C08940,retail,32,F,México,Engineer,2021-03-24 20:57:00.159892523,772050.039059124
C08941,retail,18,M,Quintana Roo,Student,2024-05-27 00:20:35.387995392,225256.87628228363
C08942,retail,53,F,Tamaulipas,Business Owner,2024-11-13 03:04:26.721095629,1507572.7187760067
C08943,retail,23,M,Aguascalientes,Lawyer,2024-08-12 03:49:30.643328892,706142.0928150407
C08944,SME,43,F,Zacatecas,Lawyer,2025-12-12 17:57:47.946346024,1662193.696257511
C08945,retail,45,M,Guerrero,Consultant,2024-11-16 23:06:18.100602555,771829.91757395
C08946,retail,45,M,Jalisco,Doctor,2024-08-23 06:16:34.204001673,843552.9437487201
C08947,retail,38,F,Nayarit,Sales,2023-07-12 16:10:07.525591368,628500.8531277461
C08948,SME,45,M,Puebla,Freelancer,2023-05-29 15:41:07.620587003,745997.2943049404
C08949,retail,47,F,San Luis Potosí,Student,2021-04-15 16:29:27.179034168,248131.3721534103
C08950,retail,50,F,Tamaulipas,Consultant,2022-04-09 08:21:28.968718121,1202157.8002556213
C08951,retail,62,M,Quintana Roo,Consultant,2024-12-18 17:34:36.627923540,712904.6702635544
C08952,retail,44,F,Baja California Sur,Teacher,2022-09-01 07:27:18.537481793,308365.9541546602
C08953,retail,42,F,Tlaxcala,Sales,2024-11-02 22:50:53.019313034,280169.09910980676
C08954,retail,31,F,Sonora,Student,2020-02-22 03:54:02.303575306,293178.60064738884
C08955,retail,47,F,Yucatán,Engineer,2022-09-25 20:24:42.528275022,872298.512962592
C08956,retail,50,M,Sinaloa,Lawyer,2022-09-26 22:46:01.313712816,1079665.5223008958
C08957,retail,39,M,Guerrero,Engineer,2022-11-05 15:10:11.508458377,787582.6821415755
C08958,retail,48,F,Tlaxcala,Lawyer,2024-09-15 17:33:06.798894943,1382635.0700252703
C08959,retail,38,M,Chiapas,Consultant,2021-03-31 09:08:15.192887112,1064994.5430540503
C08960,retail,50,M,Baja California Sur,Retired,2024-11-10 22:10:10.974851742,608407.3763770512
C08961,retail,52,M,Coahuila,Sales,2023-10-24 18:07:19.184288743,418963.1561675688
C08962,retail,52,F,Michoacán,Sales,2020-05-27 21:37:33.759302619,488718.8014221393
C08963,retail,43,M,Zacatecas,Accountant,2022-01-24 14:34:20.101176803,1054498.7059803412
C08964,retail,29,F,Oaxaca,Doctor,2023-06-09 21:29:08.812154677,982198.8322222445
C08965,retail,34,M,Morelos,Teacher,2022-06-01 23:51:42.377360255,564635.0205369669
C08966,retail,49,M,Puebla,Retired,2025-06-15 06:15:32.173695653,414055.6388227071
C08967,retail,71,F,Tabasco,Retired,2021-10-24 14:39:15.777869446,462039.1725203311
C08968,retail,37,F,Colima,Business Owner,2022-12-13 22:41:46.271336743,894309.6751952071
C08969,retail,47,M,México,Teacher,2020-10-24 08:12:32.960863926,366893.7232366146
C08970,retail,35,M,Tamaulipas,Lawyer,2025-02-10 22:47:43.549558954,722295.442903088
C08971,retail,30,M,Oaxaca,Consultant,2025-03-10 19:38:10.797859201,1767073.566311654
C08972,retail,33,F,México,Student,2024-01-10 07:23:31.002822734,295403.9126779567
C08973,retail,18,M,Quintana Roo,Student,2024-04-16 08:53:37.887172979,188157.02169216992
C08974,retail,58,M,Yucatán,Sales,2024-10-25 11:33:16.794517455,299949.827472031
C08975,retail,18,F,Colima,Student,2024-03-02 22:29:25.912925997,246260.82520732912
C08976,retail,38,M,Sinaloa,Consultant,2021-04-03 20:59:38.536514886,1256052.8911983827
C08977,retail,27,M,Guanajuato,Government Employee,2022-10-30 18:03:10.459309840,755401.1435177455
C08978,retail,31,F,Yucatán,Teacher,2022-11-24 01:54:36.981036775,594723.0710044545
C08979,retail,58,F,Sinaloa,Engineer,2020-05-06 22:17:17.329851756,1058054.423202064
C08980,retail,44,F,Puebla,Engineer,2020-10-01 11:32:04.567712255,604358.5152549082
C08981,retail,30,M,Querétaro,Engineer,2022-08-06 03:49:12.280328886,526485.0483019681
C08982,retail,34,F,Quintana Roo,Consultant,2021-08-31 22:35:41.478894815,1833739.1981552192
C08983,retail,32,F,Durango,Sales,2025-11-15 13:59:04.271845410,555202.0504548515
C08984,retail,41,M,Nayarit,Lawyer,2022-08-04 22:40:30.813738943,1765494.163069514
C08985,retail,44,F,Ciudad de México,Consultant,2023-07-16 07:15:18.608873897,1299154.76057299
C08986,retail,64,M,Zacatecas,Retired,2023-12-26 03:25:43.782199581,479512.82900270796
C08987,retail,19,F,Michoacán,Student,2021-01-24 10:59:45.049698708,254758.14604889575
C08988,SME,41,F,Aguascalientes,Doctor,2024-01-09 05:32:25.365945851,919100.9572236467
C08989,retail,38,F,Veracruz,Sales,2020-01-27 00:40:40.913768935,415126.5823156185
C08990,retail,53,M,Querétaro,Sales,2023-06-24 09:43:54.865099875,838775.1046268757
C08991,retail,46,F,Chihuahua,Government Employee,2023-09-17 23:01:00.188715752,448629.6373199358
C08992,retail,49,M,Veracruz,Government Employee,2020-01-29 06:20:43.905039030,463079.81535917387
C08993,retail,46,F,Quintana Roo,Engineer,2021-02-28 17:59:17.633607620,856989.423860753
C08994,retail,30,F,Baja California,Retired,2025-02-03 23:41:24.032905843,538518.7502516223
C08995,retail,56,M,Hidalgo,Lawyer,2021-04-03 20:05:49.741783603,601084.6408415561
C08996,retail,51,M,Querétaro,Sales,2023-11-04 09:52:49.020430721,546908.2306653425
C08997,retail,52,F,Chihuahua,Government Employee,2024-06-11 11:21:52.833953329,579309.5869056445
C08998,SME,57,M,Ciudad de México,Freelancer,2023-06-03 09:15:29.190688450,1065620.0581624142
C08999,retail,47,F,Jalisco,Student,2020-12-05 13:59:17.181457928,280764.535741862
C09000,SME,59,M,San Luis Potosí,Engineer,2024-06-04 14:42:51.180817749,1134147.322329498
C09001,SME,46,F,Puebla,Student,2025-10-24 12:51:06.198844874,281046.9153090463
C09002,retail,39,M,Coahuila,Sales,2025-04-27 13:01:54.337307204,761363.1730885303
C09003,retail,41,F,Quintana Roo,Engineer,2024-02-08 12:14:20.976283488,1101304.3315584972
C09004,retail,41,F,Chiapas,Freelancer,2025-10-17 22:43:09.533252743,374806.6992403732
C09005,retail,35,F,Coahuila,Freelancer,2024-12-28 21:47:01.921942740,540849.432533408
C09006,retail,61,M,Baja California Sur,Retired,2020-06-16 04:25:07.787532049,557628.9298548
C09007,retail,45,F,Quintana Roo,Retired,2023-04-30 20:58:12.939669644,665409.8544864831
C09008,retail,43,M,Hidalgo,Government Employee,2022-06-01 15:40:22.052576241,766836.8031255358
C09009,retail,46,F,Querétaro,Student,2022-04-10 11:36:46.739353227,204954.07647822547
C09010,retail,77,F,Yucatán,Retired,2021-05-28 04:42:54.481152599,675100.223383864
C09011,retail,28,M,Guerrero,Engineer,2020-10-22 03:14:33.584428965,1032240.0230951322
C09012,retail,31,M,Chihuahua,Consultant,2021-03-03 22:23:04.155792290,1574816.3507754179
C09013,retail,25,M,Baja California,Engineer,2023-12-02 22:35:25.910136108,1033755.3946244083
C09014,retail,39,F,México,Student,2022-01-28 17:18:54.866947787,259098.02204663202
C09015,retail,44,F,México,Government Employee,2022-11-07 00:25:40.617999122,315478.8307453836
C09016,retail,36,M,Nayarit,Student,2021-05-30 01:53:53.680039385,210434.4447749808
C09017,retail,35,M,Quintana Roo,Engineer,2023-12-08 18:33:52.565115012,1169601.2445435962
C09018,retail,43,F,Morelos,Student,2024-07-17 18:10:43.998978148,214632.8022150693
C09019,retail,35,M,Sinaloa,Student,2024-09-05 03:00:05.016679781,272595.9497651228
C09020,retail,45,M,Baja California Sur,Freelancer,2025-02-07 14:04:45.910170687,624484.3948931003
C09021,retail,55,M,Querétaro,Government Employee,2020-04-04 23:03:26.313247354,935270.3086235771
C09022,retail,50,M,Baja California Sur,Government Employee,2023-10-16 20:13:39.915000940,690368.8958727474
C09023,retail,52,F,Tamaulipas,Freelancer,2024-01-01 09:37:06.960608216,831886.6287405887
C09024,retail,55,F,Ciudad de México,Doctor,2025-08-08 15:05:42.385232754,967737.8568766214
C09025,retail,45,M,Durango,Engineer,2024-05-24 04:33:40.249030472,540266.4420335885
C09026,retail,40,F,Guerrero,Doctor,2020-03-26 10:34:47.502793693,1329590.1619957658
C09027,retail,32,M,Quintana Roo,Student,2020-12-18 00:11:35.316379356,188117.2623829742
C09028,retail,37,F,Aguascalientes,Student,2022-03-13 20:50:03.627289502,266616.50475648616
C09029,corporate,35,M,Campeche,Freelancer,2023-09-13 06:11:15.472765904,755493.4174546866
C09030,retail,50,F,Veracruz,Business Owner,2021-09-19 10:40:50.459203757,4226102.785738191
C09031,retail,46,M,Puebla,Teacher,2021-10-08 09:24:45.711165545,382309.441562762
C09032,retail,50,M,Quintana Roo,Accountant,2025-06-27 01:06:38.829050266,779071.2768831241
C09033,retail,28,F,Quintana Roo,Government Employee,2022-05-31 05:51:04.421511313,729920.5853168422
C09034,retail,59,M,Chiapas,Student,2020-01-19 20:47:20.212028499,188915.80949701113
C09035,retail,36,F,Tamaulipas,Doctor,2020-03-10 00:17:16.189248023,1317259.2176533835
C09036,retail,28,F,Morelos,Sales,2024-03-14 22:39:30.952052247,502869.5219188467
C09037,retail,36,F,Puebla,Teacher,2022-07-12 14:13:16.147204676,351565.7646657607
C09038,retail,71,M,Chiapas,Retired,2023-05-08 11:38:00.167658001,424179.60704566224
C09039,retail,37,M,Campeche,Retired,2020-08-03 14:41:44.461873600,294235.76687397354
C09040,retail,38,F,Tlaxcala,Engineer,2020-06-20 09:51:54.227042192,1121597.9991220993
C09041,retail,39,M,Querétaro,Lawyer,2021-01-21 17:17:35.814608515,1148112.3376186716
C09042,retail,40,F,México,Sales,2025-06-21 11:02:24.383033562,339718.378363034
C09043,SME,32,F,San Luis Potosí,Teacher,2021-09-26 02:18:14.279745866,400838.5231867818
C09044,retail,43,F,Durango,Sales,2021-01-21 07:29:29.147026946,721022.6418371629
C09045,retail,54,F,Chiapas,Consultant,2023-04-09 07:38:50.171987299,1679133.0368509057
C09046,retail,45,M,Jalisco,Business Owner,2024-07-18 04:31:54.024447741,877660.5405351938
C09047,retail,28,F,San Luis Potosí,Sales,2021-11-20 07:51:15.280196654,288922.194684062
C09048,retail,37,F,Yucatán,Government Employee,2025-11-28 11:42:26.266832618,942030.537040891
C09049,SME,35,M,Tamaulipas,Government Employee,2022-11-15 12:23:20.072566182,531687.8905048415
C09050,retail,42,M,Puebla,Consultant,2022-02-25 06:24:19.259776790,789985.9945264196
C09051,retail,57,F,Hidalgo,Student,2023-12-29 20:05:42.664657269,194767.03886202024
C09052,retail,40,F,Nuevo León,Accountant,2023-10-22 16:31:07.937598488,733170.7106163586
C09053,retail,40,M,Colima,Doctor,2022-02-01 05:18:25.179862021,1339737.6571592519
C09054,retail,63,F,Guerrero,Teacher,2024-09-03 04:02:28.023083872,508447.6281395529
C09055,retail,52,M,Oaxaca,Teacher,2022-10-30 15:35:44.065772222,308269.49252323504
C09056,SME,48,F,Veracruz,Teacher,2024-02-14 11:07:30.294150338,493562.4703026258
C09057,retail,65,F,Nuevo León,Government Employee,2021-03-10 15:00:36.962923755,518160.26571733353
C09058,retail,47,M,Zacatecas,Freelancer,2020-03-24 23:45:51.291442693,882859.8530311524
C09059,retail,18,M,Nuevo León,Student,2022-10-18 06:37:38.721216248,242821.59971611956
C09060,retail,51,F,Chihuahua,Government Employee,2022-06-29 08:34:45.460120338,975736.970291244
C09061,SME,22,F,Colima,Student,2020-09-16 16:18:55.756893129,251780.29664858052
C09062,retail,47,M,Durango,Teacher,2020-04-26 03:43:31.481995177,552993.0189235923
C09063,retail,21,F,Puebla,Student,2022-08-16 13:34:34.225488881,242428.21303380362
C09064,retail,36,M,Morelos,Business Owner,2023-03-04 22:46:59.837442756,2037323.906358849
C09065,retail,37,M,Aguascalientes,Accountant,2020-07-17 22:00:49.109242594,841422.8411453802
C09066,retail,32,F,Nuevo León,Consultant,2024-06-22 15:47:57.990893352,999367.7827693645
C09067,retail,37,M,Guerrero,Student,2023-10-11 01:46:41.127154291,266082.49506428494
C09068,retail,54,F,Tamaulipas,Freelancer,2020-11-04 03:01:29.999118428,436846.67415055865
C09069,retail,33,F,Querétaro,Sales,2025-06-27 01:47:06.099121772,488980.2570639872
C09070,retail,48,F,Baja California,Retired,2025-07-07 07:11:19.066178747,512642.33059258945
C09071,retail,30,M,Morelos,Government Employee,2020-10-02 13:48:43.050320757,739944.8201636211
C09072,retail,39,F,Yucatán,Accountant,2020-10-16 04:18:07.786508676,868029.6714935659
C09073,retail,45,F,Coahuila,Student,2023-09-10 13:04:41.816134988,264038.67656209454
C09074,retail,30,M,Jalisco,Sales,2024-04-08 02:20:24.081023387,456899.4635018301
C09075,retail,26,M,Jalisco,Business Owner,2024-12-17 14:03:07.049734743,4538079.44540593
C09076,retail,47,F,Guerrero,Freelancer,2024-01-24 08:10:19.492001768,229933.6381880828
C09077,retail,55,M,Michoacán,Student,2022-06-11 09:29:57.827111533,202611.78099213802
C09078,retail,41,F,Nayarit,Lawyer,2022-04-02 18:36:39.222196029,684169.0536219522
C09079,retail,36,F,Colima,Lawyer,2021-02-16 06:26:20.747138369,1405845.0383998174
C09080,retail,43,M,Baja California,Consultant,2025-09-29 17:13:11.820351556,910498.1283780772
C09081,retail,42,M,Guanajuato,Sales,2022-05-15 11:49:33.530586441,379449.97886852326
C09082,retail,44,M,Aguascalientes,Teacher,2024-09-26 09:21:37.301854499,492267.47569694277
C09083,retail,18,M,Durango,Student,2025-05-15 04:47:03.151942652,254286.32165717805
C09084,retail,29,F,Nayarit,Freelancer,2024-05-21 11:32:32.653475385,819246.7084998783
C09085,retail,31,M,Michoacán,Student,2025-05-28 14:46:15.399173395,246894.8609860779
C09086,retail,43,M,Baja California,Teacher,2024-03-18 02:46:07.213670962,696795.5359942509
C09087,retail,44,M,Quintana Roo,Freelancer,2023-10-23 08:40:08.179292057,1060215.6373698898
C09088,SME,49,F,Morelos,Freelancer,2020-01-29 05:40:38.643049632,438860.44397672586
C09089,retail,45,M,Michoacán,Engineer,2024-01-31 08:46:09.736307778,1031102.1404723653
C09090,retail,26,F,Nuevo León,Government Employee,2021-06-11 08:47:41.785448762,698508.6246830741
C09091,retail,59,F,Chiapas,Lawyer,2020-04-23 15:24:51.106217237,684622.9291299384
C09092,retail,57,M,Tamaulipas,Consultant,2025-09-02 01:19:17.646911876,574371.6769651677
C09093,retail,26,M,Quintana Roo,Lawyer,2024-01-10 20:20:39.432692442,1559543.6630333425
C09094,retail,45,F,Veracruz,Teacher,2023-08-19 03:20:37.178068038,517996.820861064
C09095,retail,34,F,Zacatecas,Accountant,2023-06-27 15:36:30.605893959,799927.9935230603
C09096,retail,43,M,Chihuahua,Freelancer,2021-10-16 18:32:05.764199966,536269.3911418191
C09097,retail,54,F,San Luis Potosí,Doctor,2024-08-08 08:45:07.989992411,1451244.5801355802
C09098,retail,67,M,Morelos,Retired,2021-10-13 23:48:50.354354849,571007.2153604492
C09099,SME,51,M,Michoacán,Freelancer,2025-11-16 04:21:59.745560677,1127773.4230117537
C09100,retail,45,F,Michoacán,Government Employee,2023-10-14 15:03:46.271981505,369487.1794583958
C09101,retail,37,M,Coahuila,Freelancer,2022-04-28 05:43:29.624823014,783729.9330907847
C09102,retail,44,F,Michoacán,Doctor,2021-03-20 23:44:35.023526458,1246269.7124065803
C09103,retail,58,F,Ciudad de México,Lawyer,2025-11-05 13:23:01.357419438,751192.113304456
C09104,retail,41,F,Quintana Roo,Consultant,2025-08-23 22:54:42.492599886,1019397.8284205088
C09105,retail,31,M,Chihuahua,Accountant,2023-09-05 05:14:49.784928623,550363.2578430641
C09106,retail,22,M,Michoacán,Student,2021-01-15 23:09:29.648989921,298136.06152886536
C09107,retail,48,M,Ciudad de México,Retired,2022-02-06 06:48:57.087461514,494537.37943358696
C09108,retail,44,M,Tlaxcala,Lawyer,2022-09-05 07:52:08.651745393,978313.4108357469
C09109,retail,34,M,Campeche,Consultant,2020-05-27 22:13:35.885472790,1496745.6425646301
C09110,retail,54,F,Tamaulipas,Business Owner,2023-07-12 22:13:33.021830714,3536055.4273761623
C09111,SME,36,M,Sonora,Government Employee,2025-07-12 22:18:49.220169841,543131.610490136
C09112,retail,40,F,Querétaro,Consultant,2024-03-05 22:51:48.599843355,1990885.2823994898
C09113,retail,41,F,Chihuahua,Accountant,2022-10-23 15:55:53.635720913,966273.9167038776
C09114,retail,37,F,Veracruz,Government Employee,2025-11-03 10:05:53.181366528,580223.1191651757
C09115,retail,44,F,Sonora,Retired,2021-05-14 06:07:06.702079260,547027.3649929783
C09116,retail,55,M,Jalisco,Retired,2023-02-05 23:29:46.448346808,569743.5407676288
C09117,retail,28,M,Baja California Sur,Student,2024-09-26 05:41:52.931312007,200858.15617609024
C09118,corporate,47,F,Quintana Roo,Sales,2020-02-18 18:55:29.194724564,820804.3400420361
C09119,SME,44,F,Morelos,Freelancer,2022-05-26 13:48:50.198824094,1026038.6359381722
C09120,retail,43,M,Guanajuato,Consultant,2020-11-21 00:17:19.265269691,1633513.1517480966
C09121,retail,52,F,San Luis Potosí,Sales,2020-04-11 16:42:17.912252887,394739.662354094
C09122,retail,42,F,Colima,Freelancer,2023-10-22 12:19:27.573687081,336249.95105724654
C09123,retail,47,M,Colima,Teacher,2025-03-22 01:31:55.882215888,372219.4140321782
C09124,retail,50,M,Sinaloa,Business Owner,2025-12-27 16:31:22.832079693,1099980.9728280795
C09125,retail,35,F,Yucatán,Retired,2023-05-30 08:15:40.030081631,673131.8137764905
C09126,SME,45,M,Campeche,Retired,2020-04-22 07:54:34.782810655,633173.3538116309
C09127,retail,38,M,México,Teacher,2023-06-25 04:51:22.611735452,336311.8775310295
C09128,retail,40,M,Michoacán,Retired,2024-02-08 10:33:47.856229610,555087.4956734156
C09129,retail,38,F,Querétaro,Business Owner,2024-07-03 22:47:39.944355562,1756025.8516226881
C09130,SME,47,F,Yucatán,Accountant,2024-10-31 17:17:57.006503718,412091.57459200924
C09131,retail,42,M,Guanajuato,Accountant,2022-09-27 08:07:57.407698966,604674.7886613149
C09132,retail,46,M,Tamaulipas,Sales,2022-12-07 18:07:13.918197903,536019.9850833851
C09133,retail,41,M,Coahuila,Student,2020-04-07 10:39:32.018334187,182404.5990726627
C09134,retail,22,M,Nayarit,Student,2021-09-07 14:14:30.198481479,218846.72741936884
C09135,retail,42,M,Zacatecas,Doctor,2025-11-30 02:14:28.184736815,1290247.5408547604
C09136,retail,42,M,Chihuahua,Government Employee,2023-05-12 02:27:33.664831892,459900.1497526037
C09137,retail,44,M,San Luis Potosí,Business Owner,2020-05-31 08:10:29.061453328,2785040.2787939096
C09138,retail,34,F,Yucatán,Doctor,2020-07-17 22:36:37.140761889,1421307.5267064362
C09139,retail,27,M,Campeche,Engineer,2023-03-08 16:41:19.612200882,519873.7166372709
C09140,retail,49,M,Chiapas,Sales,2024-07-07 18:58:09.052833173,760664.9302769675
C09141,retail,38,M,San Luis Potosí,Business Owner,2025-08-30 22:52:23.875707908,2350739.5255285213
C09142,retail,44,F,Baja California Sur,Retired,2023-06-03 23:32:10.739948062,493517.99211614643
C09143,SME,38,M,Chihuahua,Engineer,2025-12-02 22:34:05.009629165,661610.4402347067
C09144,retail,41,F,Jalisco,Consultant,2020-12-05 11:41:58.372059698,1368423.269939051
C09145,retail,36,F,Aguascalientes,Retired,2020-10-04 00:46:42.472941549,578815.5729865972
C09146,retail,30,F,Oaxaca,Government Employee,2020-06-11 13:35:26.911086727,441076.7523121359
C09147,retail,47,F,Zacatecas,Business Owner,2021-11-12 02:41:28.347008482,2176056.259664123
C09148,retail,34,M,Jalisco,Student,2025-08-07 19:26:37.523979551,248086.04710394226
C09149,retail,43,M,Chihuahua,Doctor,2023-07-16 07:22:07.950402538,1091747.1146286535
C09150,retail,46,F,Baja California Sur,Accountant,2023-05-01 10:24:17.068104926,605207.3076750454
C09151,retail,34,M,Morelos,Doctor,2024-03-14 20:31:56.074491956,1116181.6547152465
C09152,retail,27,M,Querétaro,Business Owner,2021-05-04 12:03:42.135757140,1950559.689704344
C09153,retail,71,F,Zacatecas,Retired,2023-04-12 04:05:21.202520702,385843.41439223604
C09154,retail,35,F,Jalisco,Sales,2025-09-20 20:52:32.337607797,646912.5008742928
C09155,retail,49,F,Nuevo León,Government Employee,2021-08-11 14:29:51.494559299,633946.1672354604
C09156,retail,65,F,San Luis Potosí,Teacher,2023-08-07 11:49:07.053417315,570829.5669296386
C09157,SME,51,F,Coahuila,Retired,2022-07-05 21:43:56.159016129,626851.0869818517
C09158,retail,38,F,Guanajuato,Sales,2023-08-15 13:53:28.132834247,862928.4065741119
C09159,retail,41,M,Coahuila,Accountant,2020-12-09 07:40:25.997963203,505946.08289751806
C09160,retail,32,F,Hidalgo,Sales,2021-01-21 01:32:54.427793846,657024.3505615188
C09161,SME,52,M,Tamaulipas,Freelancer,2023-01-29 20:24:00.765358040,782400.1206607993
C09162,retail,48,F,San Luis Potosí,Sales,2023-02-12 14:12:31.440692467,813515.2834802491
C09163,retail,35,M,Quintana Roo,Sales,2024-08-01 23:08:45.934640676,832329.3342151963
C09164,retail,29,M,Puebla,Government Employee,2025-02-08 10:33:27.726666924,832352.5745633359
C09165,SME,26,F,Sonora,Sales,2023-11-02 14:01:26.845731447,637050.7843216285
C09166,retail,53,M,San Luis Potosí,Retired,2022-10-02 12:14:40.827702092,339668.45916634856
C09167,retail,43,F,Jalisco,Business Owner,2023-12-12 21:11:14.528129037,1889545.3854125466
C09168,retail,44,F,San Luis Potosí,Consultant,2025-02-16 23:14:19.810495470,1404151.2359715423
C09169,retail,32,F,Guanajuato,Engineer,2023-06-08 23:42:34.665149574,597540.7743495412
C09170,retail,24,M,Colima,Government Employee,2023-10-12 10:39:47.195995835,428775.10535156744
C09171,retail,53,M,Yucatán,Retired,2023-01-25 14:34:51.498794973,660145.4327561802
C09172,retail,42,F,Guerrero,Sales,2023-02-12 01:32:31.392735798,871603.7619469952
C09173,retail,52,M,México,Government Employee,2022-12-07 06:14:26.217514919,303664.2986837332
C09174,retail,37,M,Durango,Student,2022-09-10 03:18:13.547699811,283498.693824298
C09175,retail,39,M,Querétaro,Doctor,2020-03-06 02:17:08.942613662,1456610.4399291547
C09176,retail,50,F,Baja California,Doctor,2021-09-11 01:29:00.665504967,1168018.1558346422
C09177,retail,50,F,San Luis Potosí,Freelancer,2023-10-09 06:38:39.603362414,648900.9577100718
C09178,retail,51,M,Hidalgo,Retired,2021-12-22 05:58:44.860092682,663460.6921441952
C09179,retail,38,F,Durango,Freelancer,2021-11-17 22:37:36.526041316,207533.16426992198
C09180,retail,49,F,Zacatecas,Retired,2020-08-24 06:15:16.228209089,628219.4667968593
C09181,retail,55,F,Yucatán,Accountant,2021-07-16 21:59:48.241454178,607603.5428062005
C09182,retail,40,M,Morelos,Accountant,2021-12-22 13:53:45.601281095,848814.1853924482
C09183,retail,35,F,Sinaloa,Doctor,2023-05-25 04:43:56.659933780,1026238.9430484935
C09184,retail,58,M,Sinaloa,Business Owner,2023-05-08 03:57:14.056141740,2948662.9094131123
C09185,retail,34,F,Querétaro,Business Owner,2023-08-27 11:17:39.719452827,4175764.605945133
C09186,retail,49,F,Durango,Doctor,2025-10-29 23:26:52.041751387,926888.451641018
C09187,retail,41,F,Querétaro,Student,2021-01-12 04:29:39.796980551,259670.89820166954
C09188,retail,19,M,Chihuahua,Student,2021-10-15 07:43:26.511260564,287801.3186012985
C09189,SME,55,F,Tabasco,Doctor,2023-05-23 09:48:08.652138422,1430737.0970359973
C09190,retail,18,M,Oaxaca,Student,2022-02-25 13:51:35.987770727,287295.40656199865
C09191,SME,18,M,Aguascalientes,Student,2020-05-19 15:28:26.660175590,242216.1306748918
C09192,retail,48,F,Zacatecas,Sales,2021-03-29 19:17:48.754911564,749006.582302701
C09193,SME,48,F,Morelos,Business Owner,2024-03-23 21:46:13.485327705,2621488.7516194233
C09194,retail,34,M,Aguascalientes,Lawyer,2022-06-17 18:19:32.493187206,1152196.5247758382
C09195,retail,43,M,Chiapas,Lawyer,2020-07-01 10:24:52.236695754,940625.4097941589
C09196,retail,18,M,Tlaxcala,Student,2022-06-05 15:37:34.124247602,214227.58148537262
C09197,retail,50,F,México,Accountant,2023-08-11 10:09:20.177082036,426477.0631998666
C09198,SME,44,F,Quintana Roo,Freelancer,2022-05-24 22:29:34.436358456,731472.1553784577
C09199,retail,41,F,Aguascalientes,Consultant,2023-03-07 15:08:35.578862431,963141.680374736
C09200,retail,42,M,Morelos,Engineer,2023-08-17 06:47:02.179835726,631380.6907582517
C09201,SME,47,F,Jalisco,Sales,2024-12-26 23:46:50.082418981,329113.45391735854
C09202,retail,41,F,Hidalgo,Teacher,2023-05-20 15:16:42.040057380,438799.87898181146
C09203,retail,19,F,Tamaulipas,Student,2022-05-03 07:07:59.638416165,287882.16645134834
C09204,retail,68,F,Guanajuato,Retired,2022-12-02 22:09:01.686444637,482381.22535573225
C09205,SME,56,F,Guerrero,Consultant,2025-03-31 15:36:43.383821815,1335404.5171066264
C09206,retail,26,F,Chihuahua,Consultant,2020-11-09 23:19:05.986692193,581491.8745125402
C09207,retail,37,F,Guanajuato,Sales,2022-07-08 21:22:48.279799746,587900.6418407772
C09208,retail,39,M,Baja California,Freelancer,2025-05-31 06:46:26.836253481,867612.408568384
C09209,retail,54,F,Nayarit,Government Employee,2023-12-05 21:53:54.118013685,405500.8046168623
C09210,retail,18,F,Guerrero,Student,2025-12-01 21:00:22.961881801,298027.43907160143
C09211,SME,36,F,Tlaxcala,Engineer,2024-05-16 17:59:55.722532320,1140581.0565660638
C09212,SME,20,M,Quintana Roo,Student,2024-02-19 12:48:20.706634911,299173.2645210987
C09213,retail,38,M,México,Sales,2020-08-31 00:45:38.967241358,484206.397634506
C09214,retail,36,F,Ciudad de México,Retired,2022-11-29 04:00:04.400237435,620035.4425538124
C09215,retail,42,F,Colima,Student,2024-11-20 06:55:31.741804474,219448.61472430307
C09216,retail,34,F,Nayarit,Student,2021-08-18 22:50:26.711457506,269896.2979689976
C09217,retail,32,M,Michoacán,Consultant,2024-12-28 10:11:50.383576857,1921745.6217972967
C09218,SME,49,M,Veracruz,Sales,2020-10-31 01:52:13.015254183,350763.5556111944
C09219,retail,47,M,Quintana Roo,Lawyer,2024-11-22 13:14:56.062819250,768383.9870454947
C09220,retail,48,M,Puebla,Engineer,2023-03-27 03:02:04.622038882,573083.2500340098
C09221,retail,39,M,Tlaxcala,Accountant,2022-10-02 21:33:14.228092599,958846.3333475651
C09222,retail,35,F,Tabasco,Accountant,2022-11-17 16:06:57.409233262,866644.1902038131
C09223,retail,40,F,Durango,Business Owner,2024-02-13 15:42:05.551255404,2945955.7044399516
C09224,retail,48,M,Guerrero,Engineer,2020-09-19 15:20:10.956607116,1041739.631687259
C09225,retail,18,F,Veracruz,Student,2021-03-26 05:02:52.604487301,281991.63125736173
C09226,SME,46,F,Tlaxcala,Sales,2020-01-05 16:42:32.172974248,867194.4287551632
C09227,retail,45,F,Oaxaca,Business Owner,2024-06-17 03:00:40.709187987,1565379.7145985956
C09228,retail,42,F,Guerrero,Engineer,2024-02-09 14:46:55.236041665,809174.0801274444
C09229,retail,40,M,Veracruz,Doctor,2023-12-04 21:55:20.875696799,1446110.2622495373
C09230,retail,18,M,Durango,Student,2021-07-12 01:31:57.922388520,235359.30634341718
C09231,retail,36,M,Jalisco,Retired,2024-10-06 12:42:52.457017737,469445.248462114
C09232,retail,63,F,Campeche,Student,2025-07-05 09:46:25.651243564,293094.37012887216
C09233,SME,42,F,México,Government Employee,2025-12-12 01:22:43.231058443,814274.1415231996
C09234,retail,38,M,Oaxaca,Sales,2022-12-16 01:15:48.807655656,608831.8555195164
C09235,retail,42,F,Ciudad de México,Student,2025-11-06 02:54:18.381323761,222874.70112448666
C09236,retail,46,M,Coahuila,Freelancer,2025-03-12 23:15:39.508470473,1115350.3842164823
C09237,retail,49,F,Coahuila,Teacher,2022-04-22 11:52:02.134910836,303575.41025642667
C09238,retail,39,M,Veracruz,Freelancer,2021-02-04 05:40:16.263301289,521006.51908926247
C09239,retail,47,M,Oaxaca,Business Owner,2023-03-31 07:04:54.538362449,4768115.525266162
C09240,retail,62,M,Ciudad de México,Teacher,2024-12-30 04:20:59.428685010,499282.0169537182
C09241,retail,54,M,San Luis Potosí,Doctor,2022-08-07 13:04:39.479502781,1236698.867012452
C09242,retail,70,F,Durango,Retired,2020-04-25 22:24:30.648786965,489677.5513588648
C09243,retail,34,M,Oaxaca,Consultant,2020-08-29 01:00:47.007166245,1096041.4544591638
C09244,retail,62,F,Hidalgo,Accountant,2022-01-01 09:30:09.917523823,865698.3729000527
C09245,retail,32,M,Chihuahua,Government Employee,2024-08-24 09:04:07.828931043,836533.0752733849
C09246,SME,46,M,Campeche,Accountant,2025-01-20 13:33:17.872012799,655098.8317100839
C09247,retail,50,F,Morelos,Sales,2021-05-20 01:14:36.059949632,633839.5321799333
C09248,retail,35,F,Puebla,Sales,2025-05-16 12:26:21.493646926,303792.87696329376
C09249,retail,43,M,Sonora,Business Owner,2024-06-29 16:53:55.933449197,3054671.5810610335
C09250,retail,52,F,Jalisco,Student,2020-07-15 07:10:21.702050558,269730.70353403315
C09251,retail,33,F,Tabasco,Lawyer,2025-07-18 09:17:24.521846612,1302293.1931449866
C09252,retail,62,M,Baja California Sur,Retired,2023-12-12 16:44:40.203149100,645302.3119549769
C09253,retail,25,F,Aguascalientes,Doctor,2024-05-15 19:34:11.379605878,1000335.5172373513
C09254,retail,65,M,Nayarit,Accountant,2024-03-11 20:19:02.110369730,744229.7406920549
C09255,retail,54,M,Baja California,Doctor,2025-09-24 05:58:15.217652520,861236.0544453805
C09256,retail,40,F,Colima,Teacher,2021-06-08 17:41:18.900560385,580009.0650457377
C09257,retail,37,M,Michoacán,Freelancer,2023-02-15 04:23:29.185225842,642891.9544965124
C09258,retail,35,M,Campeche,Consultant,2024-09-19 10:32:34.256878342,1295548.7420909267
C09259,retail,40,M,Zacatecas,Accountant,2023-04-21 05:04:00.159973113,489876.3925927399
C09260,retail,41,F,Nuevo León,Retired,2023-08-14 19:42:20.226578286,698809.3189976001
C09261,retail,57,F,Oaxaca,Sales,2020-03-26 16:32:51.157192976,751748.7892132776
C09262,retail,65,M,Durango,Lawyer,2020-09-28 10:47:15.899106685,1080756.1285909247
C09263,retail,44,F,Morelos,Business Owner,2023-04-02 10:17:19.041742044,3150827.354717206
C09264,retail,31,M,Morelos,Government Employee,2020-03-16 12:57:22.471782482,733102.6157057781
C09265,retail,35,F,Puebla,Accountant,2023-10-08 16:55:27.707596082,1072537.1823485077
C09266,retail,39,F,Coahuila,Freelancer,2022-11-04 14:15:11.614219901,968389.378504809
C09267,retail,29,F,Ciudad de México,Business Owner,2022-10-04 16:46:56.875878430,2203567.671797773
C09268,retail,27,F,Coahuila,Teacher,2022-07-05 21:45:58.314680748,691083.261047819
C09269,retail,67,F,Tabasco,Retired,2022-04-02 17:16:58.462226981,385808.640321514
C09270,retail,45,M,Puebla,Retired,2020-03-08 15:04:42.575228094,509626.3062583986
C09271,retail,32,F,Baja California Sur,Lawyer,2022-08-23 08:28:35.683370252,1440801.9149219217
C09272,retail,51,M,San Luis Potosí,Engineer,2020-10-03 08:24:07.146241524,689788.3257999807
C09273,retail,27,M,Zacatecas,Retired,2021-11-04 23:59:47.665357971,680363.4489654291
C09274,retail,28,M,Guerrero,Engineer,2025-01-07 01:49:19.097540706,651277.1476945118
C09275,retail,32,M,Quintana Roo,Consultant,2022-06-15 09:13:00.913435475,1162660.2776241228
C09276,retail,61,F,Campeche,Teacher,2022-05-08 16:02:19.802898477,371949.50053205265
C09277,retail,38,F,Morelos,Retired,2020-06-17 05:06:48.305185393,643745.2674353513
C09278,retail,18,M,Tlaxcala,Student,2024-10-30 00:12:31.780679577,206592.3680111875
C09279,retail,56,M,Baja California Sur,Doctor,2021-04-01 23:38:45.674951289,824319.0379824652
C09280,retail,38,M,Guanajuato,Consultant,2022-12-21 21:55:38.985798088,558410.6427359937
C09281,retail,19,F,Colima,Student,2021-10-29 00:14:59.451132346,229650.81879728963
C09282,SME,38,M,Baja California,Doctor,2020-06-28 15:42:30.003916383,1165944.8488125196
C09283,retail,48,M,Sinaloa,Retired,2021-03-07 11:54:17.857538446,268737.4259144937
C09284,retail,46,F,Jalisco,Freelancer,2023-07-31 12:17:01.140143668,292865.4393001647
C09285,retail,63,F,Campeche,Teacher,2023-04-16 12:24:18.894076744,338985.2792603143
C09286,retail,31,M,Yucatán,Accountant,2021-11-29 18:42:53.074741778,867951.5678835751
C09287,retail,42,M,Michoacán,Engineer,2024-04-06 17:09:33.869706712,709870.8141700665
C09288,retail,33,F,Jalisco,Government Employee,2023-08-06 19:30:33.474313292,693801.4199182674
C09289,retail,23,M,Zacatecas,Engineer,2022-07-25 15:11:46.124418471,551587.2534482438
C09290,retail,52,M,Coahuila,Freelancer,2024-08-06 15:45:13.542586036,1092116.452396262
C09291,retail,47,F,Durango,Business Owner,2021-08-04 02:51:20.803235539,2009063.3586524688
C09292,retail,45,F,Guerrero,Government Employee,2023-03-22 17:43:48.631331020,844741.284676645
C09293,retail,47,M,Quintana Roo,Government Employee,2023-04-07 19:27:02.309744276,878692.9762936408
C09294,retail,33,M,Tamaulipas,Doctor,2021-03-08 18:31:25.618803243,1491537.0340507752
C09295,SME,29,M,Colima,Engineer,2025-09-24 01:05:30.167353158,1018727.973744931
C09296,SME,42,F,Quintana Roo,Engineer,2021-05-06 10:23:28.791033246,809964.3264701739
C09297,retail,55,M,Guanajuato,Consultant,2020-12-18 07:11:40.731279756,728941.877217677
C09298,retail,61,F,Oaxaca,Consultant,2020-03-21 16:35:48.570718913,571808.391198405
C09299,SME,51,F,Hidalgo,Accountant,2022-08-04 02:24:22.098027521,1020382.7583325098
C09300,retail,42,F,Guerrero,Doctor,2021-04-26 17:37:13.775875364,1112664.820984782
C09301,retail,45,F,Coahuila,Consultant,2023-11-23 04:36:01.415094390,1624946.2701967738
C09302,retail,42,M,Puebla,Lawyer,2020-01-11 00:09:44.462690110,1195597.0731234155
C09303,retail,29,M,Yucatán,Sales,2023-05-28 04:32:37.735870471,821782.789817178
C09304,retail,42,M,Guerrero,Teacher,2023-11-27 21:43:42.873364340,599866.886655366
C09305,retail,25,F,Durango,Business Owner,2022-10-24 05:28:51.841194218,1067468.4506503323
C09306,retail,40,F,Coahuila,Accountant,2025-02-28 09:39:20.414509908,926503.5860960076
C09307,retail,61,F,Nuevo León,Student,2021-12-21 06:27:09.764174463,212017.9646631389
C09308,retail,51,M,Sonora,Lawyer,2023-03-14 13:35:51.768878773,1527668.2269115823
C09309,retail,30,F,Tabasco,Freelancer,2020-10-25 19:30:41.443678923,1148515.9497657854
C09310,retail,41,F,Coahuila,Student,2020-01-15 23:49:39.328035033,291616.7952118457
C09311,retail,31,F,Quintana Roo,Lawyer,2025-09-26 23:11:38.182639761,750000.4039570184
C09312,retail,41,F,Nayarit,Consultant,2020-05-14 12:58:09.217788544,582008.4134820602
C09313,retail,54,F,San Luis Potosí,Accountant,2024-12-12 15:32:37.664880268,943887.9249232658
C09314,retail,49,F,Quintana Roo,Doctor,2021-08-26 11:35:46.565375008,1296973.9085467213
C09315,retail,71,M,Sinaloa,Retired,2023-12-24 08:07:57.456383509,329277.79083156004
C09316,retail,56,M,Guerrero,Lawyer,2024-08-01 10:25:03.066539441,1421481.4846125247
C09317,retail,44,M,Campeche,Retired,2023-05-02 21:07:34.962810572,256969.5551401766
C09318,retail,50,M,Sinaloa,Accountant,2021-08-24 14:11:34.155331058,841814.0905518499
C09319,retail,39,F,Aguascalientes,Lawyer,2020-04-15 15:05:01.219324439,1598767.4993869201
C09320,retail,28,F,Chiapas,Lawyer,2022-08-01 21:28:28.608742136,1370207.4429256595
C09321,retail,57,F,Durango,Business Owner,2020-04-24 16:33:41.134352193,981204.6745756636
C09322,retail,54,M,Coahuila,Teacher,2025-09-26 04:13:16.551754625,696389.939238342
C09323,retail,39,M,Oaxaca,Lawyer,2025-04-06 06:30:53.434185677,1027310.1310513429
C09324,retail,45,M,Tlaxcala,Doctor,2024-05-13 02:00:35.801572723,1066335.114566986
C09325,retail,56,M,Yucatán,Business Owner,2020-09-17 15:01:47.957699066,1064430.8351758982
C09326,SME,52,F,Coahuila,Lawyer,2024-12-14 02:56:33.234918915,800541.385112005
C09327,retail,24,M,Veracruz,Student,2021-03-04 23:02:24.932126679,212541.36639764282
C09328,retail,44,M,Tamaulipas,Accountant,2023-12-16 18:06:36.480343859,959442.4578733547
C09329,retail,39,M,Yucatán,Retired,2020-09-25 05:58:07.659997017,561287.6552675515
C09330,retail,55,F,Sinaloa,Retired,2020-08-06 02:16:11.357253402,512642.55704268656
C09331,retail,54,F,Hidalgo,Doctor,2024-08-17 19:30:37.888051661,1404726.1140774018
C09332,retail,57,M,Jalisco,Retired,2020-08-29 01:17:38.779730795,699013.3333110672
C09333,retail,28,F,Chiapas,Lawyer,2021-12-27 06:58:17.443950075,1061729.7346336185
C09334,retail,32,F,Puebla,Retired,2022-06-20 18:20:12.065233239,426050.9338195524
C09335,retail,55,M,Baja California,Freelancer,2021-11-09 00:05:46.950328001,936090.1116221851
C09336,retail,34,M,Jalisco,Teacher,2020-09-07 11:16:14.108536812,557740.1754318338
C09337,retail,23,M,Puebla,Accountant,2023-06-11 09:54:26.807503709,409375.42692372605
C09338,SME,48,M,Colima,Sales,2022-10-19 07:54:36.442449599,676028.4035047325
C09339,retail,35,F,Oaxaca,Doctor,2020-11-11 21:28:17.897078965,1303726.5925826225
C09340,retail,63,M,Baja California,Teacher,2025-03-17 01:35:30.049615246,694375.6227667374
C09341,retail,45,M,Colima,Engineer,2023-11-08 21:46:50.268810428,910740.288622779
C09342,retail,43,M,Zacatecas,Consultant,2023-06-25 18:17:02.618810644,1526627.4010589705
C09343,retail,37,M,Oaxaca,Business Owner,2025-02-28 11:07:34.654987295,4091615.9214283274
C09344,retail,61,F,Veracruz,Lawyer,2025-06-12 11:13:19.354112747,715151.6406404948
C09345,retail,46,M,Zacatecas,Student,2021-06-28 13:59:48.176006675,268158.99576123763
C09346,corporate,37,M,Tlaxcala,Student,2025-01-17 19:39:35.060373902,245624.4325347579
C09347,retail,32,F,Chiapas,Student,2022-07-07 16:30:21.585769709,192009.1700272714
C09348,retail,41,M,Veracruz,Teacher,2025-04-21 01:39:02.268993044,567953.0071064857
C09349,retail,30,M,Guerrero,Accountant,2025-07-19 18:08:32.206922456,564153.2267856528
C09350,retail,54,M,Coahuila,Student,2021-08-10 11:22:08.586729080,244548.28030597453
C09351,retail,20,M,Tabasco,Student,2023-11-06 09:05:36.907646301,213715.5061261196
C09352,retail,40,M,Puebla,Teacher,2025-05-08 23:01:20.169422597,341814.6553243889
C09353,retail,49,M,Hidalgo,Teacher,2025-11-29 20:19:56.135213255,400346.0177847687
C09354,retail,46,M,México,Engineer,2020-01-30 08:02:19.028051890,807165.0742824029
C09355,retail,33,F,Durango,Sales,2025-08-04 15:37:24.649416523,571184.2522659395
C09356,retail,49,M,Campeche,Accountant,2024-01-30 09:27:24.499935311,503936.79199079494
C09357,retail,31,F,Yucatán,Engineer,2023-12-18 01:33:24.641127695,724685.3580115421
C09358,retail,41,M,Michoacán,Consultant,2022-11-17 10:06:10.297263354,1789086.8244705256
C09359,retail,49,F,Coahuila,Student,2025-02-22 22:50:40.679416546,289246.76620340033
C09360,retail,47,F,Hidalgo,Student,2024-11-05 10:13:17.016392578,244222.38556577032
C09361,retail,33,M,Campeche,Accountant,2020-11-22 08:29:19.647305630,743253.6160185174
C09362,retail,56,F,Sonora,Consultant,2024-04-12 13:44:55.328654824,1372114.2683917151
C09363,retail,43,F,Guerrero,Doctor,2021-04-28 21:00:54.220930173,950198.8336900823
C09364,retail,50,M,Oaxaca,Student,2024-11-02 12:04:25.583159734,299229.53146190284
C09365,retail,60,F,Yucatán,Doctor,2025-08-29 05:50:33.545847887,1321691.6499533586
C09366,retail,55,M,Baja California,Lawyer,2020-06-24 07:34:44.878308041,886495.2940733356
C09367,retail,55,M,Chiapas,Consultant,2025-03-28 03:38:24.674866145,908219.8831000397
C09368,retail,44,F,Colima,Business Owner,2025-03-19 01:36:29.437572539,3488173.9149405225
C09369,retail,51,M,Campeche,Business Owner,2025-02-16 02:36:28.247513742,2088240.3983630924
C09370,retail,44,F,Tabasco,Lawyer,2020-11-03 09:22:42.577198811,1026380.4816922487
C09371,retail,27,F,Tlaxcala,Retired,2020-02-26 10:38:18.738448144,601424.9825147822
C09372,retail,45,F,Yucatán,Sales,2023-01-07 09:24:14.972069780,423502.849222483
C09373,retail,45,M,Baja California,Student,2025-02-19 20:08:49.587830594,264629.64882470184
C09374,retail,49,F,Sinaloa,Business Owner,2021-07-10 20:07:46.537572122,4720005.847635486
C09375,retail,40,M,Chihuahua,Lawyer,2025-01-19 07:22:58.378573006,748962.3125330423
C09376,retail,32,M,Baja California Sur,Freelancer,2023-10-24 14:54:51.279629723,344284.33894328855
C09377,retail,49,F,Tlaxcala,Teacher,2023-06-06 16:30:39.164897038,677150.1831978271
C09378,retail,26,F,Jalisco,Consultant,2025-12-10 02:03:03.292405661,805279.0893730853
C09379,retail,59,M,Durango,Teacher,2021-12-07 08:37:40.422918687,308360.3535403304
C09380,retail,39,F,Guanajuato,Student,2021-03-30 07:44:33.361869402,284221.8184303279
C09381,retail,44,M,Chiapas,Student,2023-03-27 14:52:26.198792345,213876.62874270353
C09382,retail,48,F,Querétaro,Freelancer,2023-07-24 14:25:07.201069703,498354.2334157195
C09383,retail,49,F,Michoacán,Engineer,2024-09-03 22:31:28.346114640,658845.0292507313
C09384,retail,25,M,Ciudad de México,Engineer,2023-05-12 17:50:01.958858238,1142367.7463638335
C09385,retail,51,M,Puebla,Lawyer,2022-10-30 02:23:29.016753928,1529303.150819799
C09386,retail,45,F,Michoacán,Engineer,2020-08-07 21:33:16.609599040,917755.3159756591
C09387,SME,34,M,Ciudad de México,Government Employee,2020-01-08 17:59:18.955686036,617281.2742313456
C09388,retail,33,F,Morelos,Engineer,2025-09-16 15:43:19.498064275,600471.226662312
C09389,retail,37,M,Guerrero,Government Employee,2022-06-27 17:01:26.089994742,948191.6653487697
C09390,retail,26,M,México,Consultant,2021-03-25 16:21:22.417422737,1624496.1454023286
C09391,SME,62,M,Durango,Accountant,2024-11-07 20:29:39.240788236,595218.7554633752
C09392,corporate,59,M,Campeche,Engineer,2024-01-07 07:48:44.682164522,1163248.193304554
C09393,retail,47,F,Morelos,Government Employee,2021-11-02 12:31:54.265947976,954634.5940063705
C09394,retail,39,M,Nayarit,Freelancer,2021-04-10 07:58:23.816389613,859519.4868317118
C09395,retail,39,F,Nayarit,Sales,2020-02-09 13:37:38.003368854,890253.2970870757
C09396,retail,51,F,Durango,Lawyer,2020-10-20 18:21:37.135762081,824698.0818251977
C09397,retail,63,M,Guanajuato,Government Employee,2023-01-02 16:44:00.207741133,811973.9831017496
C09398,retail,35,F,Puebla,Consultant,2023-07-30 21:03:26.403636637,728264.3226237269
C09399,retail,28,F,Aguascalientes,Consultant,2023-01-08 14:03:36.843770251,1537537.5037127999
C09400,retail,60,F,Durango,Accountant,2022-07-19 16:31:58.894464783,1043897.1936479865
C09401,retail,20,F,Veracruz,Student,2025-03-14 19:11:37.030772778,244332.24348159585
C09402,retail,29,M,Baja California Sur,Teacher,2021-02-01 15:40:47.270362244,605227.4180773515
C09403,retail,39,F,Tabasco,Doctor,2023-06-13 08:13:30.528647744,900185.3531490384
C09404,retail,23,M,Chihuahua,Doctor,2022-06-11 14:34:12.918199889,1243236.8324674075
C09405,retail,55,M,Morelos,Consultant,2024-08-12 12:25:55.309643846,594787.9073903678
C09406,retail,52,F,Guerrero,Retired,2024-02-14 05:26:50.156969750,266604.08117674146
C09407,retail,35,M,Guanajuato,Doctor,2022-11-05 12:38:15.172106683,1243844.4419078836
C09408,retail,57,F,Morelos,Government Employee,2024-09-10 02:41:16.653619966,700966.5789248897
C09409,retail,59,M,Baja California Sur,Accountant,2021-07-01 23:34:22.572093240,630476.1285491385
C09410,retail,40,M,Ciudad de México,Sales,2023-04-13 13:22:49.374356839,583404.7595451495
C09411,retail,36,M,Nayarit,Sales,2023-09-14 19:54:08.885327699,694821.7819072152
C09412,retail,69,F,Yucatán,Retired,2020-12-01 23:54:19.548186596,540128.162696312
C09413,retail,50,M,Tamaulipas,Engineer,2022-09-07 20:16:05.844075715,551542.8316483012
C09414,retail,45,M,Chihuahua,Sales,2020-08-30 06:09:47.943165433,690778.2370757714
C09415,retail,58,F,Baja California Sur,Engineer,2021-05-03 05:56:22.281771660,961673.815024612
C09416,retail,45,M,Chihuahua,Sales,2020-11-29 00:32:18.667919504,685249.764198464
C09417,retail,35,M,Zacatecas,Government Employee,2023-07-19 12:01:48.586878022,893148.1302975744
C09418,retail,42,F,Guanajuato,Sales,2022-07-14 01:26:32.415014362,624857.2944487284
C09419,retail,54,F,Guanajuato,Doctor,2022-03-27 17:24:33.978306867,1456531.5386313167
C09420,retail,18,M,Coahuila,Student,2025-11-08 03:02:41.061470981,297602.0935648944
C09421,SME,38,F,Hidalgo,Sales,2025-09-01 16:40:35.768951910,738699.2425184674
C09422,retail,58,M,Hidalgo,Teacher,2023-03-09 06:09:21.087589106,443473.060204806
C09423,retail,35,M,Coahuila,Freelancer,2021-12-23 03:27:38.734524548,343098.5587080224
C09424,retail,60,F,Jalisco,Accountant,2020-10-04 14:37:05.770833954,974098.7634596454
C09425,SME,58,F,Baja California,Government Employee,2025-01-04 23:11:48.042818145,402642.78178642615
C09426,retail,41,M,Baja California Sur,Doctor,2020-10-20 10:19:52.072595154,902318.7415878078
C09427,retail,35,M,Zacatecas,Accountant,2024-09-05 13:26:32.638941568,1043330.7083296733
C09428,retail,38,M,Campeche,Doctor,2021-03-26 18:47:02.781963385,1191911.4318847214
C09429,retail,73,M,Colima,Retired,2022-06-19 10:39:29.448205519,382000.1313015516
C09430,retail,64,F,Puebla,Lawyer,2022-09-21 11:42:36.449606879,1755581.625704943
C09431,retail,43,F,Aguascalientes,Accountant,2022-07-16 09:12:00.293517129,895132.1868197232
C09432,retail,34,M,Ciudad de México,Sales,2022-12-29 20:25:14.038874598,597649.4658263549
C09433,retail,43,F,Morelos,Teacher,2022-06-24 22:50:39.750675964,431792.4313890873
C09434,retail,44,F,Nayarit,Doctor,2021-08-06 19:16:47.987475914,1273632.2485890705
C09435,retail,27,M,Coahuila,Doctor,2023-03-14 14:32:27.392808717,1311627.3482534671
C09436,retail,42,F,Tabasco,Sales,2023-08-20 12:59:15.158310946,712872.3293769512
C09437,retail,57,F,Baja California Sur,Engineer,2024-09-19 20:51:57.798266473,636736.5495086252
C09438,retail,20,M,Querétaro,Student,2021-08-28 19:29:58.248349080,263670.00568003353
C09439,retail,51,F,Michoacán,Student,2021-07-03 02:04:04.399982088,249774.20652309377
C09440,retail,58,F,Colima,Business Owner,2023-07-07 01:53:59.432295978,4355328.69034539
C09441,retail,35,M,Chiapas,Lawyer,2022-05-07 00:50:48.641992172,1349723.1859744024
C09442,retail,62,M,Morelos,Business Owner,2020-11-06 08:26:17.439430197,1328989.8773369896
C09443,retail,33,F,Sonora,Engineer,2023-12-15 18:35:49.008256268,722973.2198243036
C09444,retail,47,F,Veracruz,Student,2021-04-25 22:36:35.479469117,269258.86365045694
C09445,retail,38,F,Tamaulipas,Government Employee,2024-06-05 09:50:50.761059711,817973.9870158224
C09446,retail,38,M,Nuevo León,Government Employee,2022-12-22 19:50:42.165028151,455900.57531595643
C09447,SME,34,F,Tabasco,Doctor,2023-09-17 03:01:07.255009339,1048215.6764460625
C09448,retail,50,M,Nayarit,Retired,2024-01-14 03:47:04.727166944,256893.8540135737
C09449,retail,52,M,Querétaro,Engineer,2022-02-15 08:34:28.961308988,732193.5154129365
C09450,retail,41,M,Veracruz,Sales,2021-04-28 03:19:05.254821432,267120.3877098122
C09451,retail,25,F,Chiapas,Engineer,2025-10-04 07:44:13.500684124,1111010.3682756932
C09452,retail,46,M,Coahuila,Student,2024-02-22 01:08:00.086985623,259998.3359661455
C09453,retail,47,M,Nayarit,Doctor,2025-07-24 20:29:45.561487222,1478404.408482129
C09454,retail,39,M,Veracruz,Lawyer,2024-03-19 20:24:42.598930249,1670309.9803418838
C09455,retail,64,M,Hidalgo,Freelancer,2025-04-24 00:30:44.700965884,803475.8853950887
C09456,retail,23,M,Querétaro,Sales,2021-12-13 22:06:46.384571648,576904.134120648
C09457,retail,18,F,Guanajuato,Student,2020-08-20 04:37:59.340868322,286047.8226126516
C09458,retail,33,F,Chiapas,Student,2021-03-06 16:16:01.486491873,215810.1088679039
C09459,retail,50,F,Querétaro,Retired,2020-09-02 21:32:18.140255754,350583.43189634575
C09460,retail,29,M,México,Accountant,2020-09-29 03:34:03.619066684,687015.1927326084
C09461,retail,30,M,Yucatán,Engineer,2024-01-16 04:14:26.822676567,537238.5449611797
C09462,retail,53,F,Puebla,Student,2022-02-15 00:37:32.634769506,216236.92096102372
C09463,retail,47,M,Coahuila,Teacher,2022-05-25 07:25:01.550990951,333472.21435594297
C09464,retail,46,F,Chiapas,Sales,2020-07-23 23:03:40.095745094,284229.6617382784
C09465,retail,51,F,Yucatán,Sales,2024-07-30 21:39:14.553332188,608371.4316277222
C09466,SME,36,F,Veracruz,Consultant,2021-01-26 08:07:46.854927232,1562248.5290695135
C09467,SME,37,M,Tlaxcala,Business Owner,2024-01-30 13:23:10.947201155,3007700.9745155033
C09468,SME,51,M,Coahuila,Freelancer,2021-01-02 03:15:02.359007788,270577.4471431185
C09469,retail,25,M,Morelos,Retired,2020-05-08 05:12:19.563518177,427736.602828191
C09470,retail,18,F,Yucatán,Student,2023-10-28 20:28:32.753553222,193314.2831984117
C09471,retail,36,F,Ciudad de México,Government Employee,2020-05-29 10:24:41.891437279,755045.2015333385
C09472,retail,53,F,Chihuahua,Freelancer,2023-05-07 03:48:21.916446897,1026407.2953104015
C09473,retail,45,M,Ciudad de México,Student,2025-11-28 00:16:41.863482871,194004.80341873333
C09474,retail,52,F,Morelos,Consultant,2022-03-12 14:08:34.366279265,600279.215111038
C09475,SME,18,F,Baja California,Student,2022-11-19 05:59:39.323491254,228714.63893629285
C09476,retail,45,M,Quintana Roo,Sales,2020-10-16 06:38:32.957046601,447258.19320952974
C09477,SME,49,M,Oaxaca,Student,2024-11-20 19:30:00.895338389,211283.04278564846
C09478,retail,25,F,Veracruz,Student,2025-09-22 04:41:49.242217067,205367.7477105977
C09479,retail,52,M,Hidalgo,Freelancer,2022-06-16 09:17:47.172402823,516925.33356653806
C09480,retail,40,M,Sonora,Consultant,2025-07-29 15:32:07.431461672,1948062.6199521513
C09481,retail,78,M,Veracruz,Retired,2024-09-16 07:51:15.765399172,635952.7826876089
C09482,retail,18,F,Morelos,Student,2022-08-03 17:17:42.962596260,252163.45207944367
C09483,retail,58,M,Puebla,Freelancer,2023-10-18 06:56:15.740863435,1000475.3610378251
C09484,retail,37,M,Oaxaca,Freelancer,2025-06-21 18:23:52.163329639,214735.55248848643
C09485,retail,22,F,Chihuahua,Student,2024-11-30 11:17:20.697794272,193374.7497018515
C09486,retail,35,F,Tlaxcala,Student,2025-08-28 06:58:59.071268052,215095.67798921137
C09487,retail,45,F,Quintana Roo,Doctor,2020-04-22 07:13:49.426972047,1250729.943767678
C09488,retail,54,M,Yucatán,Accountant,2024-06-27 10:09:23.790778173,1018390.6747372418
C09489,retail,62,F,Tabasco,Lawyer,2020-09-10 14:24:06.482034376,877368.4213245749
C09490,retail,59,F,Nuevo León,Government Employee,2020-09-08 01:55:52.285606482,397441.8588116189
C09491,retail,30,F,Chihuahua,Doctor,2021-02-26 15:51:59.881173095,1393544.3953232034
C09492,retail,55,M,Baja California,Government Employee,2024-09-22 04:20:10.293783602,586395.3600905284
C09493,retail,46,M,Tamaulipas,Accountant,2025-09-01 03:46:36.977314819,889656.6076284454
C09494,retail,34,M,Sonora,Doctor,2023-05-06 04:52:03.508968918,1183620.6506950667
C09495,retail,39,F,Hidalgo,Retired,2023-11-23 06:38:08.036772202,329160.3071935383
C09496,retail,33,F,Oaxaca,Consultant,2020-12-21 04:54:55.223865229,1550863.6769768628
C09497,retail,42,M,Veracruz,Retired,2023-04-04 12:49:30.194778604,439350.6045430322
C09498,retail,33,M,Durango,Sales,2022-12-07 07:47:28.149491088,437036.8375594468
C09499,SME,29,M,Tlaxcala,Doctor,2024-01-26 04:12:50.736362848,1431889.702250263
C09500,retail,47,M,Ciudad de México,Accountant,2021-05-01 02:24:52.021895442,404190.0815821866
C09501,retail,49,F,Hidalgo,Consultant,2023-12-30 17:26:44.185744038,1107305.0028468543
C09502,retail,39,F,Coahuila,Student,2023-11-09 16:02:40.645373140,216061.73983071774
C09503,retail,58,M,Nayarit,Retired,2022-01-23 06:19:49.751578723,274515.82537851523
C09504,SME,38,M,Querétaro,Doctor,2020-05-24 21:27:03.086583685,856296.3691918846
C09505,retail,38,M,Jalisco,Accountant,2021-06-29 23:45:24.437028675,520600.998026374
C09506,retail,49,F,Campeche,Teacher,2023-08-06 05:28:26.266982034,502000.3956672837
C09507,retail,40,M,Colima,Teacher,2021-02-13 06:20:30.427921257,413057.7040041209
C09508,retail,43,F,Guerrero,Teacher,2025-09-13 15:14:28.228376994,635144.442657291
C09509,retail,18,F,Colima,Student,2021-11-23 12:36:28.388412361,208797.34804794294
C09510,retail,42,F,Michoacán,Sales,2025-06-25 10:10:46.812033696,718144.4992175401
C09511,retail,20,F,Aguascalientes,Student,2020-03-25 06:49:24.245315297,205245.41156463412
C09512,retail,27,F,San Luis Potosí,Government Employee,2023-07-07 00:25:28.026603113,329786.8364945338
C09513,retail,25,M,Durango,Accountant,2024-08-19 02:57:44.736021469,585235.4723136559
C09514,retail,29,F,Coahuila,Student,2023-03-22 19:58:49.071145540,280509.0606458188
C09515,retail,35,F,Veracruz,Accountant,2020-09-30 05:55:28.111259855,457575.88254313957
C09516,retail,36,M,Jalisco,Teacher,2025-08-01 23:05:58.392336248,437798.60963076947
C09517,retail,49,M,Morelos,Sales,2021-01-21 19:58:24.027406314,255210.93769341634
C09518,retail,44,M,Nuevo León,Teacher,2021-09-14 04:41:37.849091632,552098.4583172959
C09519,retail,19,M,Veracruz,Student,2025-04-26 21:05:48.367142111,293132.1169269684
C09520,retail,42,M,Chiapas,Teacher,2022-11-26 16:43:21.097469210,453746.85489673517
C09521,retail,45,F,Nuevo León,Business Owner,2023-07-04 03:24:24.715131048,3180747.6878498225
C09522,retail,38,F,Baja California Sur,Lawyer,2021-02-13 12:48:59.051490247,1142741.8602151654
C09523,SME,41,F,Aguascalientes,Lawyer,2021-07-03 20:33:01.196794245,1767997.8611971599
C09524,retail,44,F,Colima,Student,2022-02-26 04:18:15.522290794,268320.5753973827
C09525,retail,51,F,Ciudad de México,Lawyer,2025-03-03 12:34:45.206129706,653067.6462458777
C09526,retail,23,F,Chiapas,Student,2024-04-17 20:04:53.041119820,193047.06864861588
C09527,retail,39,M,Zacatecas,Retired,2024-10-04 08:28:14.486209189,461716.8449084282
C09528,retail,60,F,Aguascalientes,Student,2020-11-06 16:31:47.988711225,255810.14325909637
C09529,corporate,58,M,Morelos,Lawyer,2021-11-27 04:29:18.104156690,948475.357006551
C09530,SME,52,F,Sinaloa,Accountant,2020-10-28 03:39:15.065183504,872251.9713985142
C09531,retail,48,F,Jalisco,Sales,2023-11-24 14:33:26.692608442,624742.084040798
C09532,SME,61,F,Morelos,Retired,2021-12-10 22:11:51.807366966,445792.0951584924
C09533,retail,65,M,Ciudad de México,Accountant,2022-03-04 14:31:16.280673092,807608.5003718059
C09534,retail,40,M,Yucatán,Teacher,2023-06-15 22:36:16.257855552,666586.3282842495
C09535,retail,30,M,Baja California Sur,Business Owner,2020-07-22 18:21:08.351179224,1745778.0397847295
C09536,retail,38,M,Baja California Sur,Sales,2025-11-26 21:24:28.804665309,764288.5480754822
C09537,retail,79,M,Hidalgo,Retired,2022-02-27 05:12:33.857041417,255380.73228295296
C09538,retail,23,M,Oaxaca,Freelancer,2024-08-03 05:48:12.879603379,284798.4105745164
C09539,retail,36,F,Chiapas,Doctor,2020-10-14 08:06:13.805112250,1464780.8191600258
C09540,retail,25,M,Chihuahua,Student,2022-12-02 12:39:17.533638642,263728.1375097607
C09541,retail,43,F,Jalisco,Doctor,2025-12-01 06:17:11.073319270,1243322.679440497
C09542,retail,27,M,Chihuahua,Government Employee,2020-08-21 07:03:04.161476740,533839.0214966375
C09543,retail,40,M,Sonora,Consultant,2025-03-08 05:30:47.551705714,776505.9542123433
C09544,retail,18,F,Tlaxcala,Student,2022-09-20 23:43:15.937866729,225590.3086185857
C09545,retail,49,F,Yucatán,Retired,2021-11-23 07:47:02.981268871,519276.1851997208
C09546,retail,56,M,Tlaxcala,Lawyer,2024-04-27 11:01:21.116977715,1361258.8560223207
C09547,retail,37,F,Sinaloa,Teacher,2025-11-05 21:25:56.244279447,367820.43549535744
C09548,retail,40,F,Morelos,Retired,2024-05-05 02:36:58.430249260,450476.30961365474
C09549,retail,40,F,Ciudad de México,Government Employee,2023-06-18 18:18:59.140810881,696731.4953941511
C09550,SME,44,F,Campeche,Student,2023-03-01 21:41:34.078843432,295196.2570928796
C09551,retail,41,F,Quintana Roo,Lawyer,2024-05-03 05:05:37.713417304,1259308.274925658
C09552,SME,51,F,México,Consultant,2021-03-11 07:31:29.975092913,1370899.6957608988
C09553,retail,56,F,Querétaro,Sales,2023-03-31 10:52:03.058527702,747373.4102640055
C09554,retail,32,F,Sinaloa,Sales,2020-04-22 21:01:10.853159990,522293.1836501855
C09555,retail,38,F,Nayarit,Consultant,2021-01-20 15:13:04.680361900,1075802.1455266043
C09556,retail,52,F,México,Teacher,2020-07-13 05:37:20.164917155,536364.2742823716
C09557,retail,24,M,Tabasco,Retired,2020-09-09 15:25:31.905842600,602489.2980708715
C09558,retail,18,M,Nayarit,Student,2024-03-07 08:26:31.557735982,256510.44354368205
C09559,retail,44,F,Coahuila,Accountant,2025-05-09 11:34:59.181913865,530291.9908169989
C09560,retail,47,F,México,Teacher,2023-12-09 19:07:52.527668975,459080.50998097594
C09561,retail,33,M,Tamaulipas,Government Employee,2023-12-30 17:51:06.803400416,658818.2714272176
C09562,retail,35,M,Sinaloa,Engineer,2020-02-14 19:45:52.349805971,866621.5930225423
C09563,retail,32,F,Chiapas,Business Owner,2025-05-26 20:23:37.166814443,2160259.437074972
C09564,retail,31,M,Quintana Roo,Lawyer,2021-05-05 21:42:31.290526460,1226898.093089536
C09565,retail,50,M,Guanajuato,Consultant,2020-08-31 02:40:57.611440808,1509463.7609114097
C09566,retail,27,M,San Luis Potosí,Business Owner,2023-05-06 04:04:50.846859805,2712283.1346264174
C09567,retail,38,F,Jalisco,Accountant,2021-07-25 06:59:38.651008741,715943.6058969204
C09568,retail,31,M,Colima,Engineer,2021-05-25 13:26:22.908007773,1061108.7788374631
C09569,retail,24,F,Campeche,Accountant,2022-09-15 07:40:52.431267924,929787.376584765
C09570,retail,52,F,Durango,Freelancer,2023-06-01 01:33:08.524323999,622405.3755810121
C09571,retail,35,F,Coahuila,Lawyer,2023-08-26 15:01:51.145604647,1795217.0064674735
C09572,retail,44,M,Aguascalientes,Engineer,2024-10-01 21:56:37.395826393,546529.7576282615
C09573,retail,23,M,Oaxaca,Government Employee,2020-12-29 17:41:43.824878069,528197.3418306718
C09574,retail,33,F,Guerrero,Teacher,2020-04-24 12:40:18.916758650,314732.23860383994
C09575,retail,51,F,Hidalgo,Retired,2024-12-11 21:36:39.528806176,627762.0615442657
C09576,retail,73,M,Michoacán,Retired,2024-07-13 15:21:56.458366163,590034.3574657675
C09577,retail,18,M,Jalisco,Student,2025-01-18 15:51:01.902398303,262041.87591424858
C09578,retail,39,F,Hidalgo,Government Employee,2021-07-08 15:45:35.363538243,450130.770734687
C09579,retail,46,F,Chiapas,Lawyer,2025-01-21 02:17:23.071926347,1449263.3257172713
C09580,retail,34,M,Jalisco,Student,2025-11-07 20:55:54.001028821,222637.76620752615
C09581,retail,52,M,Sonora,Accountant,2022-07-14 16:05:24.356991386,1007999.5198383445
C09582,retail,31,M,Hidalgo,Government Employee,2023-02-06 18:27:31.582890681,439651.35092736315
C09583,retail,43,M,Jalisco,Business Owner,2022-08-10 10:39:55.317683920,1636715.4947437053
C09584,retail,35,M,Guerrero,Consultant,2025-06-25 06:50:55.972948524,1940880.396103726
C09585,SME,56,M,Quintana Roo,Teacher,2023-07-13 15:03:42.809646763,506808.5761240118
C09586,retail,33,F,Tamaulipas,Lawyer,2025-11-02 01:07:06.980241563,1135663.3341817157
C09587,retail,37,M,Querétaro,Lawyer,2025-08-06 22:46:15.942886474,1022098.7964010007
C09588,retail,53,F,Oaxaca,Engineer,2021-04-16 13:04:02.722860738,1081849.595776543
C09589,retail,29,F,México,Freelancer,2020-01-11 02:00:09.083667077,552707.9003216407
C09590,retail,42,F,Nuevo León,Student,2023-09-18 23:45:48.233745513,222739.1926333196
C09591,retail,20,F,Guanajuato,Student,2021-04-22 17:59:06.805053670,194800.22142100296
C09592,retail,28,F,Veracruz,Doctor,2020-10-06 21:09:00.349463478,1164508.9897960594
C09593,retail,46,F,Querétaro,Freelancer,2021-02-02 17:26:55.950453049,1123750.9147666
C09594,retail,30,M,Sonora,Freelancer,2023-05-10 03:49:00.783192433,1157540.1868978892
C09595,retail,35,M,México,Lawyer,2025-04-08 05:33:00.163512857,1794619.6458681512
C09596,retail,47,F,Veracruz,Teacher,2020-12-12 08:50:18.671263702,489228.68852743425
C09597,retail,35,F,Tlaxcala,Freelancer,2024-06-16 16:49:16.403813355,974948.8583316887
C09598,retail,51,M,Tamaulipas,Government Employee,2024-09-21 00:25:51.379909713,686774.8651345018
C09599,retail,44,F,Zacatecas,Accountant,2023-09-09 12:33:03.177236525,783570.9703362421
C09600,retail,47,M,Puebla,Freelancer,2022-03-07 20:45:30.176360411,1006241.7169553847
C09601,retail,56,F,Veracruz,Accountant,2024-11-21 21:50:26.138226226,984751.4204460336
C09602,retail,45,M,Guerrero,Doctor,2021-03-26 13:16:53.211673412,813855.2978847403
C09603,retail,60,F,Nuevo León,Student,2021-04-05 22:04:53.828164042,293135.72529851866
C09604,retail,52,M,Michoacán,Engineer,2025-10-18 15:49:13.486009117,1076089.2951079323
C09605,retail,35,F,Campeche,Teacher,2023-02-06 02:06:54.385955719,588444.2268267807
C09606,retail,57,M,Zacatecas,Engineer,2021-02-04 02:42:31.754353763,1096423.5129372382
C09607,retail,45,F,Nayarit,Sales,2021-05-03 18:23:02.322689560,599221.6549432427
C09608,retail,37,M,Ciudad de México,Lawyer,2021-09-06 08:37:32.218503922,1527916.9988512248
C09609,retail,45,F,Michoacán,Government Employee,2024-07-02 18:23:03.754665831,719054.9016283511
C09610,retail,55,M,Coahuila,Engineer,2025-12-16 07:42:17.063972739,880052.0497195343
C09611,retail,47,F,Tamaulipas,Business Owner,2022-11-17 16:24:45.611088672,1609913.4175859066
C09612,retail,63,F,Veracruz,Retired,2020-04-03 19:17:06.524348398,631337.6107507686
C09613,SME,55,F,Sonora,Accountant,2024-02-10 13:03:04.323294925,1018710.595502351
C09614,retail,48,M,Nuevo León,Business Owner,2024-05-17 04:57:11.037133687,4876129.256346127
C09615,corporate,29,F,San Luis Potosí,Lawyer,2025-04-30 13:20:52.930813382,744526.519561406
C09616,retail,39,M,San Luis Potosí,Lawyer,2022-10-28 06:24:33.818791717,949889.3249308777
C09617,retail,42,M,Guanajuato,Lawyer,2020-05-29 06:39:44.362172502,1422487.5008800179
C09618,SME,50,M,Morelos,Accountant,2021-09-09 04:03:39.938910017,998661.3998935815
C09619,retail,49,M,Veracruz,Student,2022-05-05 08:23:14.781673125,270157.2523447065
C09620,retail,44,F,Puebla,Lawyer,2025-02-07 18:45:10.439593190,1146710.9750902886
C09621,retail,43,M,Chiapas,Business Owner,2025-10-21 15:01:26.307845823,3821703.541102295
C09622,retail,50,M,Guerrero,Retired,2022-12-05 19:29:44.816693462,282456.28004875197
C09623,retail,31,F,Nuevo León,Sales,2020-05-10 23:03:44.526594726,680650.6533603119
C09624,retail,62,F,Baja California,Lawyer,2025-10-12 16:05:51.410331641,609615.441583868
C09625,retail,18,F,Aguascalientes,Student,2022-11-12 04:56:25.712325578,185705.90003715132
C09626,retail,59,F,Tlaxcala,Student,2022-05-10 16:05:51.725660607,270876.2242722745
C09627,retail,41,F,Campeche,Lawyer,2024-05-04 19:54:10.947330036,1173152.9322374049
C09628,retail,54,F,Zacatecas,Lawyer,2022-07-14 07:51:10.005933774,671461.2404555177
C09629,retail,46,F,Tamaulipas,Business Owner,2025-09-13 13:44:51.174599183,2772003.617209344
C09630,retail,46,F,Guanajuato,Sales,2021-02-08 11:11:29.332293108,290790.37756017613
C09631,retail,48,M,Sonora,Engineer,2021-11-26 12:36:34.090847057,742222.9162804362
C09632,retail,51,F,Nayarit,Retired,2025-09-21 08:15:27.043285364,320817.82986161544
C09633,retail,38,F,Zacatecas,Accountant,2022-10-28 08:31:16.706625503,553560.9451467898
C09634,retail,54,M,Puebla,Government Employee,2023-05-27 23:31:06.328441611,436924.11853378447
C09635,retail,28,F,Zacatecas,Consultant,2025-05-21 07:41:40.660134857,1057652.2592014628
C09636,retail,41,F,Tamaulipas,Teacher,2021-06-14 23:13:35.365606776,343163.4346015857
C09637,SME,52,F,Tabasco,Accountant,2025-03-24 15:48:10.480447531,769416.0426944632
C09638,retail,53,M,Michoacán,Student,2020-12-19 10:18:13.497955479,228852.5287514651
C09639,retail,47,F,Durango,Sales,2024-06-16 19:25:07.937673916,795913.1180880873
C09640,retail,37,M,Guerrero,Student,2022-07-13 08:38:32.445492440,279111.83699754905
C09641,retail,52,M,Baja California,Accountant,2020-11-18 03:02:12.613871667,976995.2718462881
C09642,retail,33,F,Aguascalientes,Lawyer,2021-10-13 17:23:58.104288703,1163567.601000951
C09643,retail,63,F,Durango,Government Employee,2022-12-08 12:13:14.493275240,503552.3169319913
C09644,retail,40,F,Durango,Doctor,2025-04-06 21:22:32.604597169,1090781.3072710412
C09645,retail,23,F,Tamaulipas,Teacher,2023-12-18 02:31:55.609371526,574949.3828456223
C09646,retail,27,F,Sonora,Retired,2020-05-31 07:05:09.327076905,488404.39020344324
C09647,retail,42,F,Durango,Engineer,2021-09-10 10:36:04.694956885,937013.4978517957
C09648,retail,43,M,Sinaloa,Government Employee,2023-09-12 10:30:00.743601218,785603.1107489842
C09649,retail,65,F,Baja California,Teacher,2025-06-09 09:30:32.864399528,667346.2363403204
C09650,retail,29,F,Sonora,Sales,2023-06-29 22:51:18.129496076,863585.2353932239
C09651,retail,42,F,Oaxaca,Sales,2023-07-03 03:05:20.307323607,796306.3395041059
C09652,retail,29,M,Baja California Sur,Freelancer,2022-11-30 06:30:20.442100354,265061.56157249433
C09653,retail,36,M,Zacatecas,Engineer,2022-06-11 12:52:45.868776343,1185535.4825867226
C09654,retail,62,M,Aguascalientes,Student,2023-05-22 20:09:40.434079433,264436.390771159
C09655,retail,28,F,San Luis Potosí,Consultant,2023-05-25 17:29:47.015268592,1540088.9170812168
C09656,retail,49,F,Nayarit,Lawyer,2020-08-24 16:26:11.199258294,627727.2017572222
C09657,SME,46,F,Guanajuato,Business Owner,2020-04-12 12:39:05.471791285,2761420.140969728
C09658,retail,41,M,San Luis Potosí,Government Employee,2020-10-09 16:12:22.165056055,738550.409160653
C09659,retail,48,M,Guerrero,Retired,2025-10-05 12:39:38.451669556,375329.51024208544
C09660,retail,28,M,Aguascalientes,Teacher,2022-08-12 19:16:54.478383036,333296.0963554099
C09661,retail,61,M,Chihuahua,Business Owner,2020-09-30 11:30:48.130632749,2989513.435282427
C09662,retail,65,F,Michoacán,Engineer,2022-05-27 23:09:56.464376147,812406.6370662046
C09663,retail,42,F,Oaxaca,Doctor,2020-05-05 13:39:55.029539377,830856.2709773317
C09664,retail,71,M,Baja California Sur,Retired,2023-09-17 21:16:52.629796722,483738.6628842816
C09665,retail,37,M,Morelos,Doctor,2022-07-29 06:50:03.236464870,875401.8934688589
C09666,retail,46,M,Sonora,Student,2022-10-03 00:09:21.602852682,230946.517614063
C09667,retail,59,M,Michoacán,Consultant,2025-06-08 09:20:32.579825617,905619.635771045
C09668,retail,36,F,Guanajuato,Freelancer,2022-10-22 22:06:31.815866902,1170471.7818486022
C09669,retail,25,F,Michoacán,Freelancer,2021-03-04 21:04:46.061935796,234733.2716109552
C09670,retail,22,F,Guerrero,Student,2021-07-28 09:10:30.476528894,247203.34835415252
C09671,retail,66,F,Aguascalientes,Retired,2025-11-12 19:42:27.635686192,318364.29686800274
C09672,retail,35,M,Guanajuato,Business Owner,2025-08-15 00:45:22.720177585,2072964.9990505353
C09673,retail,39,M,Quintana Roo,Teacher,2025-08-17 16:59:01.989718152,373560.57251328876
C09674,retail,28,M,Chihuahua,Freelancer,2024-06-30 00:03:39.431981398,1195147.8748592352
C09675,retail,53,F,Zacatecas,Consultant,2023-11-12 05:02:31.107403320,548543.1330318786
C09676,retail,32,F,Nuevo León,Consultant,2022-08-29 12:48:47.124841071,1312035.2300674599
C09677,SME,36,F,Guerrero,Doctor,2021-01-21 10:18:17.521881585,1225630.5083035855
C09678,retail,45,M,Tamaulipas,Business Owner,2025-12-28 17:23:21.081152440,4020322.723658773
C09679,retail,29,F,Baja California,Government Employee,2025-09-12 01:34:59.850735354,738189.0874157696
C09680,retail,39,M,Durango,Accountant,2021-11-29 06:48:47.423107609,561943.066095518
C09681,retail,58,M,Nuevo León,Freelancer,2022-11-06 11:58:07.859407041,798039.4810357405
C09682,retail,47,M,Tamaulipas,Retired,2021-11-26 01:46:08.209063248,688736.0694707918
C09683,retail,43,M,México,Student,2020-10-29 22:13:19.113216996,281815.06068433984
C09684,retail,44,F,Colima,Sales,2022-06-26 14:18:53.515747166,544773.5775029953
C09685,retail,37,F,Guanajuato,Freelancer,2025-12-21 05:46:35.544911078,677408.6951819932
C09686,retail,65,M,Quintana Roo,Lawyer,2021-05-21 15:21:14.692642543,759490.210055199
C09687,retail,32,M,Michoacán,Doctor,2021-09-28 03:26:15.498615635,1198948.1559102968
C09688,retail,44,M,Hidalgo,Sales,2023-04-21 10:33:05.555504467,432158.4856910864
C09689,retail,43,M,Veracruz,Retired,2022-03-17 20:23:14.422727268,298651.52305536985
C09690,retail,54,M,Tamaulipas,Accountant,2024-06-17 11:49:40.230515217,731947.0579993848
C09691,SME,55,F,Yucatán,Freelancer,2021-04-06 18:42:38.584560849,245071.32909344646
C09692,retail,41,M,Hidalgo,Business Owner,2023-08-24 16:48:45.033832458,1216566.6168802679
C09693,retail,45,F,Quintana Roo,Business Owner,2022-10-12 11:54:05.798440550,1641889.3583019844
C09694,retail,45,M,Chiapas,Business Owner,2020-08-22 10:41:22.435923538,4959729.843215171
C09695,retail,18,M,Guerrero,Student,2020-10-10 10:58:23.048975099,277018.600514035
C09696,retail,22,M,Durango,Student,2020-02-22 08:32:34.397271866,245011.54212221477
C09697,retail,34,F,Nuevo León,Student,2024-10-17 06:47:35.642438482,207908.07867315304
C09698,retail,35,F,Morelos,Teacher,2024-11-02 12:47:51.407024536,507568.474459811
C09699,retail,27,M,Aguascalientes,Consultant,2021-02-15 23:55:33.820453412,1473496.2781141936
C09700,retail,50,F,Querétaro,Engineer,2024-12-27 21:14:06.312740473,503194.7464796985
C09701,retail,42,M,México,Freelancer,2024-02-21 16:26:39.074750952,1187894.5919752163
C09702,retail,39,F,Michoacán,Government Employee,2020-10-06 19:19:50.153990216,738747.3271506599
C09703,retail,26,M,Oaxaca,Sales,2020-12-22 10:01:31.146537779,892361.1967156057
C09704,retail,41,F,Quintana Roo,Teacher,2022-05-23 11:04:47.610622781,487626.78630504606
C09705,retail,18,F,Durango,Student,2021-04-13 16:52:11.957342787,254821.50557482353
C09706,retail,40,F,Durango,Engineer,2023-07-25 06:03:42.059416791,823022.9810136496
C09707,retail,42,M,Sonora,Business Owner,2025-01-28 12:25:39.341337009,740779.6734258713
C09708,retail,44,M,Morelos,Engineer,2021-10-14 07:53:48.011325211,1094925.0511584259
C09709,retail,23,F,Tlaxcala,Freelancer,2021-05-06 13:11:05.678964920,649002.0595040037
C09710,retail,44,F,Querétaro,Freelancer,2025-03-25 17:07:53.258863878,670936.6628629682
C09711,retail,29,F,Quintana Roo,Student,2023-09-22 02:46:18.054938779,223196.05668649063
C09712,retail,32,M,Zacatecas,Freelancer,2022-02-03 11:34:43.432793567,632656.9001954785
C09713,retail,50,M,Morelos,Accountant,2023-04-12 15:23:44.466549367,907886.2271952416
C09714,retail,66,F,Baja California,Retired,2021-05-03 09:58:21.145321792,565281.7172361059
C09715,retail,42,M,Ciudad de México,Doctor,2021-06-26 05:31:31.742242117,1365866.0773524805
C09716,retail,32,M,Sinaloa,Teacher,2025-11-03 19:19:58.394982290,689867.8023375991
C09717,retail,44,F,Querétaro,Sales,2025-05-27 00:32:27.802226777,504257.79230515624
C09718,retail,53,M,Tabasco,Lawyer,2021-10-11 09:30:03.528933961,1006751.760394546
C09719,retail,49,M,Campeche,Government Employee,2020-10-14 13:47:58.899974944,645468.0388687695
C09720,retail,74,M,Coahuila,Retired,2023-05-15 16:30:07.226441185,319475.45750449656
C09721,retail,33,F,Chiapas,Lawyer,2022-08-23 13:37:31.334862704,1509636.292463962
C09722,retail,45,M,Yucatán,Sales,2020-08-17 21:53:00.446128485,627740.2324484605
C09723,retail,60,F,Nuevo León,Teacher,2021-09-24 09:57:12.471419479,384536.5018755094
C09724,retail,59,M,Campeche,Teacher,2025-09-18 14:16:27.909212001,645614.8848373025
C09725,retail,18,M,Nayarit,Student,2023-01-21 22:17:34.564323982,254288.12114928177
C09726,SME,41,F,Veracruz,Government Employee,2023-07-09 05:03:59.286207329,323827.5582670928
C09727,retail,59,F,Querétaro,Lawyer,2023-12-13 13:18:05.495043189,835820.4629759936
C09728,retail,76,M,Baja California Sur,Retired,2022-06-16 01:00:39.882518663,650992.9603301586
C09729,retail,50,M,Quintana Roo,Teacher,2020-07-17 07:45:12.598362406,452418.6036102164
C09730,retail,37,M,Campeche,Business Owner,2022-04-01 19:10:15.985938928,4932712.802980182
C09731,retail,29,F,Jalisco,Consultant,2020-10-30 03:46:43.392240633,1294628.9601936955
C09732,retail,68,M,San Luis Potosí,Retired,2022-02-13 03:19:26.099879802,343562.0240302607
C09733,retail,50,F,Zacatecas,Retired,2020-09-07 06:17:31.722687079,517253.14583000925
C09734,retail,31,F,Tabasco,Sales,2025-10-12 01:40:23.501746615,316528.2123848281
C09735,retail,39,F,Jalisco,Teacher,2022-03-25 18:12:37.881709214,623006.6945147433
C09736,retail,45,F,Morelos,Sales,2024-01-18 09:58:03.550956358,658096.7637560437
C09737,retail,48,F,Ciudad de México,Student,2022-09-11 07:36:41.731001214,295674.55832201394
C09738,retail,31,M,Nuevo León,Government Employee,2024-08-03 18:25:36.566932284,783076.1435925383
C09739,retail,34,M,Yucatán,Engineer,2023-03-22 22:17:11.119833711,534405.2981161992
C09740,retail,22,M,Baja California Sur,Student,2022-01-13 20:28:58.203453242,237171.86529246863
C09741,retail,54,F,México,Sales,2022-05-20 10:40:23.536372226,595352.1888633352
C09742,retail,37,F,Puebla,Freelancer,2023-04-19 07:30:14.130336131,1116776.88258804
C09743,retail,47,M,Sonora,Consultant,2022-09-18 04:32:58.667901912,1148700.6198017458
C09744,retail,59,F,Zacatecas,Engineer,2024-08-20 01:06:07.220139018,915460.0944492545
C09745,retail,44,F,Aguascalientes,Sales,2025-06-22 12:25:41.026209486,370871.6540048467
C09746,retail,40,M,Veracruz,Government Employee,2025-06-02 04:43:49.936912568,471238.5431814699
C09747,retail,44,M,Nuevo León,Lawyer,2021-11-20 11:49:58.242759511,1258304.6660088217
C09748,retail,42,M,Campeche,Doctor,2023-04-02 21:54:36.331361507,1287889.8916223128
C09749,retail,56,F,Jalisco,Doctor,2020-07-19 06:39:13.866145893,1104822.9261053947
C09750,SME,45,M,Nayarit,Lawyer,2025-12-30 08:28:41.752334593,1119202.7103271557
C09751,retail,35,M,Guerrero,Doctor,2022-11-10 03:10:39.253708274,979196.2569221242
C09752,retail,54,F,Chihuahua,Retired,2021-04-26 06:11:17.764170611,564159.5426604811
C09753,retail,56,F,Durango,Lawyer,2021-05-02 04:40:08.067174207,606567.4563258216
C09754,retail,25,F,Campeche,Engineer,2025-02-19 20:50:07.637811314,858938.5609843193
C09755,retail,60,F,Michoacán,Lawyer,2024-08-12 09:05:53.066039000,604277.7096027377
C09756,retail,46,M,Aguascalientes,Engineer,2020-11-28 22:43:23.485521761,915428.1303457468
C09757,retail,45,F,Baja California Sur,Government Employee,2023-07-01 13:38:06.590128519,321634.5750204289
C09758,corporate,54,F,Coahuila,Government Employee,2025-04-25 04:48:06.591316833,958047.8959954269
C09759,retail,35,F,Veracruz,Doctor,2024-03-19 06:27:02.121016996,1134568.1115085895
C09760,retail,53,M,Baja California Sur,Lawyer,2021-11-22 01:42:12.584503767,1420827.9616772905
C09761,SME,37,M,Tlaxcala,Lawyer,2021-01-26 21:16:49.844347497,1624319.0230765874
C09762,retail,24,M,Querétaro,Retired,2025-07-03 06:21:41.445375883,355940.18678721145
C09763,SME,30,F,Tabasco,Sales,2025-08-04 16:40:37.080363878,601035.5764414333
C09764,SME,48,M,México,Doctor,2025-01-05 06:14:30.106086812,1404415.5724182096
C09765,retail,30,F,Chihuahua,Business Owner,2024-09-16 04:30:19.419463907,3012427.052213302
C09766,retail,61,F,Michoacán,Consultant,2025-03-31 11:48:12.610536398,1089159.1370793935
C09767,retail,56,M,Morelos,Lawyer,2021-11-11 03:29:27.859689568,1042644.1380062411
C09768,retail,58,F,Baja California,Business Owner,2024-08-15 02:52:00.422105350,2351666.3325050347
C09769,corporate,43,M,Durango,Teacher,2020-11-07 18:46:32.842940638,546173.1307650844
C09770,retail,45,F,Guanajuato,Business Owner,2023-12-07 23:25:11.813276132,896342.9713878178
C09771,retail,27,M,Tamaulipas,Student,2023-12-08 05:07:42.378858761,229846.36033273922
C09772,retail,53,M,Tabasco,Freelancer,2020-04-05 02:45:41.826888661,760589.6893359497
C09773,retail,46,M,Chihuahua,Business Owner,2021-05-29 23:53:06.426620468,4081438.1723455037
C09774,retail,48,F,Nayarit,Sales,2022-01-01 02:13:41.700747346,594496.4646389207
C09775,retail,62,F,México,Lawyer,2025-01-21 08:00:12.734984644,1711408.208310119
C09776,retail,34,M,Michoacán,Retired,2023-01-26 21:06:45.369746505,449698.29033966764
C09777,retail,40,M,Veracruz,Engineer,2022-12-27 15:41:10.620956311,955556.556603597
C09778,corporate,45,F,Hidalgo,Accountant,2020-07-14 10:38:00.849040779,412306.7965370464
C09779,retail,30,M,Michoacán,Consultant,2023-08-18 17:40:57.920782795,857672.3395338331
C09780,retail,39,F,Baja California,Engineer,2025-01-29 16:42:29.834315488,1070820.9579363596
C09781,retail,47,F,Oaxaca,Consultant,2021-10-11 09:29:37.139513509,1379323.1689477065
C09782,retail,38,F,Guerrero,Government Employee,2020-05-23 21:05:19.370668498,962322.0888944877
C09783,retail,57,F,Tlaxcala,Consultant,2022-09-06 23:22:06.669057312,1629315.408850868
C09784,SME,23,M,Jalisco,Engineer,2020-05-07 09:54:29.130145399,814765.1504390605
C09785,retail,55,M,Colima,Sales,2024-02-02 02:47:49.644470957,756163.1029621976
C09786,retail,49,M,Chihuahua,Sales,2025-08-10 20:25:37.363845505,554061.8758423892
C09787,retail,35,M,Jalisco,Consultant,2025-08-26 19:29:31.470139429,995253.6373012643
C09788,retail,30,F,San Luis Potosí,Business Owner,2022-01-07 19:12:54.645251289,902513.1566228194
C09789,retail,18,M,México,Student,2020-02-23 12:16:32.869534762,283875.6692817486
C09790,retail,32,F,Oaxaca,Retired,2022-06-26 09:48:02.400660061,438524.200091986
C09791,retail,54,F,Tabasco,Sales,2021-11-06 15:44:20.606451909,695361.3704361587
C09792,retail,41,M,Baja California Sur,Teacher,2024-09-18 05:39:35.814494458,361223.9471785454
C09793,retail,55,M,Coahuila,Lawyer,2025-03-01 17:32:39.897288383,1594755.6573044583
C09794,retail,34,M,Yucatán,Retired,2023-01-09 12:33:43.217292095,620891.0249178566
C09795,retail,50,M,Michoacán,Teacher,2025-02-27 14:23:30.182948388,492859.52064751345
C09796,retail,33,M,Quintana Roo,Business Owner,2024-11-03 14:09:32.425078768,3590222.9170077606
C09797,SME,30,M,Baja California,Lawyer,2021-11-06 03:55:35.508616425,1225745.1317132167
C09798,retail,40,F,Zacatecas,Government Employee,2022-02-15 03:22:52.350461089,686586.7327143
C09799,retail,34,F,Morelos,Consultant,2024-10-22 05:02:45.788799695,1833203.2395846974
C09800,SME,23,M,Guanajuato,Sales,2022-08-09 23:28:59.067175108,878496.1922871263
C09801,retail,39,M,San Luis Potosí,Engineer,2020-05-24 04:59:00.726230245,757249.6276712761
C09802,retail,43,F,Baja California Sur,Consultant,2022-09-09 08:18:40.798949140,997600.021098777
C09803,retail,57,M,Querétaro,Student,2025-04-04 01:43:55.513730646,216457.1961369768
C09804,retail,53,M,Quintana Roo,Sales,2021-11-20 09:22:13.371509273,750993.9867347525
C09805,retail,56,F,Colima,Consultant,2023-09-03 19:58:22.351766817,1584346.9123433754
C09806,retail,50,F,Querétaro,Business Owner,2020-10-24 09:33:40.007559851,888340.3708118881
C09807,retail,45,F,Quintana Roo,Sales,2020-10-22 11:31:25.992457643,307486.667399632
C09808,retail,27,M,Puebla,Business Owner,2022-09-06 17:35:56.725906638,3478681.717522725
C09809,corporate,43,F,Nuevo León,Accountant,2023-07-26 08:44:05.928582241,592471.3119153744
C09810,retail,49,M,Yucatán,Doctor,2020-07-22 13:31:45.723265236,864106.3128257812
C09811,retail,59,F,Nayarit,Sales,2021-07-21 23:24:39.362574992,518881.8263353909
C09812,retail,50,M,Coahuila,Government Employee,2022-04-29 19:37:18.979401975,914238.857966573
C09813,retail,56,M,Michoacán,Retired,2023-08-12 01:58:01.807596369,414840.6688928461
C09814,retail,29,F,San Luis Potosí,Sales,2021-08-17 10:11:28.223138556,702160.2208392383
C09815,SME,38,F,Jalisco,Retired,2020-04-01 09:56:06.071663947,655259.5918841285
C09816,retail,47,F,Colima,Teacher,2022-01-29 15:02:54.447258659,367725.4018506422
C09817,retail,55,M,Hidalgo,Consultant,2021-06-29 10:47:07.762354359,1414553.2074646119
C09818,retail,40,M,Baja California Sur,Engineer,2022-03-16 02:09:48.755421216,1135362.377113753
C09819,retail,41,F,Baja California,Lawyer,2025-10-27 21:02:54.166803979,832095.90668003
C09820,retail,50,F,Zacatecas,Accountant,2024-05-16 04:55:54.909500901,1092099.8183644745
C09821,retail,28,M,Hidalgo,Government Employee,2023-08-24 01:11:16.820468560,555558.8359763691
C09822,retail,61,M,Sinaloa,Business Owner,2025-03-02 19:45:14.571171666,1635361.2014047678
C09823,retail,31,F,Querétaro,Student,2022-12-11 02:35:23.906095219,280539.1719974471
C09824,retail,18,F,Sonora,Student,2021-06-20 22:25:28.302166249,236149.5461475429
C09825,retail,42,F,Zacatecas,Engineer,2025-02-06 05:42:24.871350052,969475.396296704
C09826,retail,62,M,Baja California Sur,Sales,2023-01-20 07:45:07.498827797,568245.178756323
C09827,retail,49,F,Puebla,Engineer,2025-12-12 02:08:44.602007547,950470.1020841771
C09828,retail,51,F,Aguascalientes,Student,2021-06-14 08:01:27.796824760,184244.29316844305
C09829,retail,42,M,Baja California,Freelancer,2025-07-18 09:59:59.584793414,550180.5767127116
C09830,retail,40,F,Sinaloa,Engineer,2025-11-18 05:32:45.190528182,960118.958823288
C09831,retail,23,M,Durango,Lawyer,2025-08-09 03:33:51.050121768,1020937.049234947
C09832,retail,18,M,Guanajuato,Student,2024-10-20 17:09:09.240812617,273091.33016593533
C09833,retail,44,F,Sonora,Teacher,2021-02-17 22:39:43.264702994,684354.7644571746
C09834,corporate,57,F,Baja California Sur,Student,2023-02-09 05:35:56.360815279,184489.41115411423
C09835,retail,46,F,San Luis Potosí,Sales,2020-09-21 15:31:46.834691693,805957.6562274358
C09836,retail,49,M,Sonora,Freelancer,2020-09-01 04:31:36.195172475,369064.18656078156
C09837,retail,61,M,Colima,Lawyer,2023-01-20 09:04:55.108721033,1700805.4303945678
C09838,retail,45,F,México,Doctor,2020-01-01 02:28:00.995132411,1462755.8690616626
C09839,retail,40,M,Chiapas,Sales,2025-10-24 03:56:36.104423536,619967.3121807843
C09840,retail,32,F,Colima,Sales,2021-03-04 01:28:53.612136804,561358.3579793947
C09841,retail,66,M,Nayarit,Retired,2023-07-30 08:56:57.307307157,591325.7113889921
C09842,corporate,48,F,Nayarit,Doctor,2020-10-20 00:59:02.600131331,1442615.9763242563
C09843,retail,30,F,Guerrero,Consultant,2025-01-13 17:25:54.009217436,848669.3405395565
C09844,retail,27,M,Campeche,Government Employee,2021-11-04 16:41:34.014765113,567709.3917039096
C09845,retail,57,F,Colima,Retired,2022-07-06 20:10:06.691941915,437891.61524319113
C09846,retail,29,M,Baja California,Sales,2024-12-01 01:49:05.825185371,799784.6565108151
C09847,retail,64,M,Oaxaca,Accountant,2022-05-15 06:27:01.860063573,495842.05162002554
C09848,retail,18,M,San Luis Potosí,Student,2025-09-01 11:12:08.708326833,254765.9249149256
C09849,retail,59,F,Baja California Sur,Business Owner,2025-07-14 01:39:42.382967164,2209047.9561539833
C09850,retail,47,M,Colima,Engineer,2020-03-25 05:29:06.067144542,1119860.7732621543
C09851,retail,43,F,Guerrero,Business Owner,2023-04-05 02:44:53.948361351,2161101.117136075
C09852,SME,39,M,Baja California,Engineer,2022-09-11 02:00:18.396424810,1184563.3773250226
C09853,retail,64,M,Veracruz,Retired,2023-03-04 16:01:48.229290695,257034.46468836255
C09854,retail,50,F,Morelos,Sales,2025-12-25 23:30:00.921607975,405710.0943064648
C09855,retail,31,F,Jalisco,Business Owner,2025-05-12 03:10:21.845320238,2666480.384267521
C09856,retail,21,F,Jalisco,Student,2025-01-05 18:07:43.654241274,210759.20628268662
C09857,retail,44,F,Veracruz,Engineer,2023-06-14 13:31:41.168437496,1016176.1951917892
C09858,retail,41,F,Chihuahua,Teacher,2020-03-05 22:49:15.047195110,625821.402179104
C09859,retail,23,M,Colima,Government Employee,2021-02-21 06:17:10.656917188,788256.2936875671
C09860,retail,41,M,Sinaloa,Doctor,2024-05-23 01:25:17.345760000,1479279.9087147415
C09861,retail,35,F,Durango,Student,2023-05-09 13:57:33.091266583,234725.0162223247
C09862,retail,42,F,San Luis Potosí,Retired,2024-08-18 01:37:13.607458920,690897.3876893817
C09863,SME,50,F,Nayarit,Consultant,2021-04-11 11:21:31.680787676,686916.0702854791
C09864,retail,59,F,Aguascalientes,Student,2024-02-29 20:54:32.550465063,281514.2044550166
C09865,retail,52,M,Coahuila,Freelancer,2023-08-08 15:24:38.523663467,238441.3272990785
C09866,retail,33,M,Coahuila,Sales,2023-05-25 18:24:23.358654528,595746.3000950012
C09867,retail,46,F,Hidalgo,Teacher,2021-03-07 19:35:51.579569197,493789.1296224374
C09868,retail,42,M,Michoacán,Teacher,2025-02-28 18:13:39.637833579,642520.7029925261
C09869,SME,26,M,Guerrero,Freelancer,2020-11-08 05:06:03.605494209,900733.140961421
C09870,retail,46,M,Tlaxcala,Government Employee,2020-02-04 12:11:17.451951063,608740.00522918
C09871,retail,64,M,Nuevo León,Business Owner,2024-02-10 00:33:22.255553461,4551388.577934764
C09872,retail,42,F,Chihuahua,Retired,2022-09-24 22:19:26.928050098,648642.1145907317
C09873,retail,22,M,Coahuila,Student,2020-09-12 08:41:26.625869107,182967.84473120476
C09874,retail,42,F,Veracruz,Engineer,2021-08-14 05:47:16.133634452,1109713.8764749328
C09875,retail,27,F,Sinaloa,Retired,2023-06-12 17:51:48.046696072,486963.93707816413
C09876,retail,52,M,Morelos,Business Owner,2022-12-09 15:45:05.174925718,4307532.4194180835
C09877,retail,48,M,Tlaxcala,Doctor,2025-01-31 01:02:28.589572649,926926.6985559175
C09878,retail,39,M,Nuevo León,Teacher,2025-08-23 19:50:17.662506900,360438.35884722014
C09879,retail,38,F,Chiapas,Doctor,2024-01-07 12:42:03.843855403,1305542.9241952118
C09880,retail,39,M,Baja California Sur,Teacher,2025-06-26 12:35:27.770026973,410143.3534337329
C09881,retail,42,M,San Luis Potosí,Consultant,2023-12-08 02:48:08.726781506,1338261.3860984491
C09882,retail,32,M,Sonora,Government Employee,2024-12-21 12:51:25.459533622,782171.5659716428
C09883,retail,25,F,Querétaro,Teacher,2024-02-15 13:45:38.631666723,544163.6139966898
C09884,SME,55,F,Nayarit,Lawyer,2024-12-29 04:39:17.890735397,1438759.267058391
C09885,retail,37,F,Morelos,Sales,2023-01-10 11:20:04.654990486,653232.8541610655
C09886,retail,44,F,Sonora,Doctor,2022-05-27 15:08:20.901758733,1065390.0009433634
C09887,retail,45,M,Puebla,Retired,2022-09-06 18:00:02.600498550,290722.57754713617
C09888,retail,45,F,Guanajuato,Accountant,2023-08-10 03:30:50.888912295,998742.4589147697
C09889,retail,27,M,Sinaloa,Accountant,2021-05-12 04:52:32.086855149,992206.5999298996
C09890,retail,21,F,Sonora,Student,2022-06-07 15:39:12.133790837,180681.49318327903
C09891,retail,34,F,Ciudad de México,Retired,2025-07-11 04:49:34.346816467,628390.3147945057
C09892,retail,46,M,Morelos,Engineer,2022-11-08 00:16:06.551761936,605692.3152410861
C09893,retail,33,M,Nuevo León,Retired,2024-11-11 17:19:42.957368174,399788.50424137455
C09894,retail,37,F,Hidalgo,Teacher,2025-11-10 23:58:06.129806160,465339.8700299018
C09895,retail,67,M,Chihuahua,Retired,2020-09-04 11:18:44.951235624,555834.5616260411
C09896,retail,19,M,Puebla,Student,2024-12-18 22:00:43.325433430,191089.95064825148
C09897,retail,32,F,Campeche,Accountant,2024-05-28 01:51:00.797743658,978652.7390950122
C09898,retail,64,F,Tlaxcala,Government Employee,2025-07-29 23:21:56.028890775,959924.3931486894
C09899,retail,41,F,Zacatecas,Freelancer,2020-05-22 16:52:09.522619001,1152696.8213272085
C09900,retail,33,F,Nayarit,Lawyer,2021-04-13 18:23:28.754463223,710205.693660743
C09901,retail,56,M,Zacatecas,Accountant,2023-09-11 20:05:36.797912274,1043567.0968794267
C09902,retail,42,M,Guerrero,Government Employee,2024-12-15 14:16:41.944522970,697480.7957579524
C09903,retail,37,F,Tamaulipas,Accountant,2023-03-17 15:47:48.468478338,908850.7207369101
C09904,retail,44,F,Tamaulipas,Freelancer,2022-05-31 19:50:37.098945182,1130597.637095952
C09905,SME,34,M,Campeche,Accountant,2024-09-02 02:56:47.988919596,862697.4806094565
C09906,retail,29,M,Chiapas,Government Employee,2025-02-17 04:46:48.246345787,619718.068714955
C09907,retail,40,M,Yucatán,Government Employee,2025-02-11 09:38:00.024452861,667578.8084705677
C09908,retail,29,F,Guerrero,Government Employee,2024-06-08 09:45:26.877916943,779153.119830882
C09909,retail,42,M,Nayarit,Accountant,2020-07-04 03:42:39.437642665,1061290.1755780075
C09910,retail,46,F,Sonora,Consultant,2020-11-28 10:58:17.964663127,1834713.9369023119
C09911,retail,52,F,Morelos,Teacher,2022-07-24 21:52:09.215951067,530827.479193652
C09912,SME,55,F,Quintana Roo,Consultant,2025-03-25 03:32:50.652928427,816515.6146271687
C09913,retail,37,F,Quintana Roo,Engineer,2024-07-22 17:18:17.773732681,742710.7340083627
C09914,retail,47,M,San Luis Potosí,Government Employee,2021-06-30 17:25:03.342130890,553265.6105894477
C09915,retail,47,M,Durango,Consultant,2024-07-22 09:11:48.207942134,933761.3401520222
C09916,SME,45,F,Chihuahua,Student,2024-10-04 18:52:23.155701669,269610.21683778334
C09917,retail,36,M,Morelos,Doctor,2022-07-09 03:50:36.512115721,1385192.1571272023
C09918,retail,29,M,Colima,Freelancer,2020-05-09 16:12:08.699138861,519831.21400738764
C09919,retail,48,F,Baja California,Business Owner,2025-04-29 20:34:36.776698116,4338342.58828344
C09920,retail,21,M,Guerrero,Student,2023-06-22 21:08:08.863020802,268133.223382967
C09921,retail,38,F,Baja California Sur,Consultant,2024-07-21 18:17:42.003166563,1161675.1605682862
C09922,retail,18,M,San Luis Potosí,Student,2021-05-03 18:57:20.248777702,263840.2622523365
C09923,retail,25,M,Oaxaca,Sales,2024-06-14 06:29:26.431418967,750070.671673093
C09924,retail,31,M,Puebla,Sales,2023-01-20 18:06:56.135867684,614670.778806509
C09925,retail,55,F,Sinaloa,Consultant,2022-08-06 08:38:07.436454095,1164670.5270280982
C09926,retail,50,F,Tabasco,Doctor,2021-06-25 21:40:02.857809374,871200.2145598105
C09927,retail,35,M,Quintana Roo,Retired,2022-05-22 23:43:56.940281770,250616.35337343774
C09928,corporate,50,M,Zacatecas,Doctor,2024-02-10 07:24:16.815503528,1456076.8546591597
C09929,retail,52,F,Sonora,Accountant,2024-10-11 05:35:54.825270139,587239.6128628285
C09930,retail,40,M,Tamaulipas,Sales,2023-10-09 00:00:45.929226839,680940.2763632853
C09931,retail,25,M,Coahuila,Engineer,2023-12-18 06:38:32.724933273,1160353.7543120703
C09932,retail,39,M,Aguascalientes,Consultant,2025-04-16 09:48:28.247887978,1727437.735859901
C09933,retail,40,F,Morelos,Retired,2020-07-24 10:27:35.748496737,305162.3844950227
C09934,retail,27,M,Yucatán,Business Owner,2023-07-13 20:47:37.166318026,4148224.3388274177
C09935,retail,46,M,Colima,Consultant,2024-03-04 01:21:23.763260120,1589590.3748571167
C09936,retail,45,F,Durango,Freelancer,2025-12-27 05:15:00.402564419,529397.4320843344
C09937,retail,47,M,Morelos,Engineer,2022-03-03 04:28:17.326381790,982721.9484472689
C09938,retail,45,F,Michoacán,Sales,2025-10-02 07:14:33.350619412,786827.5225596249
C09939,retail,50,F,Durango,Business Owner,2020-08-05 02:12:25.759642195,1953114.4995617243
C09940,retail,39,M,México,Accountant,2023-12-01 09:45:01.045726579,1008321.3613058333
C09941,SME,44,M,Michoacán,Accountant,2022-03-12 02:57:07.749088510,455170.147659237
C09942,retail,37,F,Nayarit,Business Owner,2020-12-02 07:11:32.403711262,2968054.680648853
C09943,retail,34,M,Campeche,Doctor,2022-04-10 12:30:07.557095594,963253.992742041
C09944,retail,58,M,Sinaloa,Doctor,2025-06-15 21:35:15.453500977,1309608.0741850482
C09945,retail,18,F,Coahuila,Student,2022-08-08 05:57:05.453447208,200984.09383738777
C09946,retail,52,F,Tlaxcala,Student,2024-03-08 20:03:28.477260491,220974.79615443866
C09947,retail,34,M,Tlaxcala,Teacher,2023-09-20 07:11:17.595950284,350954.43010364263
C09948,retail,32,M,Guerrero,Doctor,2020-05-29 20:13:06.137299582,1368341.129183596
C09949,retail,45,M,Quintana Roo,Business Owner,2021-03-16 22:16:01.543779696,1268781.7034371367
C09950,retail,24,F,Guerrero,Government Employee,2020-10-24 20:58:49.593192908,806206.8473430194
C09951,retail,32,F,Sonora,Government Employee,2025-05-11 08:52:12.587227092,795061.8598002817
C09952,retail,31,F,Quintana Roo,Consultant,2024-03-04 20:41:06.900981500,713552.7231107848
C09953,retail,39,F,Puebla,Student,2023-08-15 05:55:46.281801038,247926.69521328373
C09954,retail,32,F,Aguascalientes,Retired,2024-11-21 16:09:16.294837595,473596.19011994475
C09955,retail,61,M,Puebla,Student,2025-01-01 14:23:35.370534277,251341.14278246605
C09956,retail,63,M,San Luis Potosí,Business Owner,2023-08-23 23:50:01.553362549,4730079.757035848
C09957,retail,18,F,Tamaulipas,Student,2022-10-20 15:43:05.958270213,189664.52322926465
C09958,retail,48,M,Guerrero,Engineer,2023-04-21 19:40:04.754163213,1074353.431764373
C09959,retail,52,M,Quintana Roo,Engineer,2022-03-12 19:50:42.681788282,1103476.0854706536
C09960,retail,48,M,Yucatán,Consultant,2024-12-02 09:51:52.272471226,689411.2617679298
C09961,retail,34,F,Coahuila,Student,2020-04-01 21:42:56.728083754,258733.3927092391
C09962,retail,39,M,México,Business Owner,2022-02-18 03:36:25.819571124,3719130.2380464585
C09963,retail,33,M,Baja California,Teacher,2023-08-17 16:12:57.936223428,519467.0616735628
C09964,retail,36,F,Aguascalientes,Retired,2021-04-11 21:19:38.130356783,476318.98416150745
C09965,retail,27,M,Campeche,Government Employee,2024-10-04 10:47:30.044728568,522473.21610609815
C09966,retail,40,F,Colima,Business Owner,2021-08-06 03:50:14.655454670,3663051.5100120623
C09967,retail,23,M,Veracruz,Retired,2025-05-26 16:29:30.425657672,378496.28167169075
C09968,retail,39,F,Morelos,Consultant,2025-02-26 17:18:03.740398360,1190035.240578843
C09969,retail,27,M,Tlaxcala,Engineer,2022-10-21 00:41:22.506360397,1100159.2744910894
C09970,retail,44,F,Nayarit,Consultant,2020-01-19 01:21:39.615232766,634310.1091993991
C09971,retail,33,F,Quintana Roo,Doctor,2020-10-04 00:21:21.423269376,1169859.7082485012
C09972,SME,45,F,Chiapas,Government Employee,2023-11-18 22:37:40.085224606,640252.3284387605
C09973,SME,54,F,Yucatán,Teacher,2021-08-19 12:31:51.788459589,451392.93771617895
C09974,retail,61,M,Chihuahua,Sales,2022-08-13 02:00:13.297969244,638394.8978745819
C09975,retail,18,F,Guerrero,Student,2023-08-01 13:32:15.140012103,181875.19583127648
C09976,retail,31,F,San Luis Potosí,Lawyer,2022-09-20 16:02:35.990926938,1190963.98240981
C09977,retail,38,F,Tamaulipas,Teacher,2023-08-07 10:55:26.750112141,494276.7018632442
C09978,retail,47,F,Michoacán,Teacher,2024-10-03 18:14:45.482740332,506445.43276921473
C09979,SME,22,M,Ciudad de México,Student,2022-06-19 22:50:38.640433356,205493.04319831257
C09980,retail,30,F,México,Retired,2024-02-24 14:51:03.755544011,343418.63285342447
C09981,retail,43,M,Colima,Sales,2024-03-08 17:47:48.738769164,670682.3100731125
C09982,retail,43,F,Guerrero,Lawyer,2021-09-10 08:29:16.156255031,711273.0997954746
C09983,retail,46,M,Zacatecas,Freelancer,2023-12-11 10:35:34.773616646,505921.8284992784
C09984,SME,47,M,Jalisco,Retired,2024-05-02 21:15:44.068992127,623867.997756941
C09985,retail,46,F,Morelos,Teacher,2021-07-26 22:06:12.095539639,341505.6120890568
C09986,retail,44,F,Jalisco,Sales,2022-01-27 13:59:43.240416831,554243.3611452295
C09987,retail,42,F,Tabasco,Business Owner,2024-01-23 01:54:43.157341712,3575112.884147228
C09988,retail,49,F,Oaxaca,Doctor,2025-09-04 09:33:45.685539604,899151.1943777412
C09989,retail,18,F,Chiapas,Student,2022-06-11 02:38:18.793032156,217495.85614844342
C09990,retail,60,F,Hidalgo,Business Owner,2024-10-06 14:32:29.840875630,3102652.136188558
C09991,retail,18,M,Sinaloa,Student,2023-01-27 15:48:37.997912670,219267.66981546406
C09992,retail,29,F,Chihuahua,Accountant,2022-10-05 18:04:43.065648453,476956.55448022246
C09993,retail,39,F,Jalisco,Consultant,2025-07-29 13:28:55.814886163,848609.7755434606
C09994,retail,50,F,Chihuahua,Teacher,2025-10-17 00:21:21.164330269,343766.24742134364
C09995,retail,18,F,Veracruz,Student,2024-07-19 01:06:49.537824542,298027.6691212093
C09996,retail,41,F,Baja California Sur,Retired,2022-04-14 15:25:11.951588737,356042.1073644839
C09997,retail,51,M,Michoacán,Consultant,2020-09-14 20:41:43.808677557,1295831.486499541
C09998,SME,53,F,Guerrero,Consultant,2024-02-25 22:40:43.985249893,1142783.2934745
C09999,retail,33,M,Jalisco,Teacher,2022-01-03 22:21:20.533833540,527806.0080799945
C10000,retail,38,F,Baja California,Government Employee,2025-02-10 21:28:40.944780465,648664.2764818732
